line_id,order_id,order_date,month,customer_id,region,segment,channel,product,category,quantity,discount_pct,returned,gross_sales_cents,discount_cents,cogs_cents,net_revenue_cents,profit_cents
1,1,2025-11-05,2025-11,22,West,Consumer,Store,Storage box,Office Supplies,1,0,0,2600,0,1200,2600,1400
2,1,2025-11-05,2025-11,22,West,Consumer,Store,Notebook pack,Office Supplies,2,0,0,3600,0,1400,3600,2200
3,1,2025-11-05,2025-11,22,West,Consumer,Store,Monitor,Technology,1,0,0,24000,0,16000,24000,8000
4,2,2025-09-17,2025-09,197,South,Business,Online,Keyboard,Technology,2,10,0,13000,1300,6400,11700,5300
5,2,2025-09-17,2025-09,197,South,Business,Online,Notebook pack,Office Supplies,2,0,0,3600,0,1400,3600,2200
6,3,2024-01-06,2024-01,193,South,Consumer,Online,Chair,Furniture,5,35,1,85000,29750,0,0,0
7,3,2024-01-06,2024-01,193,South,Consumer,Online,Storage box,Office Supplies,2,0,0,5200,0,2400,5200,2800
8,4,2025-04-20,2025-04,171,East,Consumer,Store,Notebook pack,Office Supplies,4,15,0,7200,1080,2800,6120,3320
9,4,2025-04-20,2025-04,171,East,Consumer,Store,Storage box,Office Supplies,2,10,0,5200,520,2400,4680,2280
10,5,2024-09-10,2024-09,164,West,Business,Store,Keyboard,Technology,4,0,0,26000,0,12800,26000,13200
11,5,2024-09-10,2024-09,164,West,Business,Store,Chair,Furniture,2,10,0,34000,3400,22000,30600,8600
12,5,2024-09-10,2024-09,164,West,Business,Store,Monitor,Technology,5,0,0,120000,0,80000,120000,40000
13,6,2024-08-24,2024-08,99,West,Consumer,Online,Chair,Furniture,4,15,0,68000,10200,44000,57800,13800
14,6,2024-08-24,2024-08,99,West,Consumer,Online,Desk,Furniture,4,0,0,112000,0,76000,112000,36000
15,6,2024-08-24,2024-08,99,West,Consumer,Online,Keyboard,Technology,4,10,0,26000,2600,12800,23400,10600
16,7,2025-08-21,2025-08,179,East,Business,Online,Keyboard,Technology,3,5,0,19500,975,9600,18525,8925
17,7,2025-08-21,2025-08,179,East,Business,Online,Storage box,Office Supplies,4,15,0,10400,1560,4800,8840,4040
18,7,2025-08-21,2025-08,179,East,Business,Online,Desk,Furniture,5,5,0,140000,7000,95000,133000,38000
19,8,2024-10-06,2024-10,112,Central,Consumer,Store,Keyboard,Technology,3,10,0,19500,1950,9600,17550,7950
20,9,2025-04-23,2025-04,33,South,Business,Online,Notebook pack,Office Supplies,1,0,0,1800,0,700,1800,1100
21,9,2025-04-23,2025-04,33,South,Business,Online,Storage box,Office Supplies,2,10,0,5200,520,2400,4680,2280
22,10,2024-09-23,2024-09,98,Central,Business,Store,Keyboard,Technology,3,5,0,19500,975,9600,18525,8925
23,11,2025-01-23,2025-01,72,West,Business,Store,Desk,Furniture,1,0,0,28000,0,19000,28000,9000
24,11,2025-01-23,2025-01,72,West,Business,Store,Keyboard,Technology,3,0,0,19500,0,9600,19500,9900
25,12,2025-10-29,2025-10,11,East,Consumer,Online,Chair,Furniture,1,0,0,17000,0,11000,17000,6000
26,13,2025-04-29,2025-04,172,South,Business,Online,Chair,Furniture,3,0,0,51000,0,33000,51000,18000
27,13,2025-04-29,2025-04,172,South,Business,Online,Keyboard,Technology,1,0,0,6500,0,3200,6500,3300
28,13,2025-04-29,2025-04,172,South,Business,Online,Monitor,Technology,1,15,1,24000,3600,0,0,0
29,14,2024-11-15,2024-11,148,Central,Consumer,Store,Storage box,Office Supplies,1,15,0,2600,390,1200,2210,1010
30,14,2024-11-15,2024-11,148,Central,Consumer,Store,Chair,Furniture,2,0,0,34000,0,22000,34000,12000
31,15,2024-11-04,2024-11,176,East,Consumer,Online,Desk,Furniture,3,0,0,84000,0,57000,84000,27000
32,15,2024-11-04,2024-11,176,East,Consumer,Online,Monitor,Technology,3,0,0,72000,0,48000,72000,24000
33,15,2024-11-04,2024-11,176,East,Consumer,Online,Keyboard,Technology,4,0,0,26000,0,12800,26000,13200
34,16,2025-01-05,2025-01,163,Central,Business,Store,Chair,Furniture,5,10,0,85000,8500,55000,76500,21500
35,16,2025-01-05,2025-01,163,Central,Business,Store,Keyboard,Technology,5,10,0,32500,3250,16000,29250,13250
36,16,2025-01-05,2025-01,163,Central,Business,Store,Storage box,Office Supplies,5,5,0,13000,650,6000,12350,6350
37,17,2024-09-08,2024-09,23,East,Consumer,Store,Chair,Furniture,5,25,0,85000,21250,55000,63750,8750
38,17,2024-09-08,2024-09,23,East,Consumer,Store,Keyboard,Technology,4,5,0,26000,1300,12800,24700,11900
39,18,2024-08-05,2024-08,91,South,Consumer,Store,Monitor,Technology,3,15,1,72000,10800,0,0,0
40,18,2024-08-05,2024-08,91,South,Consumer,Store,Notebook pack,Office Supplies,2,0,0,3600,0,1400,3600,2200
41,19,2025-02-20,2025-02,126,West,Business,Online,Keyboard,Technology,1,0,0,6500,0,3200,6500,3300
42,19,2025-02-20,2025-02,126,West,Business,Online,Storage box,Office Supplies,4,0,0,10400,0,4800,10400,5600
43,19,2025-02-20,2025-02,126,West,Business,Online,Notebook pack,Office Supplies,5,5,0,9000,450,3500,8550,5050
44,20,2025-06-27,2025-06,89,South,Business,Store,Notebook pack,Office Supplies,4,5,0,7200,360,2800,6840,4040
45,20,2025-06-27,2025-06,89,South,Business,Store,Monitor,Technology,2,0,0,48000,0,32000,48000,16000
46,20,2025-06-27,2025-06,89,South,Business,Store,Storage box,Office Supplies,3,0,0,7800,0,3600,7800,4200
47,21,2025-12-07,2025-12,48,East,Consumer,Online,Storage box,Office Supplies,4,5,0,10400,520,4800,9880,5080
48,22,2025-06-21,2025-06,153,West,Business,Store,Chair,Furniture,3,5,0,51000,2550,33000,48450,15450
49,23,2024-11-05,2024-11,4,East,Consumer,Online,Desk,Furniture,5,10,0,140000,14000,95000,126000,31000
50,23,2024-11-05,2024-11,4,East,Consumer,Online,Storage box,Office Supplies,2,10,0,5200,520,2400,4680,2280
51,24,2024-01-13,2024-01,147,Central,Consumer,Store,Keyboard,Technology,3,0,0,19500,0,9600,19500,9900
52,24,2024-01-13,2024-01,147,Central,Consumer,Store,Storage box,Office Supplies,3,10,0,7800,780,3600,7020,3420
53,25,2024-03-07,2024-03,103,West,Business,Store,Notebook pack,Office Supplies,1,0,0,1800,0,700,1800,1100
54,26,2025-07-30,2025-07,78,West,Consumer,Online,Desk,Furniture,5,25,0,140000,35000,95000,105000,10000
55,27,2025-09-25,2025-09,58,West,Consumer,Store,Keyboard,Technology,5,10,0,32500,3250,16000,29250,13250
56,27,2025-09-25,2025-09,58,West,Consumer,Store,Monitor,Technology,5,0,0,120000,0,80000,120000,40000
57,28,2024-04-11,2024-04,196,Central,Consumer,Online,Chair,Furniture,2,5,0,34000,1700,22000,32300,10300
58,28,2024-04-11,2024-04,196,Central,Consumer,Online,Monitor,Technology,1,0,1,24000,0,0,0,0
59,28,2024-04-11,2024-04,196,Central,Consumer,Online,Desk,Furniture,4,35,0,112000,39200,76000,72800,-3200
60,29,2024-08-25,2024-08,74,South,Business,Store,Keyboard,Technology,3,15,0,19500,2925,9600,16575,6975
61,29,2024-08-25,2024-08,74,South,Business,Store,Desk,Furniture,2,25,0,56000,14000,38000,42000,4000
62,29,2024-08-25,2024-08,74,South,Business,Store,Chair,Furniture,2,0,0,34000,0,22000,34000,12000
63,30,2024-05-25,2024-05,19,South,Consumer,Online,Monitor,Technology,5,15,0,120000,18000,80000,102000,22000
64,31,2025-03-25,2025-03,32,West,Business,Store,Monitor,Technology,5,15,0,120000,18000,80000,102000,22000
65,31,2025-03-25,2025-03,32,West,Business,Store,Keyboard,Technology,1,15,1,6500,975,0,0,0
66,31,2025-03-25,2025-03,32,West,Business,Store,Storage box,Office Supplies,4,5,0,10400,520,4800,9880,5080
67,32,2024-01-27,2024-01,24,Central,Consumer,Online,Notebook pack,Office Supplies,3,15,1,5400,810,0,0,0
68,32,2024-01-27,2024-01,24,Central,Consumer,Online,Storage box,Office Supplies,2,10,0,5200,520,2400,4680,2280
69,32,2024-01-27,2024-01,24,Central,Consumer,Online,Desk,Furniture,4,10,0,112000,11200,76000,100800,24800
70,33,2025-08-22,2025-08,112,Central,Consumer,Store,Keyboard,Technology,3,10,0,19500,1950,9600,17550,7950
71,34,2025-11-17,2025-11,27,South,Business,Online,Keyboard,Technology,3,10,0,19500,1950,9600,17550,7950
72,34,2025-11-17,2025-11,27,South,Business,Online,Storage box,Office Supplies,5,0,0,13000,0,6000,13000,7000
73,35,2024-11-18,2024-11,65,West,Consumer,Store,Keyboard,Technology,5,0,0,32500,0,16000,32500,16500
74,36,2025-07-09,2025-07,119,West,Business,Store,Chair,Furniture,5,15,0,85000,12750,55000,72250,17250
75,37,2025-05-25,2025-05,161,West,Business,Store,Chair,Furniture,3,0,0,51000,0,33000,51000,18000
76,38,2025-03-24,2025-03,179,East,Business,Store,Desk,Furniture,5,5,0,140000,7000,95000,133000,38000
77,39,2024-11-14,2024-11,142,West,Business,Online,Keyboard,Technology,1,10,0,6500,650,3200,5850,2650
78,39,2024-11-14,2024-11,142,West,Business,Online,Desk,Furniture,2,35,0,56000,19600,38000,36400,-1600
79,39,2024-11-14,2024-11,142,West,Business,Online,Chair,Furniture,3,10,0,51000,5100,33000,45900,12900
80,40,2025-05-09,2025-05,121,East,Consumer,Online,Notebook pack,Office Supplies,4,0,0,7200,0,2800,7200,4400
81,40,2025-05-09,2025-05,121,East,Consumer,Online,Chair,Furniture,5,0,0,85000,0,55000,85000,30000
82,41,2024-10-09,2024-10,198,South,Business,Store,Notebook pack,Office Supplies,1,5,0,1800,90,700,1710,1010
83,41,2024-10-09,2024-10,198,South,Business,Store,Monitor,Technology,5,15,0,120000,18000,80000,102000,22000
84,42,2025-05-16,2025-05,39,Central,Consumer,Store,Keyboard,Technology,5,15,0,32500,4875,16000,27625,11625
85,42,2025-05-16,2025-05,39,Central,Consumer,Store,Monitor,Technology,3,0,0,72000,0,48000,72000,24000
86,42,2025-05-16,2025-05,39,Central,Consumer,Store,Notebook pack,Office Supplies,2,15,0,3600,540,1400,3060,1660
87,43,2025-02-24,2025-02,12,South,Business,Store,Keyboard,Technology,2,10,0,13000,1300,6400,11700,5300
88,43,2025-02-24,2025-02,12,South,Business,Store,Storage box,Office Supplies,2,15,0,5200,780,2400,4420,2020
89,43,2025-02-24,2025-02,12,South,Business,Store,Notebook pack,Office Supplies,3,0,0,5400,0,2100,5400,3300
90,44,2025-03-26,2025-03,26,South,Business,Store,Storage box,Office Supplies,2,10,0,5200,520,2400,4680,2280
91,45,2024-06-07,2024-06,20,South,Consumer,Store,Monitor,Technology,4,0,0,96000,0,64000,96000,32000
92,45,2024-06-07,2024-06,20,South,Consumer,Store,Notebook pack,Office Supplies,5,10,0,9000,900,3500,8100,4600
93,46,2025-10-03,2025-10,184,South,Consumer,Store,Desk,Furniture,2,10,0,56000,5600,38000,50400,12400
94,46,2025-10-03,2025-10,184,South,Consumer,Store,Notebook pack,Office Supplies,1,10,0,1800,180,700,1620,920
95,46,2025-10-03,2025-10,184,South,Consumer,Store,Storage box,Office Supplies,1,10,0,2600,260,1200,2340,1140
96,47,2024-11-02,2024-11,8,East,Consumer,Online,Desk,Furniture,3,15,0,84000,12600,57000,71400,14400
97,47,2024-11-02,2024-11,8,East,Consumer,Online,Monitor,Technology,2,15,0,48000,7200,32000,40800,8800
98,48,2025-11-29,2025-11,47,East,Consumer,Online,Desk,Furniture,5,25,0,140000,35000,95000,105000,10000
99,49,2024-09-03,2024-09,128,East,Consumer,Online,Keyboard,Technology,3,10,0,19500,1950,9600,17550,7950
100,50,2024-01-10,2024-01,120,East,Consumer,Store,Notebook pack,Office Supplies,4,5,0,7200,360,2800,6840,4040
101,50,2024-01-10,2024-01,120,East,Consumer,Store,Chair,Furniture,3,25,0,51000,12750,33000,38250,5250
102,50,2024-01-10,2024-01,120,East,Consumer,Store,Desk,Furniture,4,10,0,112000,11200,76000,100800,24800
103,51,2025-01-28,2025-01,124,Central,Consumer,Online,Keyboard,Technology,5,5,0,32500,1625,16000,30875,14875
104,52,2025-12-17,2025-12,76,West,Consumer,Online,Keyboard,Technology,5,0,0,32500,0,16000,32500,16500
105,52,2025-12-17,2025-12,76,West,Consumer,Online,Monitor,Technology,4,5,0,96000,4800,64000,91200,27200
106,52,2025-12-17,2025-12,76,West,Consumer,Online,Desk,Furniture,2,15,0,56000,8400,38000,47600,9600
107,53,2024-07-13,2024-07,159,South,Consumer,Store,Storage box,Office Supplies,1,5,0,2600,130,1200,2470,1270
108,53,2024-07-13,2024-07,159,South,Consumer,Store,Chair,Furniture,1,15,0,17000,2550,11000,14450,3450
109,53,2024-07-13,2024-07,159,South,Consumer,Store,Desk,Furniture,1,10,0,28000,2800,19000,25200,6200
110,54,2025-03-01,2025-03,45,Central,Consumer,Online,Notebook pack,Office Supplies,3,15,0,5400,810,2100,4590,2490
111,55,2024-10-06,2024-10,43,West,Business,Store,Monitor,Technology,1,10,0,24000,2400,16000,21600,5600
112,55,2024-10-06,2024-10,43,West,Business,Store,Storage box,Office Supplies,2,0,0,5200,0,2400,5200,2800
113,56,2025-11-21,2025-11,102,East,Consumer,Store,Keyboard,Technology,1,5,0,6500,325,3200,6175,2975
114,57,2025-04-10,2025-04,95,West,Consumer,Store,Keyboard,Technology,2,10,1,13000,1300,0,0,0
115,57,2025-04-10,2025-04,95,West,Consumer,Store,Monitor,Technology,5,5,0,120000,6000,80000,114000,34000
116,57,2025-04-10,2025-04,95,West,Consumer,Store,Desk,Furniture,2,0,0,56000,0,38000,56000,18000
117,58,2025-04-20,2025-04,180,Central,Business,Store,Keyboard,Technology,1,0,0,6500,0,3200,6500,3300
118,58,2025-04-20,2025-04,180,Central,Business,Store,Desk,Furniture,4,0,0,112000,0,76000,112000,36000
119,58,2025-04-20,2025-04,180,Central,Business,Store,Chair,Furniture,5,0,0,85000,0,55000,85000,30000
120,59,2025-01-14,2025-01,172,South,Business,Store,Storage box,Office Supplies,1,10,0,2600,260,1200,2340,1140
121,59,2025-01-14,2025-01,172,South,Business,Store,Chair,Furniture,3,0,0,51000,0,33000,51000,18000
122,59,2025-01-14,2025-01,172,South,Business,Store,Keyboard,Technology,2,10,0,13000,1300,6400,11700,5300
123,60,2024-08-29,2024-08,93,South,Business,Online,Monitor,Technology,1,10,0,24000,2400,16000,21600,5600
124,60,2024-08-29,2024-08,93,South,Business,Online,Notebook pack,Office Supplies,1,10,0,1800,180,700,1620,920
125,60,2024-08-29,2024-08,93,South,Business,Online,Storage box,Office Supplies,2,15,0,5200,780,2400,4420,2020
126,61,2024-02-21,2024-02,86,West,Business,Online,Notebook pack,Office Supplies,2,0,0,3600,0,1400,3600,2200
127,62,2025-07-21,2025-07,54,Central,Consumer,Online,Monitor,Technology,2,15,1,48000,7200,0,0,0
128,63,2024-05-28,2024-05,34,West,Business,Store,Desk,Furniture,1,0,1,28000,0,0,0,0
129,64,2024-08-31,2024-08,151,East,Consumer,Store,Chair,Furniture,3,0,0,51000,0,33000,51000,18000
130,65,2025-03-07,2025-03,135,South,Business,Online,Desk,Furniture,3,0,0,84000,0,57000,84000,27000
131,65,2025-03-07,2025-03,135,South,Business,Online,Keyboard,Technology,2,15,1,13000,1950,0,0,0
132,65,2025-03-07,2025-03,135,South,Business,Online,Notebook pack,Office Supplies,5,5,0,9000,450,3500,8550,5050
133,66,2024-02-01,2024-02,16,South,Consumer,Store,Keyboard,Technology,4,10,0,26000,2600,12800,23400,10600
134,66,2024-02-01,2024-02,16,South,Consumer,Store,Desk,Furniture,1,15,0,28000,4200,19000,23800,4800
135,67,2024-03-08,2024-03,33,South,Business,Store,Storage box,Office Supplies,4,15,0,10400,1560,4800,8840,4040
136,67,2024-03-08,2024-03,33,South,Business,Store,Notebook pack,Office Supplies,4,15,0,7200,1080,2800,6120,3320
137,67,2024-03-08,2024-03,33,South,Business,Store,Monitor,Technology,1,0,0,24000,0,16000,24000,8000
138,68,2025-10-28,2025-10,197,South,Business,Online,Keyboard,Technology,4,5,0,26000,1300,12800,24700,11900
139,68,2025-10-28,2025-10,197,South,Business,Online,Chair,Furniture,4,25,0,68000,17000,44000,51000,7000
140,69,2024-11-16,2024-11,110,South,Business,Store,Monitor,Technology,4,0,0,96000,0,64000,96000,32000
141,69,2024-11-16,2024-11,110,South,Business,Store,Storage box,Office Supplies,1,0,0,2600,0,1200,2600,1400
142,69,2024-11-16,2024-11,110,South,Business,Store,Chair,Furniture,3,0,0,51000,0,33000,51000,18000
143,70,2025-08-23,2025-08,144,East,Consumer,Store,Desk,Furniture,4,0,0,112000,0,76000,112000,36000
144,70,2025-08-23,2025-08,144,East,Consumer,Store,Keyboard,Technology,5,5,0,32500,1625,16000,30875,14875
145,70,2025-08-23,2025-08,144,East,Consumer,Store,Monitor,Technology,5,15,0,120000,18000,80000,102000,22000
146,71,2025-11-03,2025-11,124,Central,Consumer,Online,Monitor,Technology,5,5,0,120000,6000,80000,114000,34000
147,72,2024-10-12,2024-10,147,Central,Consumer,Online,Notebook pack,Office Supplies,5,15,1,9000,1350,0,0,0
148,72,2024-10-12,2024-10,147,Central,Consumer,Online,Storage box,Office Supplies,3,0,0,7800,0,3600,7800,4200
149,73,2025-12-20,2025-12,196,Central,Consumer,Store,Monitor,Technology,2,0,0,48000,0,32000,48000,16000
150,73,2025-12-20,2025-12,196,Central,Consumer,Store,Desk,Furniture,4,0,0,112000,0,76000,112000,36000
151,74,2025-10-10,2025-10,8,East,Consumer,Online,Notebook pack,Office Supplies,4,10,0,7200,720,2800,6480,3680
152,74,2025-10-10,2025-10,8,East,Consumer,Online,Chair,Furniture,3,10,0,51000,5100,33000,45900,12900
153,74,2025-10-10,2025-10,8,East,Consumer,Online,Keyboard,Technology,5,15,0,32500,4875,16000,27625,11625
154,75,2024-02-23,2024-02,40,South,Business,Online,Desk,Furniture,4,25,0,112000,28000,76000,84000,8000
155,75,2024-02-23,2024-02,40,South,Business,Online,Storage box,Office Supplies,4,10,0,10400,1040,4800,9360,4560
156,75,2024-02-23,2024-02,40,South,Business,Online,Monitor,Technology,5,0,0,120000,0,80000,120000,40000
157,76,2024-04-23,2024-04,73,South,Business,Store,Storage box,Office Supplies,2,10,0,5200,520,2400,4680,2280
158,76,2024-04-23,2024-04,73,South,Business,Store,Monitor,Technology,1,0,0,24000,0,16000,24000,8000
159,76,2024-04-23,2024-04,73,South,Business,Store,Desk,Furniture,2,0,0,56000,0,38000,56000,18000
160,77,2024-10-23,2024-10,84,South,Consumer,Online,Keyboard,Technology,4,0,0,26000,0,12800,26000,13200
161,78,2025-06-29,2025-06,181,South,Consumer,Online,Notebook pack,Office Supplies,4,0,0,7200,0,2800,7200,4400
162,78,2025-06-29,2025-06,181,South,Consumer,Online,Monitor,Technology,4,0,0,96000,0,64000,96000,32000
163,78,2025-06-29,2025-06,181,South,Consumer,Online,Desk,Furniture,5,25,0,140000,35000,95000,105000,10000
164,79,2025-12-27,2025-12,164,West,Business,Store,Desk,Furniture,1,15,0,28000,4200,19000,23800,4800
165,79,2025-12-27,2025-12,164,West,Business,Store,Keyboard,Technology,5,10,0,32500,3250,16000,29250,13250
166,80,2025-01-05,2025-01,23,East,Consumer,Store,Chair,Furniture,4,25,0,68000,17000,44000,51000,7000
167,81,2025-02-09,2025-02,80,East,Consumer,Store,Monitor,Technology,2,0,0,48000,0,32000,48000,16000
168,82,2024-04-26,2024-04,136,East,Business,Online,Monitor,Technology,2,0,0,48000,0,32000,48000,16000
169,82,2024-04-26,2024-04,136,East,Business,Online,Chair,Furniture,2,0,0,34000,0,22000,34000,12000
170,83,2025-11-02,2025-11,20,South,Consumer,Online,Keyboard,Technology,5,15,0,32500,4875,16000,27625,11625
171,83,2025-11-02,2025-11,20,South,Consumer,Online,Storage box,Office Supplies,3,0,0,7800,0,3600,7800,4200
172,83,2025-11-02,2025-11,20,South,Consumer,Online,Notebook pack,Office Supplies,4,10,0,7200,720,2800,6480,3680
173,84,2024-10-08,2024-10,152,East,Business,Online,Notebook pack,Office Supplies,3,10,0,5400,540,2100,4860,2760
174,84,2024-10-08,2024-10,152,East,Business,Online,Desk,Furniture,1,15,0,28000,4200,19000,23800,4800
175,85,2024-03-19,2024-03,166,South,Consumer,Online,Notebook pack,Office Supplies,4,15,0,7200,1080,2800,6120,3320
176,85,2024-03-19,2024-03,166,South,Consumer,Online,Storage box,Office Supplies,1,10,0,2600,260,1200,2340,1140
177,85,2024-03-19,2024-03,166,South,Consumer,Online,Keyboard,Technology,5,0,0,32500,0,16000,32500,16500
178,86,2025-05-02,2025-05,129,South,Consumer,Online,Keyboard,Technology,1,5,0,6500,325,3200,6175,2975
179,87,2024-03-27,2024-03,130,East,Consumer,Online,Chair,Furniture,4,35,0,68000,23800,44000,44200,200
180,88,2025-09-16,2025-09,41,South,Consumer,Store,Monitor,Technology,4,5,0,96000,4800,64000,91200,27200
181,88,2025-09-16,2025-09,41,South,Consumer,Store,Keyboard,Technology,1,5,0,6500,325,3200,6175,2975
182,89,2024-04-06,2024-04,143,South,Business,Store,Monitor,Technology,2,5,0,48000,2400,32000,45600,13600
183,89,2024-04-06,2024-04,143,South,Business,Store,Notebook pack,Office Supplies,2,5,0,3600,180,1400,3420,2020
184,90,2025-11-02,2025-11,179,East,Business,Store,Notebook pack,Office Supplies,1,5,0,1800,90,700,1710,1010
185,91,2025-10-20,2025-10,85,West,Business,Online,Storage box,Office Supplies,4,15,0,10400,1560,4800,8840,4040
186,91,2025-10-20,2025-10,85,West,Business,Online,Notebook pack,Office Supplies,3,5,0,5400,270,2100,5130,3030
187,91,2025-10-20,2025-10,85,West,Business,Online,Desk,Furniture,2,15,0,56000,8400,38000,47600,9600
188,92,2025-05-12,2025-05,50,East,Business,Online,Chair,Furniture,1,10,0,17000,1700,11000,15300,4300
189,93,2024-04-13,2024-04,130,East,Consumer,Online,Monitor,Technology,5,10,0,120000,12000,80000,108000,28000
190,93,2024-04-13,2024-04,130,East,Consumer,Online,Notebook pack,Office Supplies,2,15,0,3600,540,1400,3060,1660
191,93,2024-04-13,2024-04,130,East,Consumer,Online,Chair,Furniture,2,35,1,34000,11900,0,0,0
192,94,2025-01-08,2025-01,174,Central,Business,Online,Notebook pack,Office Supplies,4,0,0,7200,0,2800,7200,4400
193,94,2025-01-08,2025-01,174,Central,Business,Online,Monitor,Technology,3,10,0,72000,7200,48000,64800,16800
194,95,2024-07-17,2024-07,95,West,Consumer,Store,Monitor,Technology,5,15,0,120000,18000,80000,102000,22000
195,95,2024-07-17,2024-07,95,West,Consumer,Store,Keyboard,Technology,2,0,0,13000,0,6400,13000,6600
196,96,2024-05-21,2024-05,65,West,Consumer,Online,Keyboard,Technology,5,0,0,32500,0,16000,32500,16500
197,96,2024-05-21,2024-05,65,West,Consumer,Online,Monitor,Technology,2,5,0,48000,2400,32000,45600,13600
198,96,2024-05-21,2024-05,65,West,Consumer,Online,Desk,Furniture,5,0,0,140000,0,95000,140000,45000
199,97,2024-04-03,2024-04,57,East,Business,Store,Desk,Furniture,1,25,0,28000,7000,19000,21000,2000
200,97,2024-04-03,2024-04,57,East,Business,Store,Keyboard,Technology,2,10,0,13000,1300,6400,11700,5300
201,98,2025-01-18,2025-01,58,West,Consumer,Online,Desk,Furniture,2,0,1,56000,0,0,0,0
202,98,2025-01-18,2025-01,58,West,Consumer,Online,Monitor,Technology,4,0,0,96000,0,64000,96000,32000
203,99,2025-04-25,2025-04,115,East,Business,Online,Desk,Furniture,3,5,0,84000,4200,57000,79800,22800
204,100,2025-07-15,2025-07,187,Central,Business,Store,Monitor,Technology,2,5,0,48000,2400,32000,45600,13600
205,101,2024-09-01,2024-09,108,South,Business,Store,Desk,Furniture,4,0,0,112000,0,76000,112000,36000
206,102,2025-08-11,2025-08,62,Central,Business,Online,Keyboard,Technology,5,5,0,32500,1625,16000,30875,14875
207,102,2025-08-11,2025-08,62,Central,Business,Online,Desk,Furniture,4,0,0,112000,0,76000,112000,36000
208,103,2024-03-28,2024-03,135,South,Business,Store,Notebook pack,Office Supplies,5,15,0,9000,1350,3500,7650,4150
209,104,2025-06-03,2025-06,142,West,Business,Online,Keyboard,Technology,4,5,0,26000,1300,12800,24700,11900
210,104,2025-06-03,2025-06,142,West,Business,Online,Desk,Furniture,1,15,0,28000,4200,19000,23800,4800
211,105,2024-12-19,2024-12,62,Central,Business,Online,Storage box,Office Supplies,1,5,0,2600,130,1200,2470,1270
212,105,2024-12-19,2024-12,62,Central,Business,Online,Monitor,Technology,2,10,0,48000,4800,32000,43200,11200
213,105,2024-12-19,2024-12,62,Central,Business,Online,Chair,Furniture,4,0,0,68000,0,44000,68000,24000
214,106,2024-03-05,2024-03,184,South,Consumer,Store,Monitor,Technology,2,0,0,48000,0,32000,48000,16000
215,107,2024-02-12,2024-02,81,East,Consumer,Store,Keyboard,Technology,3,0,0,19500,0,9600,19500,9900
216,107,2024-02-12,2024-02,81,East,Consumer,Store,Notebook pack,Office Supplies,2,5,0,3600,180,1400,3420,2020
217,107,2024-02-12,2024-02,81,East,Consumer,Store,Storage box,Office Supplies,1,5,0,2600,130,1200,2470,1270
218,108,2025-01-11,2025-01,112,Central,Consumer,Store,Keyboard,Technology,2,10,0,13000,1300,6400,11700,5300
219,108,2025-01-11,2025-01,112,Central,Consumer,Store,Storage box,Office Supplies,3,15,0,7800,1170,3600,6630,3030
220,108,2025-01-11,2025-01,112,Central,Consumer,Store,Monitor,Technology,1,10,0,24000,2400,16000,21600,5600
221,109,2025-09-08,2025-09,47,East,Consumer,Store,Desk,Furniture,3,10,0,84000,8400,57000,75600,18600
222,109,2025-09-08,2025-09,47,East,Consumer,Store,Storage box,Office Supplies,5,10,0,13000,1300,6000,11700,5700
223,110,2025-03-30,2025-03,90,South,Business,Store,Storage box,Office Supplies,3,15,0,7800,1170,3600,6630,3030
224,111,2024-10-08,2024-10,164,West,Business,Online,Storage box,Office Supplies,4,5,0,10400,520,4800,9880,5080
225,112,2025-11-26,2025-11,41,South,Consumer,Online,Notebook pack,Office Supplies,4,0,0,7200,0,2800,7200,4400
226,113,2024-08-29,2024-08,200,South,Consumer,Store,Keyboard,Technology,1,15,0,6500,975,3200,5525,2325
227,113,2024-08-29,2024-08,200,South,Consumer,Store,Notebook pack,Office Supplies,4,5,0,7200,360,2800,6840,4040
228,114,2024-03-19,2024-03,147,Central,Consumer,Online,Monitor,Technology,3,0,0,72000,0,48000,72000,24000
229,114,2024-03-19,2024-03,147,Central,Consumer,Online,Keyboard,Technology,1,0,0,6500,0,3200,6500,3300
230,114,2024-03-19,2024-03,147,Central,Consumer,Online,Storage box,Office Supplies,4,15,0,10400,1560,4800,8840,4040
231,115,2024-09-23,2024-09,181,South,Consumer,Store,Notebook pack,Office Supplies,3,10,0,5400,540,2100,4860,2760
232,116,2024-05-18,2024-05,19,South,Consumer,Store,Storage box,Office Supplies,4,0,0,10400,0,4800,10400,5600
233,117,2024-11-23,2024-11,171,East,Consumer,Store,Desk,Furniture,3,0,0,84000,0,57000,84000,27000
234,117,2024-11-23,2024-11,171,East,Consumer,Store,Notebook pack,Office Supplies,2,5,0,3600,180,1400,3420,2020
235,117,2024-11-23,2024-11,171,East,Consumer,Store,Monitor,Technology,1,0,0,24000,0,16000,24000,8000
236,118,2024-08-30,2024-08,127,South,Business,Online,Notebook pack,Office Supplies,3,10,0,5400,540,2100,4860,2760
237,118,2024-08-30,2024-08,127,South,Business,Online,Storage box,Office Supplies,5,0,0,13000,0,6000,13000,7000
238,119,2024-03-29,2024-03,17,Central,Business,Store,Storage box,Office Supplies,5,10,0,13000,1300,6000,11700,5700
239,119,2024-03-29,2024-03,17,Central,Business,Store,Keyboard,Technology,5,0,0,32500,0,16000,32500,16500
240,120,2024-11-20,2024-11,165,West,Consumer,Online,Keyboard,Technology,3,0,0,19500,0,9600,19500,9900
241,120,2024-11-20,2024-11,165,West,Consumer,Online,Notebook pack,Office Supplies,5,15,0,9000,1350,3500,7650,4150
242,121,2024-05-12,2024-05,111,West,Consumer,Online,Notebook pack,Office Supplies,2,5,0,3600,180,1400,3420,2020
243,122,2024-11-26,2024-11,182,South,Consumer,Online,Notebook pack,Office Supplies,1,5,0,1800,90,700,1710,1010
244,122,2024-11-26,2024-11,182,South,Consumer,Online,Monitor,Technology,5,5,0,120000,6000,80000,114000,34000
245,123,2024-11-06,2024-11,158,East,Business,Online,Storage box,Office Supplies,2,15,0,5200,780,2400,4420,2020
246,123,2024-11-06,2024-11,158,East,Business,Online,Chair,Furniture,5,15,0,85000,12750,55000,72250,17250
247,123,2024-11-06,2024-11,158,East,Business,Online,Notebook pack,Office Supplies,5,0,0,9000,0,3500,9000,5500
248,124,2024-01-30,2024-01,21,Central,Business,Online,Notebook pack,Office Supplies,5,10,0,9000,900,3500,8100,4600
249,124,2024-01-30,2024-01,21,Central,Business,Online,Monitor,Technology,1,10,0,24000,2400,16000,21600,5600
250,124,2024-01-30,2024-01,21,Central,Business,Online,Chair,Furniture,5,10,0,85000,8500,55000,76500,21500
251,125,2024-11-05,2024-11,124,Central,Consumer,Online,Keyboard,Technology,1,0,0,6500,0,3200,6500,3300
252,125,2024-11-05,2024-11,124,Central,Consumer,Online,Monitor,Technology,4,10,0,96000,9600,64000,86400,22400
253,125,2024-11-05,2024-11,124,Central,Consumer,Online,Storage box,Office Supplies,3,15,0,7800,1170,3600,6630,3030
254,126,2024-11-22,2024-11,188,East,Business,Store,Chair,Furniture,5,0,0,85000,0,55000,85000,30000
255,126,2024-11-22,2024-11,188,East,Business,Store,Monitor,Technology,4,0,0,96000,0,64000,96000,32000
256,127,2024-09-10,2024-09,37,South,Business,Online,Monitor,Technology,4,15,0,96000,14400,64000,81600,17600
257,128,2024-06-12,2024-06,84,South,Consumer,Store,Chair,Furniture,4,35,0,68000,23800,44000,44200,200
258,129,2024-11-11,2024-11,128,East,Consumer,Online,Keyboard,Technology,5,10,0,32500,3250,16000,29250,13250
259,130,2024-08-08,2024-08,150,East,Consumer,Store,Desk,Furniture,3,35,0,84000,29400,57000,54600,-2400
260,131,2025-10-31,2025-10,173,Central,Consumer,Store,Notebook pack,Office Supplies,1,10,0,1800,180,700,1620,920
261,131,2025-10-31,2025-10,173,Central,Consumer,Store,Desk,Furniture,3,15,0,84000,12600,57000,71400,14400
262,132,2025-01-09,2025-01,12,South,Business,Store,Notebook pack,Office Supplies,5,0,0,9000,0,3500,9000,5500
263,133,2024-10-22,2024-10,19,South,Consumer,Store,Keyboard,Technology,5,15,0,32500,4875,16000,27625,11625
264,133,2024-10-22,2024-10,19,South,Consumer,Store,Notebook pack,Office Supplies,1,10,0,1800,180,700,1620,920
265,133,2024-10-22,2024-10,19,South,Consumer,Store,Monitor,Technology,3,15,0,72000,10800,48000,61200,13200
266,134,2024-05-27,2024-05,51,South,Business,Store,Desk,Furniture,2,15,0,56000,8400,38000,47600,9600
267,134,2024-05-27,2024-05,51,South,Business,Store,Storage box,Office Supplies,5,10,0,13000,1300,6000,11700,5700
268,134,2024-05-27,2024-05,51,South,Business,Store,Notebook pack,Office Supplies,5,0,0,9000,0,3500,9000,5500
269,135,2025-09-19,2025-09,82,Central,Consumer,Online,Notebook pack,Office Supplies,5,5,0,9000,450,3500,8550,5050
270,135,2025-09-19,2025-09,82,Central,Consumer,Online,Monitor,Technology,5,15,0,120000,18000,80000,102000,22000
271,136,2025-07-30,2025-07,77,Central,Consumer,Store,Monitor,Technology,3,0,0,72000,0,48000,72000,24000
272,137,2025-08-20,2025-08,79,East,Consumer,Online,Keyboard,Technology,1,15,0,6500,975,3200,5525,2325
273,137,2025-08-20,2025-08,79,East,Consumer,Online,Monitor,Technology,5,15,0,120000,18000,80000,102000,22000
274,137,2025-08-20,2025-08,79,East,Consumer,Online,Chair,Furniture,4,0,0,68000,0,44000,68000,24000
275,138,2024-09-05,2024-09,9,South,Consumer,Online,Desk,Furniture,4,15,0,112000,16800,76000,95200,19200
276,139,2025-02-26,2025-02,177,Central,Consumer,Online,Notebook pack,Office Supplies,4,0,0,7200,0,2800,7200,4400
277,139,2025-02-26,2025-02,177,Central,Consumer,Online,Storage box,Office Supplies,5,0,0,13000,0,6000,13000,7000
278,140,2025-11-09,2025-11,123,Central,Consumer,Store,Chair,Furniture,5,15,0,85000,12750,55000,72250,17250
279,140,2025-11-09,2025-11,123,Central,Consumer,Store,Keyboard,Technology,3,15,0,19500,2925,9600,16575,6975
280,141,2024-09-09,2024-09,72,West,Business,Store,Monitor,Technology,3,0,0,72000,0,48000,72000,24000
281,142,2025-05-15,2025-05,82,Central,Consumer,Store,Notebook pack,Office Supplies,3,0,0,5400,0,2100,5400,3300
282,142,2025-05-15,2025-05,82,Central,Consumer,Store,Monitor,Technology,5,10,0,120000,12000,80000,108000,28000
283,143,2025-02-08,2025-02,89,South,Business,Online,Desk,Furniture,1,15,0,28000,4200,19000,23800,4800
284,143,2025-02-08,2025-02,89,South,Business,Online,Monitor,Technology,3,10,0,72000,7200,48000,64800,16800
285,144,2025-07-05,2025-07,70,West,Business,Store,Desk,Furniture,5,5,0,140000,7000,95000,133000,38000
286,145,2025-11-16,2025-11,136,East,Business,Online,Chair,Furniture,4,15,0,68000,10200,44000,57800,13800
287,145,2025-11-16,2025-11,136,East,Business,Online,Desk,Furniture,1,0,1,28000,0,0,0,0
288,145,2025-11-16,2025-11,136,East,Business,Online,Notebook pack,Office Supplies,5,0,0,9000,0,3500,9000,5500
289,146,2025-05-02,2025-05,123,Central,Consumer,Online,Monitor,Technology,1,0,0,24000,0,16000,24000,8000
290,146,2025-05-02,2025-05,123,Central,Consumer,Online,Storage box,Office Supplies,2,15,0,5200,780,2400,4420,2020
291,147,2024-02-08,2024-02,45,Central,Consumer,Store,Desk,Furniture,4,35,0,112000,39200,76000,72800,-3200
292,148,2024-10-23,2024-10,10,South,Business,Online,Notebook pack,Office Supplies,1,5,0,1800,90,700,1710,1010
293,148,2024-10-23,2024-10,10,South,Business,Online,Storage box,Office Supplies,5,15,0,13000,1950,6000,11050,5050
294,149,2024-05-17,2024-05,130,East,Consumer,Store,Chair,Furniture,3,0,0,51000,0,33000,51000,18000
295,149,2024-05-17,2024-05,130,East,Consumer,Store,Desk,Furniture,3,0,1,84000,0,0,0,0
296,150,2024-12-11,2024-12,76,West,Consumer,Online,Notebook pack,Office Supplies,4,10,0,7200,720,2800,6480,3680
297,151,2024-03-29,2024-03,103,West,Business,Online,Chair,Furniture,4,15,0,68000,10200,44000,57800,13800
298,152,2024-01-07,2024-01,67,East,Business,Store,Keyboard,Technology,3,5,0,19500,975,9600,18525,8925
299,153,2025-08-09,2025-08,3,West,Consumer,Store,Monitor,Technology,1,10,0,24000,2400,16000,21600,5600
300,153,2025-08-09,2025-08,3,West,Consumer,Store,Chair,Furniture,4,10,0,68000,6800,44000,61200,17200
301,153,2025-08-09,2025-08,3,West,Consumer,Store,Desk,Furniture,3,15,0,84000,12600,57000,71400,14400
302,154,2024-08-12,2024-08,35,East,Consumer,Store,Keyboard,Technology,5,5,0,32500,1625,16000,30875,14875
303,155,2025-07-16,2025-07,121,East,Consumer,Online,Storage box,Office Supplies,5,0,0,13000,0,6000,13000,7000
304,156,2025-06-24,2025-06,181,South,Consumer,Store,Notebook pack,Office Supplies,1,0,0,1800,0,700,1800,1100
305,157,2025-06-01,2025-06,52,Central,Consumer,Online,Monitor,Technology,5,10,0,120000,12000,80000,108000,28000
306,158,2024-07-29,2024-07,184,South,Consumer,Store,Notebook pack,Office Supplies,4,0,0,7200,0,2800,7200,4400
307,159,2025-06-09,2025-06,107,South,Consumer,Store,Desk,Furniture,3,0,0,84000,0,57000,84000,27000
308,159,2025-06-09,2025-06,107,South,Consumer,Store,Notebook pack,Office Supplies,1,0,0,1800,0,700,1800,1100
309,159,2025-06-09,2025-06,107,South,Consumer,Store,Keyboard,Technology,1,10,0,6500,650,3200,5850,2650
310,160,2024-03-06,2024-03,139,East,Consumer,Online,Keyboard,Technology,1,5,0,6500,325,3200,6175,2975
311,161,2024-05-18,2024-05,197,South,Business,Store,Keyboard,Technology,4,10,0,26000,2600,12800,23400,10600
312,161,2024-05-18,2024-05,197,South,Business,Store,Storage box,Office Supplies,5,0,0,13000,0,6000,13000,7000
313,162,2024-12-22,2024-12,31,West,Consumer,Online,Keyboard,Technology,2,0,0,13000,0,6400,13000,6600
314,162,2024-12-22,2024-12,31,West,Consumer,Online,Notebook pack,Office Supplies,3,10,0,5400,540,2100,4860,2760
315,162,2024-12-22,2024-12,31,West,Consumer,Online,Chair,Furniture,5,25,0,85000,21250,55000,63750,8750
316,163,2024-08-23,2024-08,64,Central,Business,Store,Chair,Furniture,2,0,1,34000,0,0,0,0
317,163,2024-08-23,2024-08,64,Central,Business,Store,Monitor,Technology,4,15,0,96000,14400,64000,81600,17600
318,164,2024-01-17,2024-01,62,Central,Business,Online,Desk,Furniture,5,0,0,140000,0,95000,140000,45000
319,165,2025-11-19,2025-11,181,South,Consumer,Online,Storage box,Office Supplies,1,10,0,2600,260,1200,2340,1140
320,166,2025-07-06,2025-07,56,West,Business,Online,Notebook pack,Office Supplies,3,0,0,5400,0,2100,5400,3300
321,167,2025-08-12,2025-08,82,Central,Consumer,Store,Monitor,Technology,2,15,0,48000,7200,32000,40800,8800
322,168,2024-11-03,2024-11,71,South,Consumer,Online,Notebook pack,Office Supplies,5,10,1,9000,900,0,0,0
323,168,2024-11-03,2024-11,71,South,Consumer,Online,Chair,Furniture,3,25,0,51000,12750,33000,38250,5250
324,168,2024-11-03,2024-11,71,South,Consumer,Online,Keyboard,Technology,3,10,0,19500,1950,9600,17550,7950
325,169,2024-11-03,2024-11,97,South,Consumer,Online,Keyboard,Technology,3,0,0,19500,0,9600,19500,9900
326,169,2024-11-03,2024-11,97,South,Consumer,Online,Chair,Furniture,1,25,0,17000,4250,11000,12750,1750
327,169,2024-11-03,2024-11,97,South,Consumer,Online,Notebook pack,Office Supplies,5,15,0,9000,1350,3500,7650,4150
328,170,2024-09-05,2024-09,66,West,Consumer,Online,Storage box,Office Supplies,4,5,0,10400,520,4800,9880,5080
329,170,2024-09-05,2024-09,66,West,Consumer,Online,Desk,Furniture,2,0,0,56000,0,38000,56000,18000
330,171,2025-11-20,2025-11,155,Central,Business,Online,Chair,Furniture,5,5,0,85000,4250,55000,80750,25750
331,172,2024-12-06,2024-12,78,West,Consumer,Online,Chair,Furniture,1,35,0,17000,5950,11000,11050,50
332,173,2025-12-13,2025-12,155,Central,Business,Online,Chair,Furniture,3,10,0,51000,5100,33000,45900,12900
333,173,2025-12-13,2025-12,155,Central,Business,Online,Notebook pack,Office Supplies,5,5,0,9000,450,3500,8550,5050
334,174,2025-01-03,2025-01,132,Central,Consumer,Store,Desk,Furniture,3,5,0,84000,4200,57000,79800,22800
335,174,2025-01-03,2025-01,132,Central,Consumer,Store,Keyboard,Technology,4,0,0,26000,0,12800,26000,13200
336,175,2024-08-14,2024-08,190,Central,Business,Online,Monitor,Technology,5,15,0,120000,18000,80000,102000,22000
337,176,2025-03-03,2025-03,76,West,Consumer,Online,Monitor,Technology,2,10,0,48000,4800,32000,43200,11200
338,177,2024-09-08,2024-09,128,East,Consumer,Store,Keyboard,Technology,4,0,0,26000,0,12800,26000,13200
339,177,2024-09-08,2024-09,128,East,Consumer,Store,Storage box,Office Supplies,3,0,0,7800,0,3600,7800,4200
340,178,2025-07-13,2025-07,126,West,Business,Online,Storage box,Office Supplies,1,0,0,2600,0,1200,2600,1400
341,178,2025-07-13,2025-07,126,West,Business,Online,Desk,Furniture,4,0,0,112000,0,76000,112000,36000
342,178,2025-07-13,2025-07,126,West,Business,Online,Notebook pack,Office Supplies,2,0,0,3600,0,1400,3600,2200
343,179,2024-01-10,2024-01,56,West,Business,Store,Desk,Furniture,5,35,0,140000,49000,95000,91000,-4000
344,179,2024-01-10,2024-01,56,West,Business,Store,Notebook pack,Office Supplies,1,0,0,1800,0,700,1800,1100
345,180,2025-02-25,2025-02,4,East,Consumer,Online,Storage box,Office Supplies,1,15,0,2600,390,1200,2210,1010
346,180,2025-02-25,2025-02,4,East,Consumer,Online,Monitor,Technology,4,0,0,96000,0,64000,96000,32000
347,180,2025-02-25,2025-02,4,East,Consumer,Online,Notebook pack,Office Supplies,1,15,0,1800,270,700,1530,830
348,181,2024-07-15,2024-07,159,South,Consumer,Store,Monitor,Technology,1,5,0,24000,1200,16000,22800,6800
349,181,2024-07-15,2024-07,159,South,Consumer,Store,Keyboard,Technology,4,15,0,26000,3900,12800,22100,9300
350,182,2025-12-14,2025-12,58,West,Consumer,Store,Desk,Furniture,4,25,0,112000,28000,76000,84000,8000
351,182,2025-12-14,2025-12,58,West,Consumer,Store,Storage box,Office Supplies,4,0,0,10400,0,4800,10400,5600
352,182,2025-12-14,2025-12,58,West,Consumer,Store,Notebook pack,Office Supplies,2,0,0,3600,0,1400,3600,2200
353,183,2025-03-20,2025-03,166,South,Consumer,Store,Desk,Furniture,2,5,0,56000,2800,38000,53200,15200
354,183,2025-03-20,2025-03,166,South,Consumer,Store,Notebook pack,Office Supplies,5,10,0,9000,900,3500,8100,4600
355,183,2025-03-20,2025-03,166,South,Consumer,Store,Storage box,Office Supplies,1,5,0,2600,130,1200,2470,1270
356,184,2025-07-31,2025-07,169,Central,Business,Online,Monitor,Technology,1,0,0,24000,0,16000,24000,8000
357,185,2025-12-30,2025-12,102,East,Consumer,Online,Chair,Furniture,2,25,0,34000,8500,22000,25500,3500
358,185,2025-12-30,2025-12,102,East,Consumer,Online,Notebook pack,Office Supplies,5,5,0,9000,450,3500,8550,5050
359,186,2024-05-23,2024-05,177,Central,Consumer,Online,Storage box,Office Supplies,1,10,0,2600,260,1200,2340,1140
360,186,2024-05-23,2024-05,177,Central,Consumer,Online,Monitor,Technology,1,5,0,24000,1200,16000,22800,6800
361,186,2024-05-23,2024-05,177,Central,Consumer,Online,Desk,Furniture,5,25,0,140000,35000,95000,105000,10000
362,187,2024-11-30,2024-11,8,East,Consumer,Store,Keyboard,Technology,3,15,0,19500,2925,9600,16575,6975
363,187,2024-11-30,2024-11,8,East,Consumer,Store,Chair,Furniture,4,0,0,68000,0,44000,68000,24000
364,188,2025-11-07,2025-11,98,Central,Business,Online,Monitor,Technology,1,5,0,24000,1200,16000,22800,6800
365,188,2025-11-07,2025-11,98,Central,Business,Online,Chair,Furniture,2,25,0,34000,8500,22000,25500,3500
366,188,2025-11-07,2025-11,98,Central,Business,Online,Desk,Furniture,1,0,1,28000,0,0,0,0
367,189,2024-11-11,2024-11,114,Central,Consumer,Store,Desk,Furniture,1,0,0,28000,0,19000,28000,9000
368,189,2024-11-11,2024-11,114,Central,Consumer,Store,Chair,Furniture,5,25,0,85000,21250,55000,63750,8750
369,190,2024-04-01,2024-04,91,South,Consumer,Online,Notebook pack,Office Supplies,1,5,0,1800,90,700,1710,1010
370,190,2024-04-01,2024-04,91,South,Consumer,Online,Monitor,Technology,1,15,0,24000,3600,16000,20400,4400
371,190,2024-04-01,2024-04,91,South,Consumer,Online,Keyboard,Technology,2,15,0,13000,1950,6400,11050,4650
372,191,2025-12-02,2025-12,98,Central,Business,Online,Monitor,Technology,3,5,0,72000,3600,48000,68400,20400
373,192,2024-03-05,2024-03,43,West,Business,Store,Keyboard,Technology,4,0,0,26000,0,12800,26000,13200
374,192,2024-03-05,2024-03,43,West,Business,Store,Monitor,Technology,2,10,0,48000,4800,32000,43200,11200
375,193,2024-07-19,2024-07,118,East,Consumer,Online,Monitor,Technology,1,10,0,24000,2400,16000,21600,5600
376,194,2025-09-27,2025-09,98,Central,Business,Store,Monitor,Technology,5,0,0,120000,0,80000,120000,40000
377,194,2025-09-27,2025-09,98,Central,Business,Store,Keyboard,Technology,5,0,0,32500,0,16000,32500,16500
378,195,2024-06-30,2024-06,102,East,Consumer,Store,Storage box,Office Supplies,5,0,0,13000,0,6000,13000,7000
379,195,2024-06-30,2024-06,102,East,Consumer,Store,Keyboard,Technology,3,10,0,19500,1950,9600,17550,7950
380,196,2025-07-31,2025-07,52,Central,Consumer,Online,Notebook pack,Office Supplies,2,10,0,3600,360,1400,3240,1840
381,196,2025-07-31,2025-07,52,Central,Consumer,Online,Desk,Furniture,1,25,0,28000,7000,19000,21000,2000
382,196,2025-07-31,2025-07,52,Central,Consumer,Online,Keyboard,Technology,2,5,0,13000,650,6400,12350,5950
383,197,2025-11-05,2025-11,40,South,Business,Store,Desk,Furniture,5,35,0,140000,49000,95000,91000,-4000
384,197,2025-11-05,2025-11,40,South,Business,Store,Keyboard,Technology,5,15,0,32500,4875,16000,27625,11625
385,198,2025-12-09,2025-12,108,South,Business,Online,Storage box,Office Supplies,5,0,0,13000,0,6000,13000,7000
386,198,2025-12-09,2025-12,108,South,Business,Online,Notebook pack,Office Supplies,2,5,0,3600,180,1400,3420,2020
387,199,2025-09-19,2025-09,12,South,Business,Store,Keyboard,Technology,1,0,0,6500,0,3200,6500,3300
388,199,2025-09-19,2025-09,12,South,Business,Store,Desk,Furniture,5,5,0,140000,7000,95000,133000,38000
389,200,2025-02-04,2025-02,119,West,Business,Online,Desk,Furniture,1,10,0,28000,2800,19000,25200,6200
390,200,2025-02-04,2025-02,119,West,Business,Online,Keyboard,Technology,1,0,0,6500,0,3200,6500,3300
391,201,2024-05-25,2024-05,90,South,Business,Store,Keyboard,Technology,5,10,0,32500,3250,16000,29250,13250
392,201,2024-05-25,2024-05,90,South,Business,Store,Chair,Furniture,1,35,0,17000,5950,11000,11050,50
393,202,2025-04-08,2025-04,82,Central,Consumer,Online,Desk,Furniture,1,15,0,28000,4200,19000,23800,4800
394,202,2025-04-08,2025-04,82,Central,Consumer,Online,Storage box,Office Supplies,2,0,0,5200,0,2400,5200,2800
395,203,2025-07-19,2025-07,41,South,Consumer,Store,Keyboard,Technology,4,0,0,26000,0,12800,26000,13200
396,203,2025-07-19,2025-07,41,South,Consumer,Store,Storage box,Office Supplies,4,10,1,10400,1040,0,0,0
397,203,2025-07-19,2025-07,41,South,Consumer,Store,Chair,Furniture,5,5,0,85000,4250,55000,80750,25750
398,204,2025-03-15,2025-03,100,South,Consumer,Online,Chair,Furniture,1,0,0,17000,0,11000,17000,6000
399,204,2025-03-15,2025-03,100,South,Consumer,Online,Storage box,Office Supplies,5,0,0,13000,0,6000,13000,7000
400,204,2025-03-15,2025-03,100,South,Consumer,Online,Monitor,Technology,2,10,0,48000,4800,32000,43200,11200
401,205,2025-11-17,2025-11,126,West,Business,Store,Keyboard,Technology,5,0,0,32500,0,16000,32500,16500
402,205,2025-11-17,2025-11,126,West,Business,Store,Notebook pack,Office Supplies,4,15,0,7200,1080,2800,6120,3320
403,205,2025-11-17,2025-11,126,West,Business,Store,Storage box,Office Supplies,3,15,0,7800,1170,3600,6630,3030
404,206,2025-11-19,2025-11,35,East,Consumer,Store,Chair,Furniture,3,0,0,51000,0,33000,51000,18000
405,207,2025-12-11,2025-12,37,South,Business,Store,Notebook pack,Office Supplies,5,10,0,9000,900,3500,8100,4600
406,207,2025-12-11,2025-12,37,South,Business,Store,Chair,Furniture,4,0,0,68000,0,44000,68000,24000
407,208,2025-05-16,2025-05,74,South,Business,Online,Monitor,Technology,4,15,1,96000,14400,0,0,0
408,209,2025-01-02,2025-01,3,West,Consumer,Store,Chair,Furniture,4,35,0,68000,23800,44000,44200,200
409,210,2025-05-18,2025-05,107,South,Consumer,Store,Chair,Furniture,5,0,0,85000,0,55000,85000,30000
410,210,2025-05-18,2025-05,107,South,Consumer,Store,Desk,Furniture,2,10,1,56000,5600,0,0,0
411,211,2024-08-18,2024-08,138,Central,Consumer,Store,Keyboard,Technology,5,10,0,32500,3250,16000,29250,13250
412,212,2024-04-25,2024-04,147,Central,Consumer,Online,Notebook pack,Office Supplies,5,0,0,9000,0,3500,9000,5500
413,212,2024-04-25,2024-04,147,Central,Consumer,Online,Monitor,Technology,4,15,0,96000,14400,64000,81600,17600
414,213,2025-03-11,2025-03,27,South,Business,Online,Desk,Furniture,3,15,0,84000,12600,57000,71400,14400
415,213,2025-03-11,2025-03,27,South,Business,Online,Keyboard,Technology,1,10,0,6500,650,3200,5850,2650
416,214,2024-04-30,2024-04,199,South,Consumer,Online,Storage box,Office Supplies,5,5,0,13000,650,6000,12350,6350
417,215,2025-09-16,2025-09,162,East,Consumer,Store,Notebook pack,Office Supplies,2,0,0,3600,0,1400,3600,2200
418,216,2024-03-01,2024-03,146,East,Consumer,Store,Monitor,Technology,3,5,0,72000,3600,48000,68400,20400
419,216,2024-03-01,2024-03,146,East,Consumer,Store,Notebook pack,Office Supplies,3,15,0,5400,810,2100,4590,2490
420,216,2024-03-01,2024-03,146,East,Consumer,Store,Chair,Furniture,1,0,0,17000,0,11000,17000,6000
421,217,2025-02-25,2025-02,16,South,Consumer,Store,Chair,Furniture,2,15,0,34000,5100,22000,28900,6900
422,217,2025-02-25,2025-02,16,South,Consumer,Store,Storage box,Office Supplies,4,10,0,10400,1040,4800,9360,4560
423,217,2025-02-25,2025-02,16,South,Consumer,Store,Notebook pack,Office Supplies,3,10,0,5400,540,2100,4860,2760
424,218,2024-03-18,2024-03,163,Central,Business,Online,Notebook pack,Office Supplies,3,10,0,5400,540,2100,4860,2760
425,218,2024-03-18,2024-03,163,Central,Business,Online,Monitor,Technology,3,15,1,72000,10800,0,0,0
426,219,2024-04-05,2024-04,188,East,Business,Store,Storage box,Office Supplies,5,10,0,13000,1300,6000,11700,5700
427,219,2024-04-05,2024-04,188,East,Business,Store,Monitor,Technology,4,0,0,96000,0,64000,96000,32000
428,219,2024-04-05,2024-04,188,East,Business,Store,Desk,Furniture,3,10,0,84000,8400,57000,75600,18600
429,220,2025-08-14,2025-08,34,West,Business,Store,Storage box,Office Supplies,1,0,0,2600,0,1200,2600,1400
430,220,2025-08-14,2025-08,34,West,Business,Store,Desk,Furniture,4,0,0,112000,0,76000,112000,36000
431,221,2024-06-10,2024-06,113,East,Consumer,Store,Keyboard,Technology,2,0,0,13000,0,6400,13000,6600
432,222,2024-11-05,2024-11,41,South,Consumer,Store,Storage box,Office Supplies,3,5,0,7800,390,3600,7410,3810
433,223,2025-11-11,2025-11,167,South,Consumer,Online,Keyboard,Technology,3,0,0,19500,0,9600,19500,9900
434,224,2024-04-03,2024-04,181,South,Consumer,Online,Chair,Furniture,4,0,0,68000,0,44000,68000,24000
435,225,2024-08-19,2024-08,133,West,Business,Store,Desk,Furniture,3,0,0,84000,0,57000,84000,27000
436,226,2025-03-08,2025-03,178,Central,Consumer,Online,Desk,Furniture,4,0,0,112000,0,76000,112000,36000
437,226,2025-03-08,2025-03,178,Central,Consumer,Online,Chair,Furniture,1,0,0,17000,0,11000,17000,6000
438,227,2024-11-02,2024-11,36,East,Business,Store,Storage box,Office Supplies,2,0,0,5200,0,2400,5200,2800
439,228,2024-01-09,2024-01,157,West,Consumer,Online,Monitor,Technology,2,10,0,48000,4800,32000,43200,11200
440,228,2024-01-09,2024-01,157,West,Consumer,Online,Chair,Furniture,4,5,0,68000,3400,44000,64600,20600
441,229,2024-04-12,2024-04,36,East,Business,Online,Storage box,Office Supplies,4,5,0,10400,520,4800,9880,5080
442,229,2024-04-12,2024-04,36,East,Business,Online,Keyboard,Technology,2,5,0,13000,650,6400,12350,5950
443,229,2024-04-12,2024-04,36,East,Business,Online,Monitor,Technology,2,15,0,48000,7200,32000,40800,8800
444,230,2025-09-14,2025-09,73,South,Business,Online,Monitor,Technology,4,5,0,96000,4800,64000,91200,27200
445,230,2025-09-14,2025-09,73,South,Business,Online,Chair,Furniture,2,35,0,34000,11900,22000,22100,100
446,230,2025-09-14,2025-09,73,South,Business,Online,Notebook pack,Office Supplies,2,10,0,3600,360,1400,3240,1840
447,231,2024-03-13,2024-03,136,East,Business,Online,Monitor,Technology,4,15,0,96000,14400,64000,81600,17600
448,231,2024-03-13,2024-03,136,East,Business,Online,Chair,Furniture,5,0,0,85000,0,55000,85000,30000
449,232,2024-03-15,2024-03,5,South,Consumer,Online,Monitor,Technology,2,0,0,48000,0,32000,48000,16000
450,233,2025-02-11,2025-02,130,East,Consumer,Store,Storage box,Office Supplies,4,10,0,10400,1040,4800,9360,4560
451,233,2025-02-11,2025-02,130,East,Consumer,Store,Notebook pack,Office Supplies,5,15,0,9000,1350,3500,7650,4150
452,233,2025-02-11,2025-02,130,East,Consumer,Store,Keyboard,Technology,3,0,0,19500,0,9600,19500,9900
453,234,2025-06-07,2025-06,53,East,Business,Online,Monitor,Technology,3,10,0,72000,7200,48000,64800,16800
454,234,2025-06-07,2025-06,53,East,Business,Online,Keyboard,Technology,2,0,0,13000,0,6400,13000,6600
455,234,2025-06-07,2025-06,53,East,Business,Online,Desk,Furniture,4,0,0,112000,0,76000,112000,36000
456,235,2025-09-15,2025-09,15,East,Consumer,Store,Storage box,Office Supplies,1,0,0,2600,0,1200,2600,1400
457,235,2025-09-15,2025-09,15,East,Consumer,Store,Chair,Furniture,2,35,0,34000,11900,22000,22100,100
458,235,2025-09-15,2025-09,15,East,Consumer,Store,Desk,Furniture,5,10,0,140000,14000,95000,126000,31000
459,236,2024-05-09,2024-05,192,West,Business,Store,Desk,Furniture,4,10,0,112000,11200,76000,100800,24800
460,236,2024-05-09,2024-05,192,West,Business,Store,Storage box,Office Supplies,3,15,0,7800,1170,3600,6630,3030
461,236,2024-05-09,2024-05,192,West,Business,Store,Monitor,Technology,4,10,0,96000,9600,64000,86400,22400
462,237,2024-02-26,2024-02,128,East,Consumer,Online,Chair,Furniture,1,0,0,17000,0,11000,17000,6000
463,237,2024-02-26,2024-02,128,East,Consumer,Online,Monitor,Technology,5,0,1,120000,0,0,0,0
464,238,2024-01-13,2024-01,63,East,Consumer,Online,Monitor,Technology,2,0,0,48000,0,32000,48000,16000
465,238,2024-01-13,2024-01,63,East,Consumer,Online,Keyboard,Technology,1,15,0,6500,975,3200,5525,2325
466,239,2025-11-02,2025-11,108,South,Business,Online,Chair,Furniture,3,10,0,51000,5100,33000,45900,12900
467,239,2025-11-02,2025-11,108,South,Business,Online,Keyboard,Technology,5,5,0,32500,1625,16000,30875,14875
468,240,2025-11-20,2025-11,14,West,Business,Online,Notebook pack,Office Supplies,1,10,0,1800,180,700,1620,920
469,241,2025-04-21,2025-04,73,South,Business,Store,Desk,Furniture,4,0,0,112000,0,76000,112000,36000
470,241,2025-04-21,2025-04,73,South,Business,Store,Notebook pack,Office Supplies,3,15,0,5400,810,2100,4590,2490
471,242,2025-09-29,2025-09,63,East,Consumer,Store,Notebook pack,Office Supplies,2,15,0,3600,540,1400,3060,1660
472,242,2025-09-29,2025-09,63,East,Consumer,Store,Keyboard,Technology,2,0,1,13000,0,0,0,0
473,243,2025-02-23,2025-02,7,West,Consumer,Online,Monitor,Technology,1,10,0,24000,2400,16000,21600,5600
474,243,2025-02-23,2025-02,7,West,Consumer,Online,Desk,Furniture,3,0,0,84000,0,57000,84000,27000
475,243,2025-02-23,2025-02,7,West,Consumer,Online,Storage box,Office Supplies,2,10,0,5200,520,2400,4680,2280
476,244,2024-03-02,2024-03,37,South,Business,Store,Desk,Furniture,2,25,0,56000,14000,38000,42000,4000
477,245,2025-01-16,2025-01,118,East,Consumer,Online,Desk,Furniture,4,0,0,112000,0,76000,112000,36000
478,245,2025-01-16,2025-01,118,East,Consumer,Online,Notebook pack,Office Supplies,1,10,0,1800,180,700,1620,920
479,245,2025-01-16,2025-01,118,East,Consumer,Online,Chair,Furniture,2,5,0,34000,1700,22000,32300,10300
480,246,2024-11-18,2024-11,101,East,Consumer,Store,Keyboard,Technology,2,0,0,13000,0,6400,13000,6600
481,246,2024-11-18,2024-11,101,East,Consumer,Store,Monitor,Technology,2,15,0,48000,7200,32000,40800,8800
482,247,2024-04-18,2024-04,43,West,Business,Store,Monitor,Technology,1,15,0,24000,3600,16000,20400,4400
483,247,2024-04-18,2024-04,43,West,Business,Store,Keyboard,Technology,2,10,0,13000,1300,6400,11700,5300
484,248,2024-09-28,2024-09,31,West,Consumer,Online,Storage box,Office Supplies,3,15,1,7800,1170,0,0,0
485,249,2024-12-01,2024-12,38,East,Consumer,Online,Chair,Furniture,5,0,0,85000,0,55000,85000,30000
486,249,2024-12-01,2024-12,38,East,Consumer,Online,Monitor,Technology,3,0,1,72000,0,0,0,0
487,249,2024-12-01,2024-12,38,East,Consumer,Online,Keyboard,Technology,4,10,0,26000,2600,12800,23400,10600
488,250,2025-07-17,2025-07,64,Central,Business,Online,Desk,Furniture,1,0,0,28000,0,19000,28000,9000
489,250,2025-07-17,2025-07,64,Central,Business,Online,Chair,Furniture,2,0,0,34000,0,22000,34000,12000
490,251,2025-02-14,2025-02,96,South,Consumer,Online,Notebook pack,Office Supplies,1,0,0,1800,0,700,1800,1100
491,251,2025-02-14,2025-02,96,South,Consumer,Online,Monitor,Technology,4,0,0,96000,0,64000,96000,32000
492,251,2025-02-14,2025-02,96,South,Consumer,Online,Desk,Furniture,3,0,1,84000,0,0,0,0
493,252,2025-04-17,2025-04,13,Central,Consumer,Online,Keyboard,Technology,1,10,0,6500,650,3200,5850,2650
494,252,2025-04-17,2025-04,13,Central,Consumer,Online,Storage box,Office Supplies,2,5,0,5200,260,2400,4940,2540
495,252,2025-04-17,2025-04,13,Central,Consumer,Online,Notebook pack,Office Supplies,2,5,0,3600,180,1400,3420,2020
496,253,2024-06-01,2024-06,9,South,Consumer,Online,Monitor,Technology,5,10,0,120000,12000,80000,108000,28000
497,253,2024-06-01,2024-06,9,South,Consumer,Online,Keyboard,Technology,3,10,0,19500,1950,9600,17550,7950
498,253,2024-06-01,2024-06,9,South,Consumer,Online,Notebook pack,Office Supplies,2,15,0,3600,540,1400,3060,1660
499,254,2025-07-10,2025-07,5,South,Consumer,Store,Monitor,Technology,3,15,0,72000,10800,48000,61200,13200
500,254,2025-07-10,2025-07,5,South,Consumer,Store,Keyboard,Technology,4,5,0,26000,1300,12800,24700,11900
501,254,2025-07-10,2025-07,5,South,Consumer,Store,Notebook pack,Office Supplies,3,15,0,5400,810,2100,4590,2490
502,255,2024-10-14,2024-10,15,East,Consumer,Store,Monitor,Technology,2,0,0,48000,0,32000,48000,16000
503,255,2024-10-14,2024-10,15,East,Consumer,Store,Notebook pack,Office Supplies,2,5,0,3600,180,1400,3420,2020
504,255,2024-10-14,2024-10,15,East,Consumer,Store,Chair,Furniture,1,5,0,17000,850,11000,16150,5150
505,256,2025-02-01,2025-02,91,South,Consumer,Online,Chair,Furniture,5,15,0,85000,12750,55000,72250,17250
506,257,2025-12-15,2025-12,92,East,Consumer,Online,Storage box,Office Supplies,5,0,0,13000,0,6000,13000,7000
507,257,2025-12-15,2025-12,92,East,Consumer,Online,Monitor,Technology,4,15,0,96000,14400,64000,81600,17600
508,257,2025-12-15,2025-12,92,East,Consumer,Online,Chair,Furniture,4,0,0,68000,0,44000,68000,24000
509,258,2024-08-26,2024-08,155,Central,Business,Online,Notebook pack,Office Supplies,4,0,0,7200,0,2800,7200,4400
510,259,2025-09-20,2025-09,52,Central,Consumer,Online,Storage box,Office Supplies,3,0,1,7800,0,0,0,0
511,259,2025-09-20,2025-09,52,Central,Consumer,Online,Chair,Furniture,5,0,0,85000,0,55000,85000,30000
512,260,2025-06-22,2025-06,94,East,Consumer,Online,Storage box,Office Supplies,5,0,0,13000,0,6000,13000,7000
513,260,2025-06-22,2025-06,94,East,Consumer,Online,Keyboard,Technology,3,0,0,19500,0,9600,19500,9900
514,261,2025-03-23,2025-03,164,West,Business,Store,Monitor,Technology,2,15,0,48000,7200,32000,40800,8800
515,261,2025-03-23,2025-03,164,West,Business,Store,Chair,Furniture,4,10,0,68000,6800,44000,61200,17200
516,261,2025-03-23,2025-03,164,West,Business,Store,Storage box,Office Supplies,3,0,0,7800,0,3600,7800,4200
517,262,2024-01-02,2024-01,180,Central,Business,Store,Desk,Furniture,5,5,0,140000,7000,95000,133000,38000
518,262,2024-01-02,2024-01,180,Central,Business,Store,Chair,Furniture,1,35,0,17000,5950,11000,11050,50
519,262,2024-01-02,2024-01,180,Central,Business,Store,Monitor,Technology,1,0,0,24000,0,16000,24000,8000
520,263,2024-11-23,2024-11,43,West,Business,Online,Storage box,Office Supplies,1,5,0,2600,130,1200,2470,1270
521,263,2024-11-23,2024-11,43,West,Business,Online,Monitor,Technology,1,5,0,24000,1200,16000,22800,6800
522,263,2024-11-23,2024-11,43,West,Business,Online,Keyboard,Technology,1,0,1,6500,0,0,0,0
523,264,2025-03-24,2025-03,188,East,Business,Store,Keyboard,Technology,4,10,0,26000,2600,12800,23400,10600
524,265,2025-01-19,2025-01,26,South,Business,Store,Storage box,Office Supplies,4,0,0,10400,0,4800,10400,5600
525,265,2025-01-19,2025-01,26,South,Business,Store,Chair,Furniture,1,10,1,17000,1700,0,0,0
526,265,2025-01-19,2025-01,26,South,Business,Store,Notebook pack,Office Supplies,3,0,0,5400,0,2100,5400,3300
527,266,2024-06-23,2024-06,97,South,Consumer,Online,Desk,Furniture,3,35,0,84000,29400,57000,54600,-2400
528,266,2024-06-23,2024-06,97,South,Consumer,Online,Notebook pack,Office Supplies,4,0,0,7200,0,2800,7200,4400
529,266,2024-06-23,2024-06,97,South,Consumer,Online,Storage box,Office Supplies,4,0,1,10400,0,0,0,0
530,267,2024-12-05,2024-12,53,East,Business,Online,Storage box,Office Supplies,5,5,0,13000,650,6000,12350,6350
531,267,2024-12-05,2024-12,53,East,Business,Online,Notebook pack,Office Supplies,3,0,0,5400,0,2100,5400,3300
532,268,2025-02-06,2025-02,147,Central,Consumer,Store,Desk,Furniture,3,0,0,84000,0,57000,84000,27000
533,269,2024-10-28,2024-10,170,West,Consumer,Store,Desk,Furniture,1,5,0,28000,1400,19000,26600,7600
534,270,2024-10-25,2024-10,21,Central,Business,Store,Monitor,Technology,4,10,0,96000,9600,64000,86400,22400
535,271,2025-11-07,2025-11,68,East,Consumer,Online,Notebook pack,Office Supplies,3,10,0,5400,540,2100,4860,2760
536,271,2025-11-07,2025-11,68,East,Consumer,Online,Keyboard,Technology,4,0,0,26000,0,12800,26000,13200
537,271,2025-11-07,2025-11,68,East,Consumer,Online,Chair,Furniture,4,10,0,68000,6800,44000,61200,17200
538,272,2024-10-02,2024-10,145,South,Business,Online,Storage box,Office Supplies,1,0,0,2600,0,1200,2600,1400
539,273,2025-07-08,2025-07,106,East,Consumer,Online,Desk,Furniture,5,35,0,140000,49000,95000,91000,-4000
540,273,2025-07-08,2025-07,106,East,Consumer,Online,Keyboard,Technology,2,10,0,13000,1300,6400,11700,5300
541,273,2025-07-08,2025-07,106,East,Consumer,Online,Notebook pack,Office Supplies,4,0,0,7200,0,2800,7200,4400
542,274,2025-06-13,2025-06,147,Central,Consumer,Online,Keyboard,Technology,2,0,0,13000,0,6400,13000,6600
543,275,2024-07-16,2024-07,33,South,Business,Online,Desk,Furniture,2,0,0,56000,0,38000,56000,18000
544,275,2024-07-16,2024-07,33,South,Business,Online,Keyboard,Technology,3,5,0,19500,975,9600,18525,8925
545,276,2024-03-09,2024-03,23,East,Consumer,Store,Keyboard,Technology,3,15,0,19500,2925,9600,16575,6975
546,276,2024-03-09,2024-03,23,East,Consumer,Store,Notebook pack,Office Supplies,1,15,0,1800,270,700,1530,830
547,276,2024-03-09,2024-03,23,East,Consumer,Store,Monitor,Technology,4,0,0,96000,0,64000,96000,32000
548,277,2024-05-31,2024-05,146,East,Consumer,Online,Notebook pack,Office Supplies,1,5,0,1800,90,700,1710,1010
549,278,2024-12-18,2024-12,106,East,Consumer,Store,Storage box,Office Supplies,5,15,0,13000,1950,6000,11050,5050
550,278,2024-12-18,2024-12,106,East,Consumer,Store,Keyboard,Technology,2,5,0,13000,650,6400,12350,5950
551,279,2025-09-25,2025-09,156,East,Business,Store,Keyboard,Technology,3,0,1,19500,0,0,0,0
552,280,2025-05-01,2025-05,69,West,Business,Store,Monitor,Technology,3,5,0,72000,3600,48000,68400,20400
553,281,2025-05-18,2025-05,179,East,Business,Online,Chair,Furniture,3,35,0,51000,17850,33000,33150,150
554,282,2024-11-24,2024-11,69,West,Business,Store,Storage box,Office Supplies,4,0,0,10400,0,4800,10400,5600
555,282,2024-11-24,2024-11,69,West,Business,Store,Desk,Furniture,4,35,0,112000,39200,76000,72800,-3200
556,282,2024-11-24,2024-11,69,West,Business,Store,Chair,Furniture,3,0,0,51000,0,33000,51000,18000
557,283,2024-06-11,2024-06,17,Central,Business,Store,Notebook pack,Office Supplies,5,15,1,9000,1350,0,0,0
558,283,2024-06-11,2024-06,17,Central,Business,Store,Keyboard,Technology,2,0,0,13000,0,6400,13000,6600
559,283,2024-06-11,2024-06,17,Central,Business,Store,Chair,Furniture,2,0,0,34000,0,22000,34000,12000
560,284,2025-01-04,2025-01,181,South,Consumer,Online,Monitor,Technology,5,10,0,120000,12000,80000,108000,28000
561,284,2025-01-04,2025-01,181,South,Consumer,Online,Keyboard,Technology,1,0,0,6500,0,3200,6500,3300
562,285,2025-05-15,2025-05,153,West,Business,Store,Keyboard,Technology,5,15,0,32500,4875,16000,27625,11625
563,286,2024-06-16,2024-06,67,East,Business,Online,Desk,Furniture,1,0,0,28000,0,19000,28000,9000
564,286,2024-06-16,2024-06,67,East,Business,Online,Keyboard,Technology,2,0,0,13000,0,6400,13000,6600
565,287,2025-11-24,2025-11,53,East,Business,Store,Keyboard,Technology,1,10,0,6500,650,3200,5850,2650
566,287,2025-11-24,2025-11,53,East,Business,Store,Notebook pack,Office Supplies,2,15,0,3600,540,1400,3060,1660
567,287,2025-11-24,2025-11,53,East,Business,Store,Desk,Furniture,2,10,0,56000,5600,38000,50400,12400
568,288,2024-11-08,2024-11,183,Central,Consumer,Store,Keyboard,Technology,4,5,0,26000,1300,12800,24700,11900
569,288,2024-11-08,2024-11,183,Central,Consumer,Store,Monitor,Technology,3,15,0,72000,10800,48000,61200,13200
570,289,2025-02-10,2025-02,150,East,Consumer,Online,Notebook pack,Office Supplies,3,15,0,5400,810,2100,4590,2490
571,290,2025-09-15,2025-09,73,South,Business,Store,Desk,Furniture,3,10,0,84000,8400,57000,75600,18600
572,290,2025-09-15,2025-09,73,South,Business,Store,Keyboard,Technology,3,5,0,19500,975,9600,18525,8925
573,290,2025-09-15,2025-09,73,South,Business,Store,Storage box,Office Supplies,3,0,0,7800,0,3600,7800,4200
574,291,2024-09-03,2024-09,15,East,Consumer,Store,Monitor,Technology,4,5,0,96000,4800,64000,91200,27200
575,291,2024-09-03,2024-09,15,East,Consumer,Store,Chair,Furniture,4,25,0,68000,17000,44000,51000,7000
576,291,2024-09-03,2024-09,15,East,Consumer,Store,Desk,Furniture,1,5,0,28000,1400,19000,26600,7600
577,292,2025-12-31,2025-12,57,East,Business,Store,Monitor,Technology,2,15,0,48000,7200,32000,40800,8800
578,292,2025-12-31,2025-12,57,East,Business,Store,Notebook pack,Office Supplies,1,10,0,1800,180,700,1620,920
579,292,2025-12-31,2025-12,57,East,Business,Store,Storage box,Office Supplies,3,15,0,7800,1170,3600,6630,3030
580,293,2024-07-06,2024-07,175,South,Business,Store,Desk,Furniture,2,10,0,56000,5600,38000,50400,12400
581,293,2024-07-06,2024-07,175,South,Business,Store,Chair,Furniture,3,15,0,51000,7650,33000,43350,10350
582,293,2024-07-06,2024-07,175,South,Business,Store,Monitor,Technology,3,10,0,72000,7200,48000,64800,16800
583,294,2025-04-26,2025-04,14,West,Business,Online,Chair,Furniture,1,25,0,17000,4250,11000,12750,1750
584,294,2025-04-26,2025-04,14,West,Business,Online,Notebook pack,Office Supplies,4,0,0,7200,0,2800,7200,4400
585,295,2024-06-03,2024-06,36,East,Business,Online,Keyboard,Technology,4,0,0,26000,0,12800,26000,13200
586,295,2024-06-03,2024-06,36,East,Business,Online,Notebook pack,Office Supplies,2,0,0,3600,0,1400,3600,2200
587,296,2025-10-08,2025-10,46,West,Business,Store,Desk,Furniture,3,5,0,84000,4200,57000,79800,22800
588,296,2025-10-08,2025-10,46,West,Business,Store,Storage box,Office Supplies,2,15,0,5200,780,2400,4420,2020
589,296,2025-10-08,2025-10,46,West,Business,Store,Keyboard,Technology,4,0,0,26000,0,12800,26000,13200
590,297,2025-03-20,2025-03,163,Central,Business,Store,Keyboard,Technology,4,0,1,26000,0,0,0,0
591,297,2025-03-20,2025-03,163,Central,Business,Store,Storage box,Office Supplies,2,5,0,5200,260,2400,4940,2540
592,298,2024-11-25,2024-11,194,Central,Business,Online,Storage box,Office Supplies,1,0,0,2600,0,1200,2600,1400
593,299,2024-12-18,2024-12,80,East,Consumer,Online,Keyboard,Technology,5,15,0,32500,4875,16000,27625,11625
594,300,2024-03-07,2024-03,12,South,Business,Store,Keyboard,Technology,5,15,0,32500,4875,16000,27625,11625
595,300,2024-03-07,2024-03,12,South,Business,Store,Notebook pack,Office Supplies,2,5,0,3600,180,1400,3420,2020
596,301,2025-05-16,2025-05,92,East,Consumer,Online,Keyboard,Technology,1,0,0,6500,0,3200,6500,3300
597,302,2024-05-14,2024-05,55,Central,Business,Online,Notebook pack,Office Supplies,3,0,0,5400,0,2100,5400,3300
598,302,2024-05-14,2024-05,55,Central,Business,Online,Chair,Furniture,3,0,0,51000,0,33000,51000,18000
599,302,2024-05-14,2024-05,55,Central,Business,Online,Desk,Furniture,1,0,0,28000,0,19000,28000,9000
600,303,2024-01-21,2024-01,13,Central,Consumer,Online,Keyboard,Technology,1,15,0,6500,975,3200,5525,2325
601,303,2024-01-21,2024-01,13,Central,Consumer,Online,Storage box,Office Supplies,2,0,0,5200,0,2400,5200,2800
602,304,2025-10-07,2025-10,3,West,Consumer,Store,Storage box,Office Supplies,5,5,0,13000,650,6000,12350,6350
603,304,2025-10-07,2025-10,3,West,Consumer,Store,Desk,Furniture,2,25,0,56000,14000,38000,42000,4000
604,305,2024-04-17,2024-04,131,Central,Consumer,Online,Desk,Furniture,4,5,0,112000,5600,76000,106400,30400
605,305,2024-04-17,2024-04,131,Central,Consumer,Online,Storage box,Office Supplies,3,15,0,7800,1170,3600,6630,3030
606,306,2025-01-01,2025-01,181,South,Consumer,Store,Chair,Furniture,5,35,0,85000,29750,55000,55250,250
607,306,2025-01-01,2025-01,181,South,Consumer,Store,Desk,Furniture,4,15,0,112000,16800,76000,95200,19200
608,307,2024-01-14,2024-01,172,South,Business,Online,Notebook pack,Office Supplies,4,0,0,7200,0,2800,7200,4400
609,308,2025-06-07,2025-06,20,South,Consumer,Online,Storage box,Office Supplies,4,5,0,10400,520,4800,9880,5080
610,308,2025-06-07,2025-06,20,South,Consumer,Online,Chair,Furniture,1,0,0,17000,0,11000,17000,6000
611,309,2024-02-10,2024-02,75,East,Consumer,Store,Monitor,Technology,1,0,1,24000,0,0,0,0
612,309,2024-02-10,2024-02,75,East,Consumer,Store,Keyboard,Technology,2,0,0,13000,0,6400,13000,6600
613,309,2024-02-10,2024-02,75,East,Consumer,Store,Desk,Furniture,4,10,0,112000,11200,76000,100800,24800
614,310,2024-04-05,2024-04,96,South,Consumer,Store,Desk,Furniture,4,25,0,112000,28000,76000,84000,8000
615,311,2024-10-05,2024-10,99,West,Consumer,Store,Storage box,Office Supplies,1,0,0,2600,0,1200,2600,1400
616,311,2024-10-05,2024-10,99,West,Consumer,Store,Chair,Furniture,1,0,0,17000,0,11000,17000,6000
617,312,2025-08-27,2025-08,124,Central,Consumer,Store,Notebook pack,Office Supplies,4,5,0,7200,360,2800,6840,4040
618,313,2025-12-01,2025-12,187,Central,Business,Online,Keyboard,Technology,4,10,1,26000,2600,0,0,0
619,313,2025-12-01,2025-12,187,Central,Business,Online,Desk,Furniture,3,15,1,84000,12600,0,0,0
620,314,2025-11-25,2025-11,135,South,Business,Online,Monitor,Technology,4,0,0,96000,0,64000,96000,32000
621,314,2025-11-25,2025-11,135,South,Business,Online,Notebook pack,Office Supplies,4,0,0,7200,0,2800,7200,4400
622,314,2025-11-25,2025-11,135,South,Business,Online,Desk,Furniture,5,0,1,140000,0,0,0,0
623,315,2024-06-09,2024-06,130,East,Consumer,Store,Chair,Furniture,4,15,0,68000,10200,44000,57800,13800
624,315,2024-06-09,2024-06,130,East,Consumer,Store,Desk,Furniture,3,0,0,84000,0,57000,84000,27000
625,316,2025-07-17,2025-07,165,West,Consumer,Store,Chair,Furniture,4,35,0,68000,23800,44000,44200,200
626,316,2025-07-17,2025-07,165,West,Consumer,Store,Desk,Furniture,4,0,0,112000,0,76000,112000,36000
627,317,2025-04-02,2025-04,81,East,Consumer,Online,Storage box,Office Supplies,1,10,0,2600,260,1200,2340,1140
628,317,2025-04-02,2025-04,81,East,Consumer,Online,Desk,Furniture,5,0,0,140000,0,95000,140000,45000
629,318,2025-09-10,2025-09,159,South,Consumer,Store,Notebook pack,Office Supplies,3,5,0,5400,270,2100,5130,3030
630,318,2025-09-10,2025-09,159,South,Consumer,Store,Chair,Furniture,2,35,0,34000,11900,22000,22100,100
631,318,2025-09-10,2025-09,159,South,Consumer,Store,Keyboard,Technology,5,15,0,32500,4875,16000,27625,11625
632,319,2025-11-03,2025-11,94,East,Consumer,Store,Desk,Furniture,2,0,0,56000,0,38000,56000,18000
633,320,2025-10-10,2025-10,75,East,Consumer,Store,Desk,Furniture,4,0,0,112000,0,76000,112000,36000
634,320,2025-10-10,2025-10,75,East,Consumer,Store,Storage box,Office Supplies,4,0,0,10400,0,4800,10400,5600
635,320,2025-10-10,2025-10,75,East,Consumer,Store,Chair,Furniture,2,5,0,34000,1700,22000,32300,10300
636,321,2025-02-06,2025-02,56,West,Business,Store,Storage box,Office Supplies,3,0,0,7800,0,3600,7800,4200
637,322,2024-02-17,2024-02,163,Central,Business,Online,Keyboard,Technology,5,0,0,32500,0,16000,32500,16500
638,322,2024-02-17,2024-02,163,Central,Business,Online,Notebook pack,Office Supplies,1,15,0,1800,270,700,1530,830
639,323,2025-07-20,2025-07,111,West,Consumer,Store,Chair,Furniture,2,0,0,34000,0,22000,34000,12000
640,323,2025-07-20,2025-07,111,West,Consumer,Store,Notebook pack,Office Supplies,5,15,0,9000,1350,3500,7650,4150
641,323,2025-07-20,2025-07,111,West,Consumer,Store,Storage box,Office Supplies,5,10,0,13000,1300,6000,11700,5700
642,324,2025-09-15,2025-09,178,Central,Consumer,Online,Keyboard,Technology,3,10,0,19500,1950,9600,17550,7950
643,324,2025-09-15,2025-09,178,Central,Consumer,Online,Monitor,Technology,2,10,0,48000,4800,32000,43200,11200
644,325,2025-06-08,2025-06,77,Central,Consumer,Store,Storage box,Office Supplies,2,0,0,5200,0,2400,5200,2800
645,325,2025-06-08,2025-06,77,Central,Consumer,Store,Notebook pack,Office Supplies,3,5,0,5400,270,2100,5130,3030
646,325,2025-06-08,2025-06,77,Central,Consumer,Store,Chair,Furniture,2,0,0,34000,0,22000,34000,12000
647,326,2025-12-11,2025-12,164,West,Business,Store,Desk,Furniture,5,25,0,140000,35000,95000,105000,10000
648,326,2025-12-11,2025-12,164,West,Business,Store,Monitor,Technology,5,5,0,120000,6000,80000,114000,34000
649,326,2025-12-11,2025-12,164,West,Business,Store,Keyboard,Technology,4,0,0,26000,0,12800,26000,13200
650,327,2024-01-26,2024-01,98,Central,Business,Online,Storage box,Office Supplies,1,0,0,2600,0,1200,2600,1400
651,328,2024-06-13,2024-06,74,South,Business,Store,Desk,Furniture,3,5,0,84000,4200,57000,79800,22800
652,329,2024-02-03,2024-02,92,East,Consumer,Store,Notebook pack,Office Supplies,5,0,0,9000,0,3500,9000,5500
653,330,2025-07-28,2025-07,100,South,Consumer,Online,Storage box,Office Supplies,4,10,0,10400,1040,4800,9360,4560
654,330,2025-07-28,2025-07,100,South,Consumer,Online,Monitor,Technology,3,15,1,72000,10800,0,0,0
655,330,2025-07-28,2025-07,100,South,Consumer,Online,Desk,Furniture,3,5,0,84000,4200,57000,79800,22800
656,331,2025-03-29,2025-03,58,West,Consumer,Store,Notebook pack,Office Supplies,2,5,0,3600,180,1400,3420,2020
657,331,2025-03-29,2025-03,58,West,Consumer,Store,Storage box,Office Supplies,1,0,0,2600,0,1200,2600,1400
658,331,2025-03-29,2025-03,58,West,Consumer,Store,Chair,Furniture,5,0,0,85000,0,55000,85000,30000
659,332,2025-03-14,2025-03,72,West,Business,Store,Chair,Furniture,5,10,1,85000,8500,0,0,0
660,333,2025-04-22,2025-04,182,South,Consumer,Online,Chair,Furniture,3,0,0,51000,0,33000,51000,18000
661,334,2025-10-02,2025-10,158,East,Business,Store,Notebook pack,Office Supplies,3,0,0,5400,0,2100,5400,3300
662,334,2025-10-02,2025-10,158,East,Business,Store,Storage box,Office Supplies,3,15,0,7800,1170,3600,6630,3030
663,335,2024-07-07,2024-07,134,Central,Consumer,Online,Chair,Furniture,1,15,0,17000,2550,11000,14450,3450
664,335,2024-07-07,2024-07,134,Central,Consumer,Online,Keyboard,Technology,2,5,0,13000,650,6400,12350,5950
665,335,2024-07-07,2024-07,134,Central,Consumer,Online,Notebook pack,Office Supplies,3,0,0,5400,0,2100,5400,3300
666,336,2025-09-25,2025-09,136,East,Business,Store,Storage box,Office Supplies,3,10,0,7800,780,3600,7020,3420
667,336,2025-09-25,2025-09,136,East,Business,Store,Desk,Furniture,5,5,0,140000,7000,95000,133000,38000
668,336,2025-09-25,2025-09,136,East,Business,Store,Notebook pack,Office Supplies,3,10,0,5400,540,2100,4860,2760
669,337,2024-04-26,2024-04,99,West,Consumer,Store,Storage box,Office Supplies,5,5,0,13000,650,6000,12350,6350
670,337,2024-04-26,2024-04,99,West,Consumer,Store,Monitor,Technology,5,10,0,120000,12000,80000,108000,28000
671,337,2024-04-26,2024-04,99,West,Consumer,Store,Desk,Furniture,3,5,0,84000,4200,57000,79800,22800
672,338,2024-03-25,2024-03,25,West,Consumer,Online,Notebook pack,Office Supplies,2,0,0,3600,0,1400,3600,2200
673,338,2024-03-25,2024-03,25,West,Consumer,Online,Desk,Furniture,4,0,0,112000,0,76000,112000,36000
674,338,2024-03-25,2024-03,25,West,Consumer,Online,Storage box,Office Supplies,4,0,0,10400,0,4800,10400,5600
675,339,2024-06-06,2024-06,7,West,Consumer,Store,Monitor,Technology,1,0,0,24000,0,16000,24000,8000
676,339,2024-06-06,2024-06,7,West,Consumer,Store,Desk,Furniture,3,0,0,84000,0,57000,84000,27000
677,339,2024-06-06,2024-06,7,West,Consumer,Store,Notebook pack,Office Supplies,2,5,0,3600,180,1400,3420,2020
678,340,2025-04-06,2025-04,162,East,Consumer,Store,Monitor,Technology,4,0,0,96000,0,64000,96000,32000
679,340,2025-04-06,2025-04,162,East,Consumer,Store,Desk,Furniture,5,0,0,140000,0,95000,140000,45000
680,341,2025-08-22,2025-08,12,South,Business,Online,Notebook pack,Office Supplies,3,5,0,5400,270,2100,5130,3030
681,341,2025-08-22,2025-08,12,South,Business,Online,Desk,Furniture,3,35,0,84000,29400,57000,54600,-2400
682,342,2025-11-07,2025-11,8,East,Consumer,Store,Notebook pack,Office Supplies,2,0,0,3600,0,1400,3600,2200
683,343,2025-07-12,2025-07,76,West,Consumer,Online,Storage box,Office Supplies,1,15,0,2600,390,1200,2210,1010
684,343,2025-07-12,2025-07,76,West,Consumer,Online,Monitor,Technology,2,0,1,48000,0,0,0,0
685,344,2025-08-09,2025-08,153,West,Business,Store,Notebook pack,Office Supplies,2,5,0,3600,180,1400,3420,2020
686,344,2025-08-09,2025-08,153,West,Business,Store,Desk,Furniture,5,0,0,140000,0,95000,140000,45000
687,344,2025-08-09,2025-08,153,West,Business,Store,Monitor,Technology,2,15,0,48000,7200,32000,40800,8800
688,345,2024-07-17,2024-07,30,Central,Consumer,Online,Notebook pack,Office Supplies,5,0,0,9000,0,3500,9000,5500
689,345,2024-07-17,2024-07,30,Central,Consumer,Online,Desk,Furniture,1,10,0,28000,2800,19000,25200,6200
690,345,2024-07-17,2024-07,30,Central,Consumer,Online,Keyboard,Technology,5,10,0,32500,3250,16000,29250,13250
691,346,2024-12-31,2024-12,33,South,Business,Online,Monitor,Technology,5,0,0,120000,0,80000,120000,40000
692,347,2024-11-21,2024-11,125,Central,Business,Store,Notebook pack,Office Supplies,5,0,0,9000,0,3500,9000,5500
693,347,2024-11-21,2024-11,125,Central,Business,Store,Monitor,Technology,3,5,0,72000,3600,48000,68400,20400
694,348,2024-06-21,2024-06,2,Central,Consumer,Store,Chair,Furniture,4,10,0,68000,6800,44000,61200,17200
695,349,2024-05-17,2024-05,174,Central,Business,Store,Keyboard,Technology,3,5,0,19500,975,9600,18525,8925
696,349,2024-05-17,2024-05,174,Central,Business,Store,Storage box,Office Supplies,1,0,0,2600,0,1200,2600,1400
697,350,2024-03-24,2024-03,72,West,Business,Online,Chair,Furniture,1,0,0,17000,0,11000,17000,6000
698,350,2024-03-24,2024-03,72,West,Business,Online,Monitor,Technology,1,15,0,24000,3600,16000,20400,4400
699,350,2024-03-24,2024-03,72,West,Business,Online,Desk,Furniture,5,5,0,140000,7000,95000,133000,38000
700,351,2025-07-18,2025-07,67,East,Business,Store,Chair,Furniture,2,10,0,34000,3400,22000,30600,8600
701,351,2025-07-18,2025-07,67,East,Business,Store,Monitor,Technology,5,15,0,120000,18000,80000,102000,22000
702,351,2025-07-18,2025-07,67,East,Business,Store,Keyboard,Technology,3,15,1,19500,2925,0,0,0
703,352,2024-09-01,2024-09,158,East,Business,Online,Chair,Furniture,2,0,0,34000,0,22000,34000,12000
704,352,2024-09-01,2024-09,158,East,Business,Online,Keyboard,Technology,4,5,1,26000,1300,0,0,0
705,352,2024-09-01,2024-09,158,East,Business,Online,Storage box,Office Supplies,4,0,0,10400,0,4800,10400,5600
706,353,2025-01-13,2025-01,60,West,Business,Online,Chair,Furniture,4,35,0,68000,23800,44000,44200,200
707,353,2025-01-13,2025-01,60,West,Business,Online,Notebook pack,Office Supplies,1,0,0,1800,0,700,1800,1100
708,353,2025-01-13,2025-01,60,West,Business,Online,Monitor,Technology,3,0,0,72000,0,48000,72000,24000
709,354,2025-06-17,2025-06,163,Central,Business,Store,Monitor,Technology,4,10,0,96000,9600,64000,86400,22400
710,354,2025-06-17,2025-06,163,Central,Business,Store,Notebook pack,Office Supplies,1,15,0,1800,270,700,1530,830
711,354,2025-06-17,2025-06,163,Central,Business,Store,Chair,Furniture,2,25,0,34000,8500,22000,25500,3500
712,355,2024-12-19,2024-12,125,Central,Business,Store,Desk,Furniture,4,0,0,112000,0,76000,112000,36000
713,355,2024-12-19,2024-12,125,Central,Business,Store,Notebook pack,Office Supplies,5,5,0,9000,450,3500,8550,5050
714,355,2024-12-19,2024-12,125,Central,Business,Store,Chair,Furniture,2,0,0,34000,0,22000,34000,12000
715,356,2024-05-01,2024-05,170,West,Consumer,Online,Monitor,Technology,4,10,0,96000,9600,64000,86400,22400
716,356,2024-05-01,2024-05,170,West,Consumer,Online,Desk,Furniture,5,0,0,140000,0,95000,140000,45000
717,357,2025-02-24,2025-02,6,East,Consumer,Online,Chair,Furniture,5,0,0,85000,0,55000,85000,30000
718,358,2025-06-08,2025-06,11,East,Consumer,Online,Chair,Furniture,3,0,0,51000,0,33000,51000,18000
719,359,2025-02-19,2025-02,154,West,Consumer,Online,Storage box,Office Supplies,2,10,0,5200,520,2400,4680,2280
720,359,2025-02-19,2025-02,154,West,Consumer,Online,Monitor,Technology,4,10,0,96000,9600,64000,86400,22400
721,359,2025-02-19,2025-02,154,West,Consumer,Online,Desk,Furniture,4,0,0,112000,0,76000,112000,36000
722,360,2024-07-05,2024-07,160,West,Consumer,Store,Storage box,Office Supplies,3,10,0,7800,780,3600,7020,3420
723,361,2024-03-11,2024-03,59,Central,Consumer,Store,Chair,Furniture,1,5,0,17000,850,11000,16150,5150
724,361,2024-03-11,2024-03,59,Central,Consumer,Store,Desk,Furniture,5,25,0,140000,35000,95000,105000,10000
725,362,2025-09-12,2025-09,25,West,Consumer,Online,Notebook pack,Office Supplies,1,15,0,1800,270,700,1530,830
726,362,2025-09-12,2025-09,25,West,Consumer,Online,Storage box,Office Supplies,1,0,0,2600,0,1200,2600,1400
727,363,2024-05-13,2024-05,155,Central,Business,Online,Storage box,Office Supplies,3,0,0,7800,0,3600,7800,4200
728,363,2024-05-13,2024-05,155,Central,Business,Online,Keyboard,Technology,4,0,0,26000,0,12800,26000,13200
729,363,2024-05-13,2024-05,155,Central,Business,Online,Notebook pack,Office Supplies,4,10,0,7200,720,2800,6480,3680
730,364,2025-12-14,2025-12,148,Central,Consumer,Online,Chair,Furniture,4,5,0,68000,3400,44000,64600,20600
731,364,2025-12-14,2025-12,148,Central,Consumer,Online,Monitor,Technology,1,5,0,24000,1200,16000,22800,6800
732,365,2025-07-10,2025-07,105,West,Business,Store,Desk,Furniture,1,0,0,28000,0,19000,28000,9000
733,366,2025-01-19,2025-01,168,West,Business,Online,Monitor,Technology,1,0,0,24000,0,16000,24000,8000
734,366,2025-01-19,2025-01,168,West,Business,Online,Keyboard,Technology,5,5,0,32500,1625,16000,30875,14875
735,366,2025-01-19,2025-01,168,West,Business,Online,Storage box,Office Supplies,5,10,0,13000,1300,6000,11700,5700
736,367,2025-09-18,2025-09,71,South,Consumer,Store,Keyboard,Technology,5,15,0,32500,4875,16000,27625,11625
737,368,2025-01-14,2025-01,144,East,Consumer,Store,Monitor,Technology,3,10,0,72000,7200,48000,64800,16800
738,368,2025-01-14,2025-01,144,East,Consumer,Store,Notebook pack,Office Supplies,1,0,0,1800,0,700,1800,1100
739,369,2025-12-17,2025-12,42,Central,Consumer,Online,Notebook pack,Office Supplies,4,5,0,7200,360,2800,6840,4040
740,370,2025-09-20,2025-09,179,East,Business,Online,Keyboard,Technology,1,0,0,6500,0,3200,6500,3300
741,371,2025-04-27,2025-04,154,West,Consumer,Store,Desk,Furniture,3,5,0,84000,4200,57000,79800,22800
742,372,2025-09-15,2025-09,10,South,Business,Store,Notebook pack,Office Supplies,3,15,1,5400,810,0,0,0
743,372,2025-09-15,2025-09,10,South,Business,Store,Storage box,Office Supplies,2,10,0,5200,520,2400,4680,2280
744,373,2024-07-25,2024-07,169,Central,Business,Store,Desk,Furniture,5,5,0,140000,7000,95000,133000,38000
745,374,2025-11-21,2025-11,10,South,Business,Store,Storage box,Office Supplies,1,0,0,2600,0,1200,2600,1400
746,375,2024-10-09,2024-10,200,South,Consumer,Store,Storage box,Office Supplies,4,15,0,10400,1560,4800,8840,4040
747,375,2024-10-09,2024-10,200,South,Consumer,Store,Keyboard,Technology,1,0,0,6500,0,3200,6500,3300
748,376,2025-07-16,2025-07,73,South,Business,Store,Monitor,Technology,5,0,0,120000,0,80000,120000,40000
749,376,2025-07-16,2025-07,73,South,Business,Store,Chair,Furniture,4,0,0,68000,0,44000,68000,24000
750,377,2025-02-20,2025-02,130,East,Consumer,Online,Desk,Furniture,3,0,0,84000,0,57000,84000,27000
751,377,2025-02-20,2025-02,130,East,Consumer,Online,Notebook pack,Office Supplies,3,15,0,5400,810,2100,4590,2490
752,377,2025-02-20,2025-02,130,East,Consumer,Online,Monitor,Technology,5,5,0,120000,6000,80000,114000,34000
753,378,2025-01-21,2025-01,145,South,Business,Store,Monitor,Technology,4,10,0,96000,9600,64000,86400,22400
754,379,2024-01-29,2024-01,124,Central,Consumer,Online,Desk,Furniture,2,5,0,56000,2800,38000,53200,15200
755,379,2024-01-29,2024-01,124,Central,Consumer,Online,Keyboard,Technology,4,5,0,26000,1300,12800,24700,11900
756,380,2024-01-10,2024-01,180,Central,Business,Store,Monitor,Technology,1,10,0,24000,2400,16000,21600,5600
757,381,2024-12-16,2024-12,20,South,Consumer,Online,Monitor,Technology,2,15,0,48000,7200,32000,40800,8800
758,381,2024-12-16,2024-12,20,South,Consumer,Online,Storage box,Office Supplies,2,10,0,5200,520,2400,4680,2280
759,382,2024-08-28,2024-08,189,Central,Business,Online,Chair,Furniture,2,5,0,34000,1700,22000,32300,10300
760,382,2024-08-28,2024-08,189,Central,Business,Online,Storage box,Office Supplies,3,0,0,7800,0,3600,7800,4200
761,383,2024-05-02,2024-05,21,Central,Business,Store,Desk,Furniture,4,15,0,112000,16800,76000,95200,19200
762,383,2024-05-02,2024-05,21,Central,Business,Store,Notebook pack,Office Supplies,4,15,0,7200,1080,2800,6120,3320
763,383,2024-05-02,2024-05,21,Central,Business,Store,Storage box,Office Supplies,4,0,0,10400,0,4800,10400,5600
764,384,2025-06-07,2025-06,72,West,Business,Store,Notebook pack,Office Supplies,2,0,0,3600,0,1400,3600,2200
765,385,2025-03-09,2025-03,123,Central,Consumer,Online,Monitor,Technology,4,0,0,96000,0,64000,96000,32000
766,385,2025-03-09,2025-03,123,Central,Consumer,Online,Keyboard,Technology,4,5,0,26000,1300,12800,24700,11900
767,385,2025-03-09,2025-03,123,Central,Consumer,Online,Chair,Furniture,1,5,0,17000,850,11000,16150,5150
768,386,2024-04-13,2024-04,84,South,Consumer,Store,Monitor,Technology,2,5,0,48000,2400,32000,45600,13600
769,386,2024-04-13,2024-04,84,South,Consumer,Store,Chair,Furniture,5,15,0,85000,12750,55000,72250,17250
770,386,2024-04-13,2024-04,84,South,Consumer,Store,Storage box,Office Supplies,4,10,0,10400,1040,4800,9360,4560
771,387,2025-12-18,2025-12,193,South,Consumer,Store,Keyboard,Technology,4,0,0,26000,0,12800,26000,13200
772,387,2025-12-18,2025-12,193,South,Consumer,Store,Monitor,Technology,5,0,0,120000,0,80000,120000,40000
773,388,2024-10-03,2024-10,61,West,Consumer,Store,Chair,Furniture,2,35,0,34000,11900,22000,22100,100
774,388,2024-10-03,2024-10,61,West,Consumer,Store,Storage box,Office Supplies,2,10,0,5200,520,2400,4680,2280
775,389,2025-10-07,2025-10,133,West,Business,Store,Monitor,Technology,5,15,1,120000,18000,0,0,0
776,389,2025-10-07,2025-10,133,West,Business,Store,Storage box,Office Supplies,1,0,0,2600,0,1200,2600,1400
777,390,2024-09-17,2024-09,122,South,Business,Online,Storage box,Office Supplies,3,5,0,7800,390,3600,7410,3810
778,390,2024-09-17,2024-09,122,South,Business,Online,Monitor,Technology,5,5,0,120000,6000,80000,114000,34000
779,391,2025-02-25,2025-02,32,West,Business,Store,Notebook pack,Office Supplies,3,5,0,5400,270,2100,5130,3030
780,391,2025-02-25,2025-02,32,West,Business,Store,Chair,Furniture,5,35,0,85000,29750,55000,55250,250
781,391,2025-02-25,2025-02,32,West,Business,Store,Storage box,Office Supplies,4,0,0,10400,0,4800,10400,5600
782,392,2024-10-20,2024-10,119,West,Business,Online,Storage box,Office Supplies,3,10,0,7800,780,3600,7020,3420
783,393,2025-08-08,2025-08,104,South,Business,Online,Chair,Furniture,3,5,0,51000,2550,33000,48450,15450
784,394,2025-10-30,2025-10,75,East,Consumer,Store,Storage box,Office Supplies,4,5,0,10400,520,4800,9880,5080
785,394,2025-10-30,2025-10,75,East,Consumer,Store,Keyboard,Technology,5,10,0,32500,3250,16000,29250,13250
786,394,2025-10-30,2025-10,75,East,Consumer,Store,Monitor,Technology,2,0,0,48000,0,32000,48000,16000
787,395,2024-08-28,2024-08,170,West,Consumer,Store,Storage box,Office Supplies,2,10,0,5200,520,2400,4680,2280
788,395,2024-08-28,2024-08,170,West,Consumer,Store,Desk,Furniture,1,35,0,28000,9800,19000,18200,-800
789,395,2024-08-28,2024-08,170,West,Consumer,Store,Chair,Furniture,1,25,0,17000,4250,11000,12750,1750
790,396,2024-03-26,2024-03,27,South,Business,Store,Chair,Furniture,3,5,0,51000,2550,33000,48450,15450
791,396,2024-03-26,2024-03,27,South,Business,Store,Desk,Furniture,3,35,0,84000,29400,57000,54600,-2400
792,396,2024-03-26,2024-03,27,South,Business,Store,Keyboard,Technology,2,15,0,13000,1950,6400,11050,4650
793,397,2024-01-30,2024-01,9,South,Consumer,Store,Keyboard,Technology,5,5,0,32500,1625,16000,30875,14875
794,397,2024-01-30,2024-01,9,South,Consumer,Store,Storage box,Office Supplies,2,15,0,5200,780,2400,4420,2020
795,398,2025-09-03,2025-09,117,East,Consumer,Store,Storage box,Office Supplies,3,10,0,7800,780,3600,7020,3420
796,398,2025-09-03,2025-09,117,East,Consumer,Store,Notebook pack,Office Supplies,1,10,0,1800,180,700,1620,920
797,398,2025-09-03,2025-09,117,East,Consumer,Store,Monitor,Technology,4,5,0,96000,4800,64000,91200,27200
798,399,2024-01-11,2024-01,1,East,Consumer,Online,Monitor,Technology,5,0,0,120000,0,80000,120000,40000
799,399,2024-01-11,2024-01,1,East,Consumer,Online,Keyboard,Technology,4,10,0,26000,2600,12800,23400,10600
800,400,2025-03-16,2025-03,75,East,Consumer,Online,Notebook pack,Office Supplies,3,0,0,5400,0,2100,5400,3300
801,401,2025-07-28,2025-07,112,Central,Consumer,Store,Chair,Furniture,4,25,0,68000,17000,44000,51000,7000
802,402,2024-03-22,2024-03,109,South,Business,Online,Notebook pack,Office Supplies,5,5,0,9000,450,3500,8550,5050
803,402,2024-03-22,2024-03,109,South,Business,Online,Monitor,Technology,1,0,0,24000,0,16000,24000,8000
804,402,2024-03-22,2024-03,109,South,Business,Online,Storage box,Office Supplies,1,10,0,2600,260,1200,2340,1140
805,403,2024-10-05,2024-10,180,Central,Business,Store,Monitor,Technology,1,0,1,24000,0,0,0,0
806,404,2025-07-01,2025-07,6,East,Consumer,Online,Monitor,Technology,3,0,0,72000,0,48000,72000,24000
807,405,2024-01-09,2024-01,60,West,Business,Online,Desk,Furniture,4,5,0,112000,5600,76000,106400,30400
808,406,2024-11-15,2024-11,128,East,Consumer,Store,Storage box,Office Supplies,3,0,0,7800,0,3600,7800,4200
809,406,2024-11-15,2024-11,128,East,Consumer,Store,Desk,Furniture,2,0,0,56000,0,38000,56000,18000
810,407,2025-02-05,2025-02,19,South,Consumer,Store,Chair,Furniture,3,25,0,51000,12750,33000,38250,5250
811,408,2024-05-04,2024-05,197,South,Business,Online,Keyboard,Technology,1,0,0,6500,0,3200,6500,3300
812,408,2024-05-04,2024-05,197,South,Business,Online,Chair,Furniture,1,5,0,17000,850,11000,16150,5150
813,409,2025-11-28,2025-11,80,East,Consumer,Store,Storage box,Office Supplies,1,15,0,2600,390,1200,2210,1010
814,410,2024-09-16,2024-09,124,Central,Consumer,Store,Monitor,Technology,1,0,0,24000,0,16000,24000,8000
815,411,2024-08-29,2024-08,163,Central,Business,Store,Desk,Furniture,3,0,0,84000,0,57000,84000,27000
816,411,2024-08-29,2024-08,163,Central,Business,Store,Chair,Furniture,2,0,0,34000,0,22000,34000,12000
817,412,2025-08-18,2025-08,177,Central,Consumer,Store,Notebook pack,Office Supplies,1,0,0,1800,0,700,1800,1100
818,412,2025-08-18,2025-08,177,Central,Consumer,Store,Chair,Furniture,1,15,0,17000,2550,11000,14450,3450
819,412,2025-08-18,2025-08,177,Central,Consumer,Store,Monitor,Technology,1,0,0,24000,0,16000,24000,8000
820,413,2024-06-06,2024-06,180,Central,Business,Online,Keyboard,Technology,2,5,0,13000,650,6400,12350,5950
821,414,2025-10-22,2025-10,194,Central,Business,Store,Storage box,Office Supplies,1,10,0,2600,260,1200,2340,1140
822,414,2025-10-22,2025-10,194,Central,Business,Store,Chair,Furniture,2,10,0,34000,3400,22000,30600,8600
823,415,2025-05-11,2025-05,181,South,Consumer,Store,Monitor,Technology,2,15,0,48000,7200,32000,40800,8800
824,415,2025-05-11,2025-05,181,South,Consumer,Store,Notebook pack,Office Supplies,3,5,0,5400,270,2100,5130,3030
825,415,2025-05-11,2025-05,181,South,Consumer,Store,Keyboard,Technology,3,15,0,19500,2925,9600,16575,6975
826,416,2025-07-21,2025-07,42,Central,Consumer,Online,Chair,Furniture,3,15,0,51000,7650,33000,43350,10350
827,416,2025-07-21,2025-07,42,Central,Consumer,Online,Keyboard,Technology,5,10,0,32500,3250,16000,29250,13250
828,416,2025-07-21,2025-07,42,Central,Consumer,Online,Monitor,Technology,1,15,0,24000,3600,16000,20400,4400
829,417,2025-09-27,2025-09,62,Central,Business,Store,Desk,Furniture,2,35,0,56000,19600,38000,36400,-1600
830,417,2025-09-27,2025-09,62,Central,Business,Store,Notebook pack,Office Supplies,2,15,0,3600,540,1400,3060,1660
831,417,2025-09-27,2025-09,62,Central,Business,Store,Keyboard,Technology,4,5,0,26000,1300,12800,24700,11900
832,418,2025-06-19,2025-06,169,Central,Business,Online,Chair,Furniture,2,0,0,34000,0,22000,34000,12000
833,419,2025-05-12,2025-05,50,East,Business,Online,Notebook pack,Office Supplies,4,10,0,7200,720,2800,6480,3680
834,420,2025-12-19,2025-12,152,East,Business,Store,Monitor,Technology,2,15,0,48000,7200,32000,40800,8800
835,421,2024-01-14,2024-01,54,Central,Consumer,Store,Keyboard,Technology,1,5,0,6500,325,3200,6175,2975
836,422,2025-03-01,2025-03,95,West,Consumer,Online,Monitor,Technology,1,5,0,24000,1200,16000,22800,6800
837,422,2025-03-01,2025-03,95,West,Consumer,Online,Notebook pack,Office Supplies,2,15,0,3600,540,1400,3060,1660
838,422,2025-03-01,2025-03,95,West,Consumer,Online,Desk,Furniture,2,25,0,56000,14000,38000,42000,4000
839,423,2025-06-22,2025-06,169,Central,Business,Online,Storage box,Office Supplies,1,15,0,2600,390,1200,2210,1010
840,423,2025-06-22,2025-06,169,Central,Business,Online,Chair,Furniture,4,25,0,68000,17000,44000,51000,7000
841,423,2025-06-22,2025-06,169,Central,Business,Online,Keyboard,Technology,2,0,0,13000,0,6400,13000,6600
842,424,2025-05-31,2025-05,87,South,Consumer,Online,Notebook pack,Office Supplies,3,15,0,5400,810,2100,4590,2490
843,424,2025-05-31,2025-05,87,South,Consumer,Online,Keyboard,Technology,3,5,0,19500,975,9600,18525,8925
844,424,2025-05-31,2025-05,87,South,Consumer,Online,Monitor,Technology,4,5,0,96000,4800,64000,91200,27200
845,425,2025-07-30,2025-07,140,Central,Business,Online,Notebook pack,Office Supplies,3,10,0,5400,540,2100,4860,2760
846,425,2025-07-30,2025-07,140,Central,Business,Online,Monitor,Technology,4,0,0,96000,0,64000,96000,32000
847,426,2024-10-18,2024-10,153,West,Business,Online,Chair,Furniture,3,5,0,51000,2550,33000,48450,15450
848,426,2024-10-18,2024-10,153,West,Business,Online,Monitor,Technology,3,0,0,72000,0,48000,72000,24000
849,426,2024-10-18,2024-10,153,West,Business,Online,Desk,Furniture,3,0,0,84000,0,57000,84000,27000
850,427,2025-04-16,2025-04,92,East,Consumer,Online,Monitor,Technology,3,15,0,72000,10800,48000,61200,13200
851,428,2024-09-19,2024-09,77,Central,Consumer,Online,Keyboard,Technology,1,5,0,6500,325,3200,6175,2975
852,428,2024-09-19,2024-09,77,Central,Consumer,Online,Notebook pack,Office Supplies,2,10,0,3600,360,1400,3240,1840
853,428,2024-09-19,2024-09,77,Central,Consumer,Online,Chair,Furniture,5,0,0,85000,0,55000,85000,30000
854,429,2024-11-03,2024-11,10,South,Business,Store,Desk,Furniture,3,15,0,84000,12600,57000,71400,14400
855,430,2025-03-20,2025-03,107,South,Consumer,Online,Storage box,Office Supplies,5,0,0,13000,0,6000,13000,7000
856,431,2025-10-09,2025-10,98,Central,Business,Online,Notebook pack,Office Supplies,3,15,0,5400,810,2100,4590,2490
857,431,2025-10-09,2025-10,98,Central,Business,Online,Desk,Furniture,3,5,0,84000,4200,57000,79800,22800
858,432,2025-11-20,2025-11,188,East,Business,Store,Notebook pack,Office Supplies,5,0,0,9000,0,3500,9000,5500
859,432,2025-11-20,2025-11,188,East,Business,Store,Storage box,Office Supplies,3,10,0,7800,780,3600,7020,3420
860,433,2024-12-10,2024-12,22,West,Consumer,Store,Storage box,Office Supplies,3,0,0,7800,0,3600,7800,4200
861,433,2024-12-10,2024-12,22,West,Consumer,Store,Desk,Furniture,4,0,0,112000,0,76000,112000,36000
862,433,2024-12-10,2024-12,22,West,Consumer,Store,Keyboard,Technology,4,15,0,26000,3900,12800,22100,9300
863,434,2025-02-08,2025-02,167,South,Consumer,Online,Notebook pack,Office Supplies,2,0,0,3600,0,1400,3600,2200
864,434,2025-02-08,2025-02,167,South,Consumer,Online,Storage box,Office Supplies,4,5,0,10400,520,4800,9880,5080
865,434,2025-02-08,2025-02,167,South,Consumer,Online,Chair,Furniture,5,0,0,85000,0,55000,85000,30000
866,435,2025-02-27,2025-02,109,South,Business,Store,Chair,Furniture,3,0,0,51000,0,33000,51000,18000
867,435,2025-02-27,2025-02,109,South,Business,Store,Monitor,Technology,2,5,0,48000,2400,32000,45600,13600
868,436,2025-03-28,2025-03,160,West,Consumer,Online,Desk,Furniture,2,15,0,56000,8400,38000,47600,9600
869,436,2025-03-28,2025-03,160,West,Consumer,Online,Chair,Furniture,1,0,0,17000,0,11000,17000,6000
870,437,2024-09-05,2024-09,159,South,Consumer,Online,Desk,Furniture,1,10,0,28000,2800,19000,25200,6200
871,437,2024-09-05,2024-09,159,South,Consumer,Online,Monitor,Technology,1,5,0,24000,1200,16000,22800,6800
872,438,2025-07-04,2025-07,55,Central,Business,Online,Notebook pack,Office Supplies,5,0,0,9000,0,3500,9000,5500
873,438,2025-07-04,2025-07,55,Central,Business,Online,Monitor,Technology,1,10,0,24000,2400,16000,21600,5600
874,438,2025-07-04,2025-07,55,Central,Business,Online,Keyboard,Technology,5,0,0,32500,0,16000,32500,16500
875,439,2024-03-02,2024-03,73,South,Business,Online,Notebook pack,Office Supplies,4,0,0,7200,0,2800,7200,4400
876,439,2024-03-02,2024-03,73,South,Business,Online,Monitor,Technology,3,5,0,72000,3600,48000,68400,20400
877,439,2024-03-02,2024-03,73,South,Business,Online,Desk,Furniture,1,10,0,28000,2800,19000,25200,6200
878,440,2025-10-26,2025-10,99,West,Consumer,Online,Notebook pack,Office Supplies,3,10,0,5400,540,2100,4860,2760
879,440,2025-10-26,2025-10,99,West,Consumer,Online,Desk,Furniture,5,0,0,140000,0,95000,140000,45000
880,441,2025-05-27,2025-05,118,East,Consumer,Online,Chair,Furniture,5,10,0,85000,8500,55000,76500,21500
881,442,2025-02-06,2025-02,191,Central,Consumer,Online,Monitor,Technology,3,5,0,72000,3600,48000,68400,20400
882,443,2024-08-29,2024-08,129,South,Consumer,Store,Storage box,Office Supplies,3,10,0,7800,780,3600,7020,3420
883,444,2024-01-31,2024-01,143,South,Business,Store,Chair,Furniture,3,25,0,51000,12750,33000,38250,5250
884,445,2024-03-30,2024-03,187,Central,Business,Store,Storage box,Office Supplies,4,0,0,10400,0,4800,10400,5600
885,445,2024-03-30,2024-03,187,Central,Business,Store,Notebook pack,Office Supplies,4,5,0,7200,360,2800,6840,4040
886,445,2024-03-30,2024-03,187,Central,Business,Store,Chair,Furniture,3,35,0,51000,17850,33000,33150,150
887,446,2024-07-30,2024-07,168,West,Business,Online,Notebook pack,Office Supplies,3,15,0,5400,810,2100,4590,2490
888,446,2024-07-30,2024-07,168,West,Business,Online,Chair,Furniture,4,0,0,68000,0,44000,68000,24000
889,446,2024-07-30,2024-07,168,West,Business,Online,Storage box,Office Supplies,5,0,0,13000,0,6000,13000,7000
890,447,2025-07-24,2025-07,137,East,Consumer,Online,Monitor,Technology,2,0,0,48000,0,32000,48000,16000
891,448,2025-02-27,2025-02,106,East,Consumer,Store,Storage box,Office Supplies,2,0,0,5200,0,2400,5200,2800
892,448,2025-02-27,2025-02,106,East,Consumer,Store,Monitor,Technology,2,0,0,48000,0,32000,48000,16000
893,449,2025-09-18,2025-09,158,East,Business,Store,Notebook pack,Office Supplies,5,0,0,9000,0,3500,9000,5500
894,449,2025-09-18,2025-09,158,East,Business,Store,Storage box,Office Supplies,1,5,0,2600,130,1200,2470,1270
895,449,2025-09-18,2025-09,158,East,Business,Store,Chair,Furniture,4,0,0,68000,0,44000,68000,24000
896,450,2025-09-11,2025-09,121,East,Consumer,Store,Keyboard,Technology,4,10,0,26000,2600,12800,23400,10600
897,451,2024-07-16,2024-07,58,West,Consumer,Online,Desk,Furniture,4,5,0,112000,5600,76000,106400,30400
898,451,2024-07-16,2024-07,58,West,Consumer,Online,Monitor,Technology,2,0,0,48000,0,32000,48000,16000
899,452,2025-03-25,2025-03,158,East,Business,Store,Monitor,Technology,4,10,0,96000,9600,64000,86400,22400
900,452,2025-03-25,2025-03,158,East,Business,Store,Keyboard,Technology,5,10,0,32500,3250,16000,29250,13250
901,452,2025-03-25,2025-03,158,East,Business,Store,Chair,Furniture,4,0,0,68000,0,44000,68000,24000
902,453,2025-04-07,2025-04,117,East,Consumer,Online,Notebook pack,Office Supplies,5,10,0,9000,900,3500,8100,4600
903,454,2024-02-10,2024-02,143,South,Business,Store,Storage box,Office Supplies,3,10,0,7800,780,3600,7020,3420
904,454,2024-02-10,2024-02,143,South,Business,Store,Desk,Furniture,3,10,0,84000,8400,57000,75600,18600
905,454,2024-02-10,2024-02,143,South,Business,Store,Chair,Furniture,4,10,0,68000,6800,44000,61200,17200
906,455,2024-02-25,2024-02,177,Central,Consumer,Online,Storage box,Office Supplies,1,15,0,2600,390,1200,2210,1010
907,455,2024-02-25,2024-02,177,Central,Consumer,Online,Keyboard,Technology,5,15,0,32500,4875,16000,27625,11625
908,456,2025-02-27,2025-02,83,West,Business,Store,Chair,Furniture,4,5,0,68000,3400,44000,64600,20600
909,457,2024-04-02,2024-04,65,West,Consumer,Store,Storage box,Office Supplies,1,0,0,2600,0,1200,2600,1400
910,457,2024-04-02,2024-04,65,West,Consumer,Store,Chair,Furniture,3,0,0,51000,0,33000,51000,18000
911,457,2024-04-02,2024-04,65,West,Consumer,Store,Desk,Furniture,4,0,0,112000,0,76000,112000,36000
912,458,2025-01-24,2025-01,12,South,Business,Online,Notebook pack,Office Supplies,2,0,0,3600,0,1400,3600,2200
913,458,2025-01-24,2025-01,12,South,Business,Online,Chair,Furniture,1,25,0,17000,4250,11000,12750,1750
914,459,2025-04-01,2025-04,74,South,Business,Online,Chair,Furniture,2,0,0,34000,0,22000,34000,12000
915,460,2024-09-16,2024-09,4,East,Consumer,Store,Keyboard,Technology,1,15,0,6500,975,3200,5525,2325
916,460,2024-09-16,2024-09,4,East,Consumer,Store,Notebook pack,Office Supplies,2,0,0,3600,0,1400,3600,2200
917,461,2025-05-02,2025-05,117,East,Consumer,Store,Desk,Furniture,5,0,0,140000,0,95000,140000,45000
918,461,2025-05-02,2025-05,117,East,Consumer,Store,Notebook pack,Office Supplies,5,5,0,9000,450,3500,8550,5050
919,462,2025-07-24,2025-07,54,Central,Consumer,Online,Chair,Furniture,1,15,1,17000,2550,0,0,0
920,463,2024-02-03,2024-02,171,East,Consumer,Store,Desk,Furniture,1,25,0,28000,7000,19000,21000,2000
921,463,2024-02-03,2024-02,171,East,Consumer,Store,Storage box,Office Supplies,2,5,0,5200,260,2400,4940,2540
922,464,2025-12-09,2025-12,180,Central,Business,Online,Storage box,Office Supplies,3,0,0,7800,0,3600,7800,4200
923,464,2025-12-09,2025-12,180,Central,Business,Online,Notebook pack,Office Supplies,3,5,0,5400,270,2100,5130,3030
924,465,2025-01-23,2025-01,18,Central,Consumer,Store,Desk,Furniture,2,0,0,56000,0,38000,56000,18000
925,465,2025-01-23,2025-01,18,Central,Consumer,Store,Monitor,Technology,3,5,0,72000,3600,48000,68400,20400
926,465,2025-01-23,2025-01,18,Central,Consumer,Store,Keyboard,Technology,5,0,0,32500,0,16000,32500,16500
927,466,2025-09-18,2025-09,15,East,Consumer,Online,Storage box,Office Supplies,4,15,0,10400,1560,4800,8840,4040
928,466,2025-09-18,2025-09,15,East,Consumer,Online,Notebook pack,Office Supplies,3,10,0,5400,540,2100,4860,2760
929,466,2025-09-18,2025-09,15,East,Consumer,Online,Desk,Furniture,3,10,0,84000,8400,57000,75600,18600
930,467,2025-09-30,2025-09,91,South,Consumer,Online,Notebook pack,Office Supplies,4,0,0,7200,0,2800,7200,4400
931,467,2025-09-30,2025-09,91,South,Consumer,Online,Keyboard,Technology,2,5,0,13000,650,6400,12350,5950
932,467,2025-09-30,2025-09,91,South,Consumer,Online,Storage box,Office Supplies,1,0,1,2600,0,0,0,0
933,468,2025-10-02,2025-10,31,West,Consumer,Online,Keyboard,Technology,3,5,0,19500,975,9600,18525,8925
934,468,2025-10-02,2025-10,31,West,Consumer,Online,Storage box,Office Supplies,2,0,0,5200,0,2400,5200,2800
935,468,2025-10-02,2025-10,31,West,Consumer,Online,Desk,Furniture,3,10,0,84000,8400,57000,75600,18600
936,469,2024-11-11,2024-11,77,Central,Consumer,Store,Desk,Furniture,3,15,0,84000,12600,57000,71400,14400
937,470,2025-08-05,2025-08,158,East,Business,Online,Chair,Furniture,3,15,0,51000,7650,33000,43350,10350
938,471,2025-05-05,2025-05,122,South,Business,Online,Chair,Furniture,4,15,0,68000,10200,44000,57800,13800
939,471,2025-05-05,2025-05,122,South,Business,Online,Keyboard,Technology,4,0,0,26000,0,12800,26000,13200
940,471,2025-05-05,2025-05,122,South,Business,Online,Storage box,Office Supplies,3,15,0,7800,1170,3600,6630,3030
941,472,2024-11-19,2024-11,143,South,Business,Online,Notebook pack,Office Supplies,3,5,0,5400,270,2100,5130,3030
942,473,2024-06-01,2024-06,72,West,Business,Online,Keyboard,Technology,2,15,0,13000,1950,6400,11050,4650
943,473,2024-06-01,2024-06,72,West,Business,Online,Notebook pack,Office Supplies,2,15,0,3600,540,1400,3060,1660
944,474,2024-11-11,2024-11,181,South,Consumer,Store,Desk,Furniture,1,35,0,28000,9800,19000,18200,-800
945,474,2024-11-11,2024-11,181,South,Consumer,Store,Monitor,Technology,3,10,0,72000,7200,48000,64800,16800
946,474,2024-11-11,2024-11,181,South,Consumer,Store,Keyboard,Technology,3,0,0,19500,0,9600,19500,9900
947,475,2024-06-28,2024-06,29,Central,Consumer,Store,Chair,Furniture,1,35,0,17000,5950,11000,11050,50
948,476,2025-05-09,2025-05,129,South,Consumer,Online,Monitor,Technology,4,15,0,96000,14400,64000,81600,17600
949,477,2024-12-01,2024-12,37,South,Business,Online,Storage box,Office Supplies,1,10,0,2600,260,1200,2340,1140
950,477,2024-12-01,2024-12,37,South,Business,Online,Chair,Furniture,5,0,1,85000,0,0,0,0
951,477,2024-12-01,2024-12,37,South,Business,Online,Notebook pack,Office Supplies,1,15,0,1800,270,700,1530,830
952,478,2024-12-07,2024-12,120,East,Consumer,Online,Notebook pack,Office Supplies,3,0,0,5400,0,2100,5400,3300
953,479,2024-11-15,2024-11,164,West,Business,Online,Chair,Furniture,3,10,0,51000,5100,33000,45900,12900
954,479,2024-11-15,2024-11,164,West,Business,Online,Storage box,Office Supplies,4,0,0,10400,0,4800,10400,5600
955,480,2024-06-10,2024-06,71,South,Consumer,Online,Notebook pack,Office Supplies,5,15,0,9000,1350,3500,7650,4150
956,481,2025-07-09,2025-07,90,South,Business,Store,Chair,Furniture,5,5,0,85000,4250,55000,80750,25750
957,481,2025-07-09,2025-07,90,South,Business,Store,Monitor,Technology,3,15,0,72000,10800,48000,61200,13200
958,482,2025-07-07,2025-07,114,Central,Consumer,Online,Desk,Furniture,4,0,0,112000,0,76000,112000,36000
959,483,2024-02-25,2024-02,23,East,Consumer,Store,Chair,Furniture,5,35,0,85000,29750,55000,55250,250
960,483,2024-02-25,2024-02,23,East,Consumer,Store,Notebook pack,Office Supplies,3,5,0,5400,270,2100,5130,3030
961,484,2025-12-31,2025-12,195,East,Business,Online,Notebook pack,Office Supplies,1,10,0,1800,180,700,1620,920
962,484,2025-12-31,2025-12,195,East,Business,Online,Chair,Furniture,3,35,0,51000,17850,33000,33150,150
963,485,2024-08-17,2024-08,37,South,Business,Store,Keyboard,Technology,3,5,0,19500,975,9600,18525,8925
964,485,2024-08-17,2024-08,37,South,Business,Store,Chair,Furniture,1,0,0,17000,0,11000,17000,6000
965,486,2024-12-25,2024-12,123,Central,Consumer,Store,Monitor,Technology,3,15,0,72000,10800,48000,61200,13200
966,487,2025-06-04,2025-06,27,South,Business,Store,Desk,Furniture,3,35,0,84000,29400,57000,54600,-2400
967,487,2025-06-04,2025-06,27,South,Business,Store,Monitor,Technology,4,0,0,96000,0,64000,96000,32000
968,487,2025-06-04,2025-06,27,South,Business,Store,Storage box,Office Supplies,5,0,0,13000,0,6000,13000,7000
969,488,2025-01-28,2025-01,17,Central,Business,Store,Storage box,Office Supplies,5,10,0,13000,1300,6000,11700,5700
970,489,2025-03-21,2025-03,146,East,Consumer,Store,Storage box,Office Supplies,1,15,0,2600,390,1200,2210,1010
971,489,2025-03-21,2025-03,146,East,Consumer,Store,Chair,Furniture,1,35,0,17000,5950,11000,11050,50
972,489,2025-03-21,2025-03,146,East,Consumer,Store,Notebook pack,Office Supplies,1,10,0,1800,180,700,1620,920
973,490,2025-02-19,2025-02,18,Central,Consumer,Online,Notebook pack,Office Supplies,4,0,0,7200,0,2800,7200,4400
974,490,2025-02-19,2025-02,18,Central,Consumer,Online,Keyboard,Technology,2,15,0,13000,1950,6400,11050,4650
975,490,2025-02-19,2025-02,18,Central,Consumer,Online,Monitor,Technology,1,0,0,24000,0,16000,24000,8000
976,491,2025-04-08,2025-04,137,East,Consumer,Store,Notebook pack,Office Supplies,4,0,0,7200,0,2800,7200,4400
977,491,2025-04-08,2025-04,137,East,Consumer,Store,Storage box,Office Supplies,3,5,0,7800,390,3600,7410,3810
978,492,2025-11-26,2025-11,78,West,Consumer,Store,Monitor,Technology,5,15,0,120000,18000,80000,102000,22000
979,492,2025-11-26,2025-11,78,West,Consumer,Store,Desk,Furniture,2,10,0,56000,5600,38000,50400,12400
980,492,2025-11-26,2025-11,78,West,Consumer,Store,Notebook pack,Office Supplies,5,0,1,9000,0,0,0,0
981,493,2025-07-27,2025-07,92,East,Consumer,Online,Desk,Furniture,4,25,0,112000,28000,76000,84000,8000
982,493,2025-07-27,2025-07,92,East,Consumer,Online,Chair,Furniture,4,25,0,68000,17000,44000,51000,7000
983,494,2025-07-12,2025-07,55,Central,Business,Online,Chair,Furniture,5,25,0,85000,21250,55000,63750,8750
984,494,2025-07-12,2025-07,55,Central,Business,Online,Storage box,Office Supplies,3,10,0,7800,780,3600,7020,3420
985,495,2025-11-17,2025-11,33,South,Business,Online,Desk,Furniture,1,0,0,28000,0,19000,28000,9000
986,496,2025-05-13,2025-05,169,Central,Business,Store,Desk,Furniture,2,25,0,56000,14000,38000,42000,4000
987,497,2025-12-13,2025-12,155,Central,Business,Store,Chair,Furniture,5,35,0,85000,29750,55000,55250,250
988,497,2025-12-13,2025-12,155,Central,Business,Store,Keyboard,Technology,2,0,0,13000,0,6400,13000,6600
989,497,2025-12-13,2025-12,155,Central,Business,Store,Notebook pack,Office Supplies,1,15,0,1800,270,700,1530,830
990,498,2024-08-30,2024-08,183,Central,Consumer,Store,Notebook pack,Office Supplies,3,0,0,5400,0,2100,5400,3300
991,498,2024-08-30,2024-08,183,Central,Consumer,Store,Storage box,Office Supplies,5,10,0,13000,1300,6000,11700,5700
992,499,2024-04-25,2024-04,149,South,Business,Store,Desk,Furniture,4,0,0,112000,0,76000,112000,36000
993,499,2024-04-25,2024-04,149,South,Business,Store,Chair,Furniture,5,0,0,85000,0,55000,85000,30000
994,499,2024-04-25,2024-04,149,South,Business,Store,Monitor,Technology,1,15,0,24000,3600,16000,20400,4400
995,500,2024-11-15,2024-11,157,West,Consumer,Online,Notebook pack,Office Supplies,4,10,0,7200,720,2800,6480,3680
996,500,2024-11-15,2024-11,157,West,Consumer,Online,Desk,Furniture,4,15,0,112000,16800,76000,95200,19200
997,501,2024-10-28,2024-10,75,East,Consumer,Online,Storage box,Office Supplies,5,5,0,13000,650,6000,12350,6350
998,502,2025-07-31,2025-07,67,East,Business,Online,Keyboard,Technology,5,0,0,32500,0,16000,32500,16500
999,502,2025-07-31,2025-07,67,East,Business,Online,Notebook pack,Office Supplies,3,15,1,5400,810,0,0,0
1000,502,2025-07-31,2025-07,67,East,Business,Online,Chair,Furniture,4,0,0,68000,0,44000,68000,24000
1001,503,2024-03-19,2024-03,72,West,Business,Store,Notebook pack,Office Supplies,3,5,0,5400,270,2100,5130,3030
1002,504,2024-01-15,2024-01,190,Central,Business,Online,Chair,Furniture,4,15,0,68000,10200,44000,57800,13800
1003,504,2024-01-15,2024-01,190,Central,Business,Online,Notebook pack,Office Supplies,3,0,0,5400,0,2100,5400,3300
1004,504,2024-01-15,2024-01,190,Central,Business,Online,Storage box,Office Supplies,5,0,0,13000,0,6000,13000,7000
1005,505,2024-03-27,2024-03,38,East,Consumer,Online,Keyboard,Technology,2,10,0,13000,1300,6400,11700,5300
1006,505,2024-03-27,2024-03,38,East,Consumer,Online,Storage box,Office Supplies,2,0,0,5200,0,2400,5200,2800
1007,506,2024-12-19,2024-12,14,West,Business,Store,Desk,Furniture,2,35,0,56000,19600,38000,36400,-1600
1008,507,2024-11-04,2024-11,122,South,Business,Online,Storage box,Office Supplies,4,5,0,10400,520,4800,9880,5080
1009,507,2024-11-04,2024-11,122,South,Business,Online,Keyboard,Technology,4,0,0,26000,0,12800,26000,13200
1010,508,2025-04-04,2025-04,98,Central,Business,Store,Storage box,Office Supplies,5,5,0,13000,650,6000,12350,6350
1011,508,2025-04-04,2025-04,98,Central,Business,Store,Desk,Furniture,4,10,0,112000,11200,76000,100800,24800
1012,508,2025-04-04,2025-04,98,Central,Business,Store,Notebook pack,Office Supplies,3,0,0,5400,0,2100,5400,3300
1013,509,2025-08-21,2025-08,101,East,Consumer,Store,Storage box,Office Supplies,5,5,0,13000,650,6000,12350,6350
1014,509,2025-08-21,2025-08,101,East,Consumer,Store,Chair,Furniture,2,15,0,34000,5100,22000,28900,6900
1015,509,2025-08-21,2025-08,101,East,Consumer,Store,Notebook pack,Office Supplies,1,0,1,1800,0,0,0,0
1016,510,2024-04-10,2024-04,135,South,Business,Online,Keyboard,Technology,3,5,0,19500,975,9600,18525,8925
1017,510,2024-04-10,2024-04,135,South,Business,Online,Monitor,Technology,1,15,0,24000,3600,16000,20400,4400
1018,510,2024-04-10,2024-04,135,South,Business,Online,Chair,Furniture,5,5,0,85000,4250,55000,80750,25750
1019,511,2025-10-15,2025-10,32,West,Business,Online,Notebook pack,Office Supplies,2,10,0,3600,360,1400,3240,1840
1020,512,2025-10-25,2025-10,145,South,Business,Online,Storage box,Office Supplies,2,5,0,5200,260,2400,4940,2540
1021,513,2025-11-07,2025-11,20,South,Consumer,Store,Keyboard,Technology,3,0,0,19500,0,9600,19500,9900
1022,513,2025-11-07,2025-11,20,South,Consumer,Store,Monitor,Technology,3,0,0,72000,0,48000,72000,24000
1023,514,2024-12-06,2024-12,16,South,Consumer,Store,Chair,Furniture,1,35,0,17000,5950,11000,11050,50
1024,514,2024-12-06,2024-12,16,South,Consumer,Store,Keyboard,Technology,2,15,0,13000,1950,6400,11050,4650
1025,515,2025-10-22,2025-10,126,West,Business,Online,Notebook pack,Office Supplies,4,0,0,7200,0,2800,7200,4400
1026,516,2024-04-18,2024-04,114,Central,Consumer,Store,Desk,Furniture,1,0,0,28000,0,19000,28000,9000
1027,517,2024-09-13,2024-09,199,South,Consumer,Store,Keyboard,Technology,2,0,0,13000,0,6400,13000,6600
1028,518,2025-11-11,2025-11,100,South,Consumer,Store,Storage box,Office Supplies,3,10,0,7800,780,3600,7020,3420
1029,519,2025-06-11,2025-06,182,South,Consumer,Store,Keyboard,Technology,1,15,0,6500,975,3200,5525,2325
1030,519,2025-06-11,2025-06,182,South,Consumer,Store,Storage box,Office Supplies,4,10,0,10400,1040,4800,9360,4560
1031,520,2025-07-02,2025-07,92,East,Consumer,Store,Monitor,Technology,1,5,0,24000,1200,16000,22800,6800
1032,520,2025-07-02,2025-07,92,East,Consumer,Store,Keyboard,Technology,3,0,0,19500,0,9600,19500,9900
1033,520,2025-07-02,2025-07,92,East,Consumer,Store,Desk,Furniture,3,5,0,84000,4200,57000,79800,22800
1034,521,2024-02-10,2024-02,99,West,Consumer,Online,Storage box,Office Supplies,1,5,0,2600,130,1200,2470,1270
1035,521,2024-02-10,2024-02,99,West,Consumer,Online,Keyboard,Technology,4,0,0,26000,0,12800,26000,13200
1036,522,2024-07-16,2024-07,7,West,Consumer,Online,Keyboard,Technology,5,5,0,32500,1625,16000,30875,14875
1037,522,2024-07-16,2024-07,7,West,Consumer,Online,Desk,Furniture,4,0,1,112000,0,0,0,0
1038,523,2024-02-27,2024-02,87,South,Consumer,Online,Desk,Furniture,5,35,0,140000,49000,95000,91000,-4000
1039,523,2024-02-27,2024-02,87,South,Consumer,Online,Chair,Furniture,5,0,0,85000,0,55000,85000,30000
1040,524,2024-08-26,2024-08,19,South,Consumer,Online,Chair,Furniture,4,0,0,68000,0,44000,68000,24000
1041,524,2024-08-26,2024-08,19,South,Consumer,Online,Keyboard,Technology,2,0,0,13000,0,6400,13000,6600
1042,524,2024-08-26,2024-08,19,South,Consumer,Online,Desk,Furniture,1,10,0,28000,2800,19000,25200,6200
1043,525,2024-04-09,2024-04,117,East,Consumer,Online,Desk,Furniture,4,5,0,112000,5600,76000,106400,30400
1044,525,2024-04-09,2024-04,117,East,Consumer,Online,Storage box,Office Supplies,2,10,0,5200,520,2400,4680,2280
1045,525,2024-04-09,2024-04,117,East,Consumer,Online,Notebook pack,Office Supplies,4,5,0,7200,360,2800,6840,4040
1046,526,2025-12-01,2025-12,148,Central,Consumer,Online,Chair,Furniture,5,0,0,85000,0,55000,85000,30000
1047,526,2025-12-01,2025-12,148,Central,Consumer,Online,Desk,Furniture,1,10,0,28000,2800,19000,25200,6200
1048,527,2025-03-01,2025-03,44,South,Business,Store,Chair,Furniture,5,0,0,85000,0,55000,85000,30000
1049,527,2025-03-01,2025-03,44,South,Business,Store,Keyboard,Technology,5,10,0,32500,3250,16000,29250,13250
1050,527,2025-03-01,2025-03,44,South,Business,Store,Storage box,Office Supplies,1,10,0,2600,260,1200,2340,1140
1051,528,2024-01-08,2024-01,46,West,Business,Online,Storage box,Office Supplies,4,10,0,10400,1040,4800,9360,4560
1052,528,2024-01-08,2024-01,46,West,Business,Online,Notebook pack,Office Supplies,2,0,0,3600,0,1400,3600,2200
1053,528,2024-01-08,2024-01,46,West,Business,Online,Monitor,Technology,5,10,0,120000,12000,80000,108000,28000
1054,529,2024-06-27,2024-06,157,West,Consumer,Online,Chair,Furniture,3,15,0,51000,7650,33000,43350,10350
1055,529,2024-06-27,2024-06,157,West,Consumer,Online,Keyboard,Technology,5,0,0,32500,0,16000,32500,16500
1056,529,2024-06-27,2024-06,157,West,Consumer,Online,Desk,Furniture,5,0,0,140000,0,95000,140000,45000
1057,530,2025-07-06,2025-07,130,East,Consumer,Online,Storage box,Office Supplies,3,0,0,7800,0,3600,7800,4200
1058,530,2025-07-06,2025-07,130,East,Consumer,Online,Chair,Furniture,2,35,0,34000,11900,22000,22100,100
1059,531,2024-06-12,2024-06,172,South,Business,Online,Storage box,Office Supplies,3,5,0,7800,390,3600,7410,3810
1060,532,2024-09-14,2024-09,86,West,Business,Store,Desk,Furniture,1,0,0,28000,0,19000,28000,9000
1061,533,2024-01-30,2024-01,125,Central,Business,Online,Chair,Furniture,4,15,0,68000,10200,44000,57800,13800
1062,534,2025-11-24,2025-11,84,South,Consumer,Online,Monitor,Technology,2,0,0,48000,0,32000,48000,16000
1063,535,2025-02-26,2025-02,52,Central,Consumer,Store,Desk,Furniture,4,35,1,112000,39200,0,0,0
1064,536,2025-03-22,2025-03,38,East,Consumer,Online,Keyboard,Technology,3,0,0,19500,0,9600,19500,9900
1065,536,2025-03-22,2025-03,38,East,Consumer,Online,Chair,Furniture,2,15,0,34000,5100,22000,28900,6900
1066,536,2025-03-22,2025-03,38,East,Consumer,Online,Storage box,Office Supplies,2,5,0,5200,260,2400,4940,2540
1067,537,2025-12-09,2025-12,146,East,Consumer,Online,Chair,Furniture,4,35,0,68000,23800,44000,44200,200
1068,537,2025-12-09,2025-12,146,East,Consumer,Online,Desk,Furniture,3,5,0,84000,4200,57000,79800,22800
1069,538,2025-09-10,2025-09,41,South,Consumer,Online,Notebook pack,Office Supplies,4,15,0,7200,1080,2800,6120,3320
1070,538,2025-09-10,2025-09,41,South,Consumer,Online,Chair,Furniture,2,35,0,34000,11900,22000,22100,100
1071,538,2025-09-10,2025-09,41,South,Consumer,Online,Desk,Furniture,3,0,0,84000,0,57000,84000,27000
1072,539,2024-09-09,2024-09,64,Central,Business,Store,Notebook pack,Office Supplies,5,0,0,9000,0,3500,9000,5500
1073,539,2024-09-09,2024-09,64,Central,Business,Store,Chair,Furniture,1,25,0,17000,4250,11000,12750,1750
1074,540,2024-02-11,2024-02,121,East,Consumer,Online,Notebook pack,Office Supplies,4,0,0,7200,0,2800,7200,4400
1075,540,2024-02-11,2024-02,121,East,Consumer,Online,Keyboard,Technology,2,0,0,13000,0,6400,13000,6600
1076,541,2024-01-13,2024-01,178,Central,Consumer,Store,Chair,Furniture,3,10,0,51000,5100,33000,45900,12900
1077,542,2024-04-02,2024-04,5,South,Consumer,Store,Monitor,Technology,5,15,1,120000,18000,0,0,0
1078,542,2024-04-02,2024-04,5,South,Consumer,Store,Chair,Furniture,4,35,0,68000,23800,44000,44200,200
1079,542,2024-04-02,2024-04,5,South,Consumer,Store,Keyboard,Technology,4,0,0,26000,0,12800,26000,13200
1080,543,2025-01-14,2025-01,161,West,Business,Store,Storage box,Office Supplies,4,5,0,10400,520,4800,9880,5080
1081,543,2025-01-14,2025-01,161,West,Business,Store,Desk,Furniture,3,25,0,84000,21000,57000,63000,6000
1082,543,2025-01-14,2025-01,161,West,Business,Store,Notebook pack,Office Supplies,5,15,0,9000,1350,3500,7650,4150
1083,544,2024-07-31,2024-07,176,East,Consumer,Online,Monitor,Technology,1,0,0,24000,0,16000,24000,8000
1084,544,2024-07-31,2024-07,176,East,Consumer,Online,Desk,Furniture,4,0,0,112000,0,76000,112000,36000
1085,544,2024-07-31,2024-07,176,East,Consumer,Online,Storage box,Office Supplies,2,15,0,5200,780,2400,4420,2020
1086,545,2025-07-28,2025-07,182,South,Consumer,Online,Monitor,Technology,2,15,0,48000,7200,32000,40800,8800
1087,546,2025-05-04,2025-05,189,Central,Business,Online,Chair,Furniture,3,25,0,51000,12750,33000,38250,5250
1088,546,2025-05-04,2025-05,189,Central,Business,Online,Monitor,Technology,1,5,0,24000,1200,16000,22800,6800
1089,546,2025-05-04,2025-05,189,Central,Business,Online,Notebook pack,Office Supplies,4,15,0,7200,1080,2800,6120,3320
1090,547,2024-05-05,2024-05,121,East,Consumer,Store,Notebook pack,Office Supplies,1,0,0,1800,0,700,1800,1100
1091,547,2024-05-05,2024-05,121,East,Consumer,Store,Monitor,Technology,4,0,0,96000,0,64000,96000,32000
1092,548,2024-07-02,2024-07,74,South,Business,Online,Chair,Furniture,3,0,0,51000,0,33000,51000,18000
1093,549,2025-05-23,2025-05,39,Central,Consumer,Online,Storage box,Office Supplies,4,15,0,10400,1560,4800,8840,4040
1094,549,2025-05-23,2025-05,39,Central,Consumer,Online,Desk,Furniture,4,15,0,112000,16800,76000,95200,19200
1095,549,2025-05-23,2025-05,39,Central,Consumer,Online,Monitor,Technology,1,5,0,24000,1200,16000,22800,6800
1096,550,2024-01-23,2024-01,60,West,Business,Store,Notebook pack,Office Supplies,3,10,0,5400,540,2100,4860,2760
1097,550,2024-01-23,2024-01,60,West,Business,Store,Monitor,Technology,5,15,0,120000,18000,80000,102000,22000
1098,551,2024-11-07,2024-11,146,East,Consumer,Online,Chair,Furniture,2,35,0,34000,11900,22000,22100,100
1099,551,2024-11-07,2024-11,146,East,Consumer,Online,Monitor,Technology,3,0,0,72000,0,48000,72000,24000
1100,552,2024-10-18,2024-10,117,East,Consumer,Online,Chair,Furniture,2,0,0,34000,0,22000,34000,12000
1101,552,2024-10-18,2024-10,117,East,Consumer,Online,Notebook pack,Office Supplies,2,0,0,3600,0,1400,3600,2200
1102,552,2024-10-18,2024-10,117,East,Consumer,Online,Monitor,Technology,1,5,0,24000,1200,16000,22800,6800
1103,553,2025-03-27,2025-03,67,East,Business,Store,Chair,Furniture,5,0,0,85000,0,55000,85000,30000
1104,554,2024-12-18,2024-12,38,East,Consumer,Store,Notebook pack,Office Supplies,5,5,0,9000,450,3500,8550,5050
1105,554,2024-12-18,2024-12,38,East,Consumer,Store,Chair,Furniture,1,25,0,17000,4250,11000,12750,1750
1106,555,2024-05-28,2024-05,118,East,Consumer,Store,Desk,Furniture,5,15,0,140000,21000,95000,119000,24000
1107,556,2024-10-29,2024-10,122,South,Business,Store,Storage box,Office Supplies,3,0,0,7800,0,3600,7800,4200
1108,556,2024-10-29,2024-10,122,South,Business,Store,Chair,Furniture,1,0,0,17000,0,11000,17000,6000
1109,556,2024-10-29,2024-10,122,South,Business,Store,Keyboard,Technology,1,5,1,6500,325,0,0,0
1110,557,2025-09-24,2025-09,57,East,Business,Store,Desk,Furniture,1,5,0,28000,1400,19000,26600,7600
1111,557,2025-09-24,2025-09,57,East,Business,Store,Monitor,Technology,2,5,0,48000,2400,32000,45600,13600
1112,558,2024-03-26,2024-03,138,Central,Consumer,Store,Storage box,Office Supplies,2,10,0,5200,520,2400,4680,2280
1113,558,2024-03-26,2024-03,138,Central,Consumer,Store,Desk,Furniture,5,0,0,140000,0,95000,140000,45000
1114,558,2024-03-26,2024-03,138,Central,Consumer,Store,Keyboard,Technology,3,10,0,19500,1950,9600,17550,7950
1115,559,2025-03-13,2025-03,95,West,Consumer,Store,Desk,Furniture,3,15,0,84000,12600,57000,71400,14400
1116,559,2025-03-13,2025-03,95,West,Consumer,Store,Monitor,Technology,4,15,0,96000,14400,64000,81600,17600
1117,560,2025-03-30,2025-03,190,Central,Business,Store,Monitor,Technology,4,10,0,96000,9600,64000,86400,22400
1118,560,2025-03-30,2025-03,190,Central,Business,Store,Chair,Furniture,5,0,0,85000,0,55000,85000,30000
1119,561,2024-11-06,2024-11,122,South,Business,Store,Notebook pack,Office Supplies,4,0,1,7200,0,0,0,0
1120,562,2025-10-16,2025-10,70,West,Business,Store,Notebook pack,Office Supplies,4,15,0,7200,1080,2800,6120,3320
1121,563,2024-05-20,2024-05,52,Central,Consumer,Online,Monitor,Technology,4,0,0,96000,0,64000,96000,32000
1122,563,2024-05-20,2024-05,52,Central,Consumer,Online,Notebook pack,Office Supplies,3,15,0,5400,810,2100,4590,2490
1123,564,2025-07-26,2025-07,190,Central,Business,Store,Desk,Furniture,1,0,0,28000,0,19000,28000,9000
1124,565,2025-10-17,2025-10,163,Central,Business,Store,Storage box,Office Supplies,3,10,0,7800,780,3600,7020,3420
1125,566,2025-12-05,2025-12,166,South,Consumer,Online,Desk,Furniture,3,35,0,84000,29400,57000,54600,-2400
1126,567,2024-03-09,2024-03,154,West,Consumer,Store,Keyboard,Technology,3,10,0,19500,1950,9600,17550,7950
1127,567,2024-03-09,2024-03,154,West,Consumer,Store,Notebook pack,Office Supplies,1,5,0,1800,90,700,1710,1010
1128,567,2024-03-09,2024-03,154,West,Consumer,Store,Storage box,Office Supplies,5,0,0,13000,0,6000,13000,7000
1129,568,2024-06-15,2024-06,149,South,Business,Online,Monitor,Technology,4,0,0,96000,0,64000,96000,32000
1130,569,2024-02-24,2024-02,70,West,Business,Store,Storage box,Office Supplies,1,5,0,2600,130,1200,2470,1270
1131,569,2024-02-24,2024-02,70,West,Business,Store,Monitor,Technology,1,15,0,24000,3600,16000,20400,4400
1132,570,2025-10-05,2025-10,47,East,Consumer,Online,Chair,Furniture,3,10,0,51000,5100,33000,45900,12900
1133,570,2025-10-05,2025-10,47,East,Consumer,Online,Notebook pack,Office Supplies,3,0,0,5400,0,2100,5400,3300
1134,570,2025-10-05,2025-10,47,East,Consumer,Online,Monitor,Technology,3,0,1,72000,0,0,0,0
1135,571,2025-06-14,2025-06,73,South,Business,Store,Keyboard,Technology,2,0,0,13000,0,6400,13000,6600
1136,571,2025-06-14,2025-06,73,South,Business,Store,Monitor,Technology,5,0,0,120000,0,80000,120000,40000
1137,572,2025-07-26,2025-07,158,East,Business,Online,Keyboard,Technology,1,0,0,6500,0,3200,6500,3300
1138,572,2025-07-26,2025-07,158,East,Business,Online,Desk,Furniture,4,15,0,112000,16800,76000,95200,19200
1139,573,2025-01-06,2025-01,36,East,Business,Store,Notebook pack,Office Supplies,3,0,0,5400,0,2100,5400,3300
1140,573,2025-01-06,2025-01,36,East,Business,Store,Monitor,Technology,1,0,0,24000,0,16000,24000,8000
1141,573,2025-01-06,2025-01,36,East,Business,Store,Chair,Furniture,2,5,0,34000,1700,22000,32300,10300
1142,574,2024-08-02,2024-08,34,West,Business,Online,Storage box,Office Supplies,1,0,0,2600,0,1200,2600,1400
1143,574,2024-08-02,2024-08,34,West,Business,Online,Desk,Furniture,4,0,0,112000,0,76000,112000,36000
1144,575,2024-02-03,2024-02,169,Central,Business,Online,Desk,Furniture,1,0,0,28000,0,19000,28000,9000
1145,575,2024-02-03,2024-02,169,Central,Business,Online,Monitor,Technology,1,0,0,24000,0,16000,24000,8000
1146,576,2025-09-08,2025-09,53,East,Business,Online,Storage box,Office Supplies,3,0,0,7800,0,3600,7800,4200
1147,577,2024-10-11,2024-10,149,South,Business,Store,Chair,Furniture,5,5,0,85000,4250,55000,80750,25750
1148,577,2024-10-11,2024-10,149,South,Business,Store,Notebook pack,Office Supplies,1,0,0,1800,0,700,1800,1100
1149,578,2024-01-15,2024-01,136,East,Business,Online,Chair,Furniture,5,0,0,85000,0,55000,85000,30000
1150,578,2024-01-15,2024-01,136,East,Business,Online,Monitor,Technology,1,0,0,24000,0,16000,24000,8000
1151,578,2024-01-15,2024-01,136,East,Business,Online,Storage box,Office Supplies,4,5,0,10400,520,4800,9880,5080
1152,579,2024-07-08,2024-07,113,East,Consumer,Online,Monitor,Technology,4,10,0,96000,9600,64000,86400,22400
1153,580,2024-08-21,2024-08,105,West,Business,Online,Desk,Furniture,1,0,0,28000,0,19000,28000,9000
1154,580,2024-08-21,2024-08,105,West,Business,Online,Keyboard,Technology,3,5,0,19500,975,9600,18525,8925
1155,581,2024-02-11,2024-02,22,West,Consumer,Store,Desk,Furniture,3,35,0,84000,29400,57000,54600,-2400
1156,581,2024-02-11,2024-02,22,West,Consumer,Store,Keyboard,Technology,3,10,0,19500,1950,9600,17550,7950
1157,582,2025-02-21,2025-02,75,East,Consumer,Store,Desk,Furniture,4,15,0,112000,16800,76000,95200,19200
1158,583,2025-11-21,2025-11,126,West,Business,Online,Keyboard,Technology,1,0,0,6500,0,3200,6500,3300
1159,583,2025-11-21,2025-11,126,West,Business,Online,Notebook pack,Office Supplies,4,15,0,7200,1080,2800,6120,3320
1160,584,2024-06-21,2024-06,17,Central,Business,Store,Monitor,Technology,2,15,0,48000,7200,32000,40800,8800
1161,585,2025-02-17,2025-02,32,West,Business,Online,Storage box,Office Supplies,3,15,0,7800,1170,3600,6630,3030
1162,585,2025-02-17,2025-02,32,West,Business,Online,Keyboard,Technology,4,5,0,26000,1300,12800,24700,11900
1163,586,2025-09-09,2025-09,104,South,Business,Store,Monitor,Technology,1,0,0,24000,0,16000,24000,8000
1164,586,2025-09-09,2025-09,104,South,Business,Store,Chair,Furniture,4,5,0,68000,3400,44000,64600,20600
1165,586,2025-09-09,2025-09,104,South,Business,Store,Keyboard,Technology,2,0,0,13000,0,6400,13000,6600
1166,587,2024-02-24,2024-02,18,Central,Consumer,Store,Desk,Furniture,5,15,0,140000,21000,95000,119000,24000
1167,587,2024-02-24,2024-02,18,Central,Consumer,Store,Chair,Furniture,5,0,0,85000,0,55000,85000,30000
1168,587,2024-02-24,2024-02,18,Central,Consumer,Store,Keyboard,Technology,5,10,0,32500,3250,16000,29250,13250
1169,588,2024-07-25,2024-07,76,West,Consumer,Store,Notebook pack,Office Supplies,5,5,0,9000,450,3500,8550,5050
1170,588,2024-07-25,2024-07,76,West,Consumer,Store,Monitor,Technology,5,15,1,120000,18000,0,0,0
1171,589,2024-02-02,2024-02,111,West,Consumer,Online,Keyboard,Technology,4,10,0,26000,2600,12800,23400,10600
1172,589,2024-02-02,2024-02,111,West,Consumer,Online,Monitor,Technology,1,0,0,24000,0,16000,24000,8000
1173,590,2024-11-06,2024-11,181,South,Consumer,Online,Keyboard,Technology,3,10,0,19500,1950,9600,17550,7950
1174,590,2024-11-06,2024-11,181,South,Consumer,Online,Chair,Furniture,1,35,0,17000,5950,11000,11050,50
1175,591,2025-12-02,2025-12,139,East,Consumer,Store,Notebook pack,Office Supplies,5,0,0,9000,0,3500,9000,5500
1176,591,2025-12-02,2025-12,139,East,Consumer,Store,Chair,Furniture,4,25,0,68000,17000,44000,51000,7000
1177,592,2024-12-27,2024-12,197,South,Business,Store,Desk,Furniture,5,0,0,140000,0,95000,140000,45000
1178,592,2024-12-27,2024-12,197,South,Business,Store,Storage box,Office Supplies,3,5,0,7800,390,3600,7410,3810
1179,593,2025-08-20,2025-08,7,West,Consumer,Store,Desk,Furniture,3,15,0,84000,12600,57000,71400,14400
1180,593,2025-08-20,2025-08,7,West,Consumer,Store,Keyboard,Technology,1,0,0,6500,0,3200,6500,3300
1181,594,2025-10-25,2025-10,80,East,Consumer,Online,Desk,Furniture,3,0,1,84000,0,0,0,0
1182,594,2025-10-25,2025-10,80,East,Consumer,Online,Monitor,Technology,3,0,0,72000,0,48000,72000,24000
1183,594,2025-10-25,2025-10,80,East,Consumer,Online,Storage box,Office Supplies,4,15,0,10400,1560,4800,8840,4040
1184,595,2025-03-07,2025-03,69,West,Business,Online,Keyboard,Technology,3,10,0,19500,1950,9600,17550,7950
1185,595,2025-03-07,2025-03,69,West,Business,Online,Notebook pack,Office Supplies,3,15,0,5400,810,2100,4590,2490
1186,595,2025-03-07,2025-03,69,West,Business,Online,Desk,Furniture,4,0,0,112000,0,76000,112000,36000
1187,596,2024-07-29,2024-07,87,South,Consumer,Store,Storage box,Office Supplies,5,5,0,13000,650,6000,12350,6350
1188,596,2024-07-29,2024-07,87,South,Consumer,Store,Monitor,Technology,4,0,0,96000,0,64000,96000,32000
1189,596,2024-07-29,2024-07,87,South,Consumer,Store,Chair,Furniture,1,5,0,17000,850,11000,16150,5150
1190,597,2024-02-18,2024-02,77,Central,Consumer,Store,Notebook pack,Office Supplies,1,15,0,1800,270,700,1530,830
1191,598,2024-12-10,2024-12,70,West,Business,Online,Notebook pack,Office Supplies,2,5,0,3600,180,1400,3420,2020
1192,598,2024-12-10,2024-12,70,West,Business,Online,Keyboard,Technology,3,15,0,19500,2925,9600,16575,6975
1193,598,2024-12-10,2024-12,70,West,Business,Online,Storage box,Office Supplies,4,15,0,10400,1560,4800,8840,4040
1194,599,2025-02-28,2025-02,103,West,Business,Store,Notebook pack,Office Supplies,1,15,0,1800,270,700,1530,830
1195,599,2025-02-28,2025-02,103,West,Business,Store,Keyboard,Technology,5,10,0,32500,3250,16000,29250,13250
1196,599,2025-02-28,2025-02,103,West,Business,Store,Chair,Furniture,4,10,0,68000,6800,44000,61200,17200
1197,600,2025-06-29,2025-06,158,East,Business,Store,Storage box,Office Supplies,3,10,0,7800,780,3600,7020,3420
1198,600,2025-06-29,2025-06,158,East,Business,Store,Desk,Furniture,2,10,0,56000,5600,38000,50400,12400
1199,600,2025-06-29,2025-06,158,East,Business,Store,Chair,Furniture,4,15,0,68000,10200,44000,57800,13800
1200,601,2024-03-06,2024-03,163,Central,Business,Online,Monitor,Technology,2,5,0,48000,2400,32000,45600,13600
1201,601,2024-03-06,2024-03,163,Central,Business,Online,Storage box,Office Supplies,2,10,0,5200,520,2400,4680,2280
1202,602,2024-06-02,2024-06,50,East,Business,Online,Monitor,Technology,4,10,0,96000,9600,64000,86400,22400
1203,603,2025-03-22,2025-03,109,South,Business,Online,Chair,Furniture,3,0,1,51000,0,0,0,0
1204,604,2024-10-11,2024-10,169,Central,Business,Online,Desk,Furniture,1,0,0,28000,0,19000,28000,9000
1205,604,2024-10-11,2024-10,169,Central,Business,Online,Keyboard,Technology,3,0,0,19500,0,9600,19500,9900
1206,604,2024-10-11,2024-10,169,Central,Business,Online,Storage box,Office Supplies,4,5,0,10400,520,4800,9880,5080
1207,605,2024-04-02,2024-04,102,East,Consumer,Online,Desk,Furniture,5,0,0,140000,0,95000,140000,45000
1208,606,2025-08-17,2025-08,199,South,Consumer,Store,Desk,Furniture,5,0,0,140000,0,95000,140000,45000
1209,606,2025-08-17,2025-08,199,South,Consumer,Store,Chair,Furniture,3,15,0,51000,7650,33000,43350,10350
1210,607,2025-02-03,2025-02,192,West,Business,Online,Chair,Furniture,1,0,0,17000,0,11000,17000,6000
1211,607,2025-02-03,2025-02,192,West,Business,Online,Storage box,Office Supplies,3,10,0,7800,780,3600,7020,3420
1212,608,2025-08-26,2025-08,15,East,Consumer,Store,Monitor,Technology,5,10,0,120000,12000,80000,108000,28000
1213,608,2025-08-26,2025-08,15,East,Consumer,Store,Desk,Furniture,2,10,0,56000,5600,38000,50400,12400
1214,608,2025-08-26,2025-08,15,East,Consumer,Store,Storage box,Office Supplies,2,5,0,5200,260,2400,4940,2540
1215,609,2025-01-11,2025-01,79,East,Consumer,Online,Notebook pack,Office Supplies,2,5,0,3600,180,1400,3420,2020
1216,609,2025-01-11,2025-01,79,East,Consumer,Online,Desk,Furniture,3,15,0,84000,12600,57000,71400,14400
1217,609,2025-01-11,2025-01,79,East,Consumer,Online,Storage box,Office Supplies,1,15,0,2600,390,1200,2210,1010
1218,610,2025-03-29,2025-03,100,South,Consumer,Online,Monitor,Technology,1,0,0,24000,0,16000,24000,8000
1219,610,2025-03-29,2025-03,100,South,Consumer,Online,Storage box,Office Supplies,2,10,0,5200,520,2400,4680,2280
1220,611,2025-10-21,2025-10,105,West,Business,Online,Desk,Furniture,4,25,0,112000,28000,76000,84000,8000
1221,611,2025-10-21,2025-10,105,West,Business,Online,Keyboard,Technology,3,10,0,19500,1950,9600,17550,7950
1222,612,2024-04-12,2024-04,42,Central,Consumer,Store,Desk,Furniture,5,15,0,140000,21000,95000,119000,24000
1223,612,2024-04-12,2024-04,42,Central,Consumer,Store,Monitor,Technology,1,0,0,24000,0,16000,24000,8000
1224,612,2024-04-12,2024-04,42,Central,Consumer,Store,Keyboard,Technology,2,10,0,13000,1300,6400,11700,5300
1225,613,2024-05-19,2024-05,1,East,Consumer,Store,Storage box,Office Supplies,3,5,0,7800,390,3600,7410,3810
1226,614,2024-04-23,2024-04,41,South,Consumer,Online,Storage box,Office Supplies,3,10,0,7800,780,3600,7020,3420
1227,614,2024-04-23,2024-04,41,South,Consumer,Online,Chair,Furniture,2,10,0,34000,3400,22000,30600,8600
1228,614,2024-04-23,2024-04,41,South,Consumer,Online,Keyboard,Technology,5,5,0,32500,1625,16000,30875,14875
1229,615,2024-07-22,2024-07,22,West,Consumer,Store,Chair,Furniture,4,5,1,68000,3400,0,0,0
1230,615,2024-07-22,2024-07,22,West,Consumer,Store,Keyboard,Technology,1,15,0,6500,975,3200,5525,2325
1231,616,2025-10-03,2025-10,59,Central,Consumer,Online,Chair,Furniture,2,0,0,34000,0,22000,34000,12000
1232,616,2025-10-03,2025-10,59,Central,Consumer,Online,Monitor,Technology,4,15,0,96000,14400,64000,81600,17600
1233,617,2024-04-01,2024-04,95,West,Consumer,Online,Desk,Furniture,4,35,0,112000,39200,76000,72800,-3200
1234,617,2024-04-01,2024-04,95,West,Consumer,Online,Storage box,Office Supplies,2,0,0,5200,0,2400,5200,2800
1235,617,2024-04-01,2024-04,95,West,Consumer,Online,Keyboard,Technology,3,5,0,19500,975,9600,18525,8925
1236,618,2025-01-26,2025-01,34,West,Business,Store,Notebook pack,Office Supplies,2,5,0,3600,180,1400,3420,2020
1237,619,2024-07-12,2024-07,108,South,Business,Online,Chair,Furniture,3,10,0,51000,5100,33000,45900,12900
1238,619,2024-07-12,2024-07,108,South,Business,Online,Desk,Furniture,4,5,0,112000,5600,76000,106400,30400
1239,620,2025-12-01,2025-12,166,South,Consumer,Store,Desk,Furniture,4,0,0,112000,0,76000,112000,36000
1240,621,2025-12-10,2025-12,102,East,Consumer,Online,Keyboard,Technology,1,0,0,6500,0,3200,6500,3300
1241,621,2025-12-10,2025-12,102,East,Consumer,Online,Storage box,Office Supplies,1,5,0,2600,130,1200,2470,1270
1242,621,2025-12-10,2025-12,102,East,Consumer,Online,Monitor,Technology,4,5,0,96000,4800,64000,91200,27200
1243,622,2025-11-17,2025-11,154,West,Consumer,Online,Monitor,Technology,5,15,0,120000,18000,80000,102000,22000
1244,623,2025-02-08,2025-02,172,South,Business,Store,Notebook pack,Office Supplies,1,15,0,1800,270,700,1530,830
1245,624,2024-06-22,2024-06,129,South,Consumer,Store,Keyboard,Technology,1,5,0,6500,325,3200,6175,2975
1246,624,2024-06-22,2024-06,129,South,Consumer,Store,Chair,Furniture,4,0,0,68000,0,44000,68000,24000
1247,625,2024-11-16,2024-11,12,South,Business,Online,Monitor,Technology,4,5,0,96000,4800,64000,91200,27200
1248,625,2024-11-16,2024-11,12,South,Business,Online,Storage box,Office Supplies,3,15,0,7800,1170,3600,6630,3030
1249,626,2024-09-27,2024-09,133,West,Business,Store,Chair,Furniture,4,0,0,68000,0,44000,68000,24000
1250,626,2024-09-27,2024-09,133,West,Business,Store,Monitor,Technology,4,0,0,96000,0,64000,96000,32000
1251,627,2024-02-25,2024-02,59,Central,Consumer,Online,Keyboard,Technology,3,0,0,19500,0,9600,19500,9900
1252,628,2025-03-22,2025-03,30,Central,Consumer,Store,Keyboard,Technology,3,15,0,19500,2925,9600,16575,6975
1253,629,2025-05-19,2025-05,29,Central,Consumer,Online,Monitor,Technology,1,0,0,24000,0,16000,24000,8000
1254,630,2024-07-03,2024-07,44,South,Business,Store,Storage box,Office Supplies,5,0,0,13000,0,6000,13000,7000
1255,630,2024-07-03,2024-07,44,South,Business,Store,Notebook pack,Office Supplies,5,0,0,9000,0,3500,9000,5500
1256,630,2024-07-03,2024-07,44,South,Business,Store,Chair,Furniture,1,5,0,17000,850,11000,16150,5150
1257,631,2025-11-24,2025-11,25,West,Consumer,Store,Monitor,Technology,1,10,0,24000,2400,16000,21600,5600
1258,632,2024-04-18,2024-04,83,West,Business,Online,Desk,Furniture,4,35,0,112000,39200,76000,72800,-3200
1259,633,2024-10-02,2024-10,153,West,Business,Online,Desk,Furniture,4,15,0,112000,16800,76000,95200,19200
1260,633,2024-10-02,2024-10,153,West,Business,Online,Notebook pack,Office Supplies,5,0,0,9000,0,3500,9000,5500
1261,634,2024-02-19,2024-02,165,West,Consumer,Store,Desk,Furniture,5,25,0,140000,35000,95000,105000,10000
1262,634,2024-02-19,2024-02,165,West,Consumer,Store,Storage box,Office Supplies,3,0,0,7800,0,3600,7800,4200
1263,635,2025-02-12,2025-02,23,East,Consumer,Online,Chair,Furniture,4,25,0,68000,17000,44000,51000,7000
1264,636,2025-10-31,2025-10,40,South,Business,Online,Keyboard,Technology,3,15,0,19500,2925,9600,16575,6975
1265,636,2025-10-31,2025-10,40,South,Business,Online,Storage box,Office Supplies,1,5,0,2600,130,1200,2470,1270
1266,637,2025-05-16,2025-05,115,East,Business,Store,Monitor,Technology,5,10,0,120000,12000,80000,108000,28000
1267,637,2025-05-16,2025-05,115,East,Business,Store,Notebook pack,Office Supplies,4,5,0,7200,360,2800,6840,4040
1268,638,2025-03-20,2025-03,162,East,Consumer,Store,Desk,Furniture,5,15,0,140000,21000,95000,119000,24000
1269,639,2025-11-23,2025-11,58,West,Consumer,Online,Notebook pack,Office Supplies,1,5,0,1800,90,700,1710,1010
1270,639,2025-11-23,2025-11,58,West,Consumer,Online,Storage box,Office Supplies,1,10,0,2600,260,1200,2340,1140
1271,640,2024-05-10,2024-05,176,East,Consumer,Store,Notebook pack,Office Supplies,4,5,0,7200,360,2800,6840,4040
1272,641,2025-07-18,2025-07,20,South,Consumer,Online,Desk,Furniture,4,0,0,112000,0,76000,112000,36000
1273,641,2025-07-18,2025-07,20,South,Consumer,Online,Notebook pack,Office Supplies,5,5,0,9000,450,3500,8550,5050
1274,641,2025-07-18,2025-07,20,South,Consumer,Online,Keyboard,Technology,5,0,0,32500,0,16000,32500,16500
1275,642,2024-01-17,2024-01,30,Central,Consumer,Store,Chair,Furniture,4,0,0,68000,0,44000,68000,24000
1276,643,2025-12-22,2025-12,77,Central,Consumer,Store,Storage box,Office Supplies,5,5,0,13000,650,6000,12350,6350
1277,643,2025-12-22,2025-12,77,Central,Consumer,Store,Keyboard,Technology,2,0,0,13000,0,6400,13000,6600
1278,643,2025-12-22,2025-12,77,Central,Consumer,Store,Notebook pack,Office Supplies,5,5,0,9000,450,3500,8550,5050
1279,644,2024-04-18,2024-04,112,Central,Consumer,Online,Keyboard,Technology,1,0,0,6500,0,3200,6500,3300
1280,645,2025-05-03,2025-05,118,East,Consumer,Store,Storage box,Office Supplies,3,15,0,7800,1170,3600,6630,3030
1281,645,2025-05-03,2025-05,118,East,Consumer,Store,Notebook pack,Office Supplies,5,5,0,9000,450,3500,8550,5050
1282,645,2025-05-03,2025-05,118,East,Consumer,Store,Keyboard,Technology,4,5,0,26000,1300,12800,24700,11900
1283,646,2024-05-18,2024-05,4,East,Consumer,Online,Desk,Furniture,2,0,0,56000,0,38000,56000,18000
1284,647,2025-10-26,2025-10,38,East,Consumer,Online,Storage box,Office Supplies,2,0,0,5200,0,2400,5200,2800
1285,647,2025-10-26,2025-10,38,East,Consumer,Online,Notebook pack,Office Supplies,4,0,0,7200,0,2800,7200,4400
1286,648,2024-01-23,2024-01,30,Central,Consumer,Online,Storage box,Office Supplies,4,10,0,10400,1040,4800,9360,4560
1287,649,2025-04-05,2025-04,150,East,Consumer,Online,Monitor,Technology,5,10,1,120000,12000,0,0,0
1288,650,2024-01-09,2024-01,27,South,Business,Store,Keyboard,Technology,5,15,0,32500,4875,16000,27625,11625
1289,650,2024-01-09,2024-01,27,South,Business,Store,Notebook pack,Office Supplies,1,10,0,1800,180,700,1620,920
1290,651,2025-06-09,2025-06,152,East,Business,Store,Storage box,Office Supplies,1,15,1,2600,390,0,0,0
1291,652,2025-08-13,2025-08,81,East,Consumer,Online,Storage box,Office Supplies,4,0,0,10400,0,4800,10400,5600
1292,652,2025-08-13,2025-08,81,East,Consumer,Online,Keyboard,Technology,3,10,0,19500,1950,9600,17550,7950
1293,653,2024-01-22,2024-01,42,Central,Consumer,Store,Chair,Furniture,4,5,0,68000,3400,44000,64600,20600
1294,653,2024-01-22,2024-01,42,Central,Consumer,Store,Keyboard,Technology,5,5,0,32500,1625,16000,30875,14875
1295,653,2024-01-22,2024-01,42,Central,Consumer,Store,Monitor,Technology,4,0,0,96000,0,64000,96000,32000
1296,654,2025-12-29,2025-12,100,South,Consumer,Store,Storage box,Office Supplies,2,15,0,5200,780,2400,4420,2020
1297,654,2025-12-29,2025-12,100,South,Consumer,Store,Monitor,Technology,1,10,0,24000,2400,16000,21600,5600
1298,654,2025-12-29,2025-12,100,South,Consumer,Store,Keyboard,Technology,2,0,0,13000,0,6400,13000,6600
1299,655,2024-04-13,2024-04,107,South,Consumer,Store,Chair,Furniture,5,0,0,85000,0,55000,85000,30000
1300,655,2024-04-13,2024-04,107,South,Consumer,Store,Storage box,Office Supplies,3,5,0,7800,390,3600,7410,3810
1301,656,2024-06-11,2024-06,45,Central,Consumer,Online,Monitor,Technology,4,0,0,96000,0,64000,96000,32000
1302,657,2024-05-03,2024-05,144,East,Consumer,Online,Monitor,Technology,3,0,0,72000,0,48000,72000,24000
1303,657,2024-05-03,2024-05,144,East,Consumer,Online,Storage box,Office Supplies,5,5,0,13000,650,6000,12350,6350
1304,658,2025-12-07,2025-12,132,Central,Consumer,Online,Desk,Furniture,1,0,0,28000,0,19000,28000,9000
1305,658,2025-12-07,2025-12,132,Central,Consumer,Online,Keyboard,Technology,5,0,0,32500,0,16000,32500,16500
1306,658,2025-12-07,2025-12,132,Central,Consumer,Online,Notebook pack,Office Supplies,1,15,0,1800,270,700,1530,830
1307,659,2025-10-07,2025-10,31,West,Consumer,Online,Chair,Furniture,4,35,0,68000,23800,44000,44200,200
1308,659,2025-10-07,2025-10,31,West,Consumer,Online,Monitor,Technology,1,0,0,24000,0,16000,24000,8000
1309,660,2024-12-08,2024-12,36,East,Business,Online,Keyboard,Technology,4,0,0,26000,0,12800,26000,13200
1310,661,2025-04-30,2025-04,88,East,Consumer,Store,Chair,Furniture,3,25,0,51000,12750,33000,38250,5250
1311,661,2025-04-30,2025-04,88,East,Consumer,Store,Desk,Furniture,2,0,0,56000,0,38000,56000,18000
1312,661,2025-04-30,2025-04,88,East,Consumer,Store,Monitor,Technology,5,10,0,120000,12000,80000,108000,28000
1313,662,2024-05-21,2024-05,110,South,Business,Store,Keyboard,Technology,3,0,0,19500,0,9600,19500,9900
1314,662,2024-05-21,2024-05,110,South,Business,Store,Notebook pack,Office Supplies,1,15,0,1800,270,700,1530,830
1315,663,2024-03-27,2024-03,87,South,Consumer,Store,Chair,Furniture,1,25,0,17000,4250,11000,12750,1750
1316,663,2024-03-27,2024-03,87,South,Consumer,Store,Keyboard,Technology,2,15,1,13000,1950,0,0,0
1317,664,2025-10-08,2025-10,183,Central,Consumer,Store,Keyboard,Technology,3,5,0,19500,975,9600,18525,8925
1318,664,2025-10-08,2025-10,183,Central,Consumer,Store,Notebook pack,Office Supplies,1,5,0,1800,90,700,1710,1010
1319,665,2025-09-17,2025-09,38,East,Consumer,Store,Storage box,Office Supplies,5,15,0,13000,1950,6000,11050,5050
1320,665,2025-09-17,2025-09,38,East,Consumer,Store,Chair,Furniture,4,15,0,68000,10200,44000,57800,13800
1321,666,2025-10-26,2025-10,104,South,Business,Online,Desk,Furniture,5,15,0,140000,21000,95000,119000,24000
1322,666,2025-10-26,2025-10,104,South,Business,Online,Storage box,Office Supplies,2,15,0,5200,780,2400,4420,2020
1323,667,2024-10-17,2024-10,55,Central,Business,Online,Notebook pack,Office Supplies,2,0,1,3600,0,0,0,0
1324,667,2024-10-17,2024-10,55,Central,Business,Online,Monitor,Technology,5,15,0,120000,18000,80000,102000,22000
1325,667,2024-10-17,2024-10,55,Central,Business,Online,Storage box,Office Supplies,3,10,0,7800,780,3600,7020,3420
1326,668,2024-04-23,2024-04,188,East,Business,Online,Monitor,Technology,3,0,1,72000,0,0,0,0
1327,668,2024-04-23,2024-04,188,East,Business,Online,Notebook pack,Office Supplies,1,10,0,1800,180,700,1620,920
1328,669,2024-01-06,2024-01,117,East,Consumer,Store,Storage box,Office Supplies,5,15,0,13000,1950,6000,11050,5050
1329,670,2025-10-04,2025-10,171,East,Consumer,Online,Monitor,Technology,5,0,0,120000,0,80000,120000,40000
1330,670,2025-10-04,2025-10,171,East,Consumer,Online,Storage box,Office Supplies,5,0,0,13000,0,6000,13000,7000
1331,671,2025-06-12,2025-06,150,East,Consumer,Online,Keyboard,Technology,2,10,0,13000,1300,6400,11700,5300
1332,671,2025-06-12,2025-06,150,East,Consumer,Online,Desk,Furniture,1,0,0,28000,0,19000,28000,9000
1333,672,2024-05-13,2024-05,122,South,Business,Online,Desk,Furniture,5,25,0,140000,35000,95000,105000,10000
1334,672,2024-05-13,2024-05,122,South,Business,Online,Monitor,Technology,5,10,0,120000,12000,80000,108000,28000
1335,673,2025-08-21,2025-08,128,East,Consumer,Store,Storage box,Office Supplies,4,0,0,10400,0,4800,10400,5600
1336,673,2025-08-21,2025-08,128,East,Consumer,Store,Keyboard,Technology,2,10,0,13000,1300,6400,11700,5300
1337,674,2024-05-12,2024-05,181,South,Consumer,Online,Chair,Furniture,1,0,0,17000,0,11000,17000,6000
1338,674,2024-05-12,2024-05,181,South,Consumer,Online,Keyboard,Technology,3,0,0,19500,0,9600,19500,9900
1339,674,2024-05-12,2024-05,181,South,Consumer,Online,Notebook pack,Office Supplies,4,0,0,7200,0,2800,7200,4400
1340,675,2025-08-08,2025-08,75,East,Consumer,Online,Chair,Furniture,3,15,0,51000,7650,33000,43350,10350
1341,675,2025-08-08,2025-08,75,East,Consumer,Online,Desk,Furniture,4,0,0,112000,0,76000,112000,36000
1342,675,2025-08-08,2025-08,75,East,Consumer,Online,Monitor,Technology,2,15,0,48000,7200,32000,40800,8800
1343,676,2024-11-08,2024-11,73,South,Business,Online,Storage box,Office Supplies,4,0,0,10400,0,4800,10400,5600
1344,677,2024-12-23,2024-12,18,Central,Consumer,Online,Keyboard,Technology,3,15,0,19500,2925,9600,16575,6975
1345,677,2024-12-23,2024-12,18,Central,Consumer,Online,Notebook pack,Office Supplies,3,10,0,5400,540,2100,4860,2760
1346,678,2025-09-12,2025-09,34,West,Business,Online,Storage box,Office Supplies,4,0,0,10400,0,4800,10400,5600
1347,678,2025-09-12,2025-09,34,West,Business,Online,Keyboard,Technology,3,0,0,19500,0,9600,19500,9900
1348,678,2025-09-12,2025-09,34,West,Business,Online,Notebook pack,Office Supplies,5,10,0,9000,900,3500,8100,4600
1349,679,2025-02-08,2025-02,87,South,Consumer,Online,Keyboard,Technology,2,0,0,13000,0,6400,13000,6600
1350,679,2025-02-08,2025-02,87,South,Consumer,Online,Monitor,Technology,3,15,0,72000,10800,48000,61200,13200
1351,679,2025-02-08,2025-02,87,South,Consumer,Online,Desk,Furniture,5,0,0,140000,0,95000,140000,45000
1352,680,2025-09-25,2025-09,139,East,Consumer,Online,Notebook pack,Office Supplies,5,0,0,9000,0,3500,9000,5500
1353,680,2025-09-25,2025-09,139,East,Consumer,Online,Chair,Furniture,5,0,0,85000,0,55000,85000,30000
1354,680,2025-09-25,2025-09,139,East,Consumer,Online,Keyboard,Technology,3,0,0,19500,0,9600,19500,9900
1355,681,2025-12-23,2025-12,149,South,Business,Store,Notebook pack,Office Supplies,5,5,0,9000,450,3500,8550,5050
1356,682,2024-02-16,2024-02,126,West,Business,Online,Keyboard,Technology,4,0,0,26000,0,12800,26000,13200
1357,682,2024-02-16,2024-02,126,West,Business,Online,Chair,Furniture,3,25,0,51000,12750,33000,38250,5250
1358,683,2024-04-27,2024-04,26,South,Business,Online,Chair,Furniture,3,0,0,51000,0,33000,51000,18000
1359,683,2024-04-27,2024-04,26,South,Business,Online,Storage box,Office Supplies,4,0,1,10400,0,0,0,0
1360,684,2024-11-29,2024-11,47,East,Consumer,Online,Desk,Furniture,1,15,0,28000,4200,19000,23800,4800
1361,684,2024-11-29,2024-11,47,East,Consumer,Online,Monitor,Technology,3,5,0,72000,3600,48000,68400,20400
1362,684,2024-11-29,2024-11,47,East,Consumer,Online,Keyboard,Technology,1,0,0,6500,0,3200,6500,3300
1363,685,2025-09-03,2025-09,151,East,Consumer,Online,Notebook pack,Office Supplies,4,0,0,7200,0,2800,7200,4400
1364,685,2025-09-03,2025-09,151,East,Consumer,Online,Storage box,Office Supplies,3,10,0,7800,780,3600,7020,3420
1365,686,2024-03-08,2024-03,124,Central,Consumer,Online,Storage box,Office Supplies,1,5,0,2600,130,1200,2470,1270
1366,686,2024-03-08,2024-03,124,Central,Consumer,Online,Chair,Furniture,5,0,0,85000,0,55000,85000,30000
1367,687,2025-07-22,2025-07,167,South,Consumer,Online,Notebook pack,Office Supplies,4,0,0,7200,0,2800,7200,4400
1368,687,2025-07-22,2025-07,167,South,Consumer,Online,Keyboard,Technology,5,0,0,32500,0,16000,32500,16500
1369,688,2024-05-25,2024-05,96,South,Consumer,Online,Notebook pack,Office Supplies,4,15,0,7200,1080,2800,6120,3320
1370,689,2024-01-02,2024-01,119,West,Business,Store,Chair,Furniture,4,10,0,68000,6800,44000,61200,17200
1371,689,2024-01-02,2024-01,119,West,Business,Store,Desk,Furniture,4,15,0,112000,16800,76000,95200,19200
1372,689,2024-01-02,2024-01,119,West,Business,Store,Notebook pack,Office Supplies,2,15,0,3600,540,1400,3060,1660
1373,690,2024-10-15,2024-10,12,South,Business,Online,Notebook pack,Office Supplies,3,0,0,5400,0,2100,5400,3300
1374,690,2024-10-15,2024-10,12,South,Business,Online,Storage box,Office Supplies,1,0,0,2600,0,1200,2600,1400
1375,690,2024-10-15,2024-10,12,South,Business,Online,Desk,Furniture,3,25,0,84000,21000,57000,63000,6000
1376,691,2025-05-31,2025-05,82,Central,Consumer,Store,Monitor,Technology,2,5,0,48000,2400,32000,45600,13600
1377,691,2025-05-31,2025-05,82,Central,Consumer,Store,Keyboard,Technology,4,15,0,26000,3900,12800,22100,9300
1378,691,2025-05-31,2025-05,82,Central,Consumer,Store,Storage box,Office Supplies,2,0,0,5200,0,2400,5200,2800
1379,692,2024-01-05,2024-01,3,West,Consumer,Online,Notebook pack,Office Supplies,4,15,0,7200,1080,2800,6120,3320
1380,692,2024-01-05,2024-01,3,West,Consumer,Online,Keyboard,Technology,1,15,1,6500,975,0,0,0
1381,693,2025-11-18,2025-11,114,Central,Consumer,Online,Keyboard,Technology,3,10,0,19500,1950,9600,17550,7950
1382,693,2025-11-18,2025-11,114,Central,Consumer,Online,Notebook pack,Office Supplies,1,0,0,1800,0,700,1800,1100
1383,694,2024-07-16,2024-07,114,Central,Consumer,Online,Storage box,Office Supplies,1,5,0,2600,130,1200,2470,1270
1384,695,2025-12-27,2025-12,92,East,Consumer,Online,Notebook pack,Office Supplies,3,0,0,5400,0,2100,5400,3300
1385,696,2025-05-20,2025-05,93,South,Business,Online,Keyboard,Technology,2,0,0,13000,0,6400,13000,6600
1386,696,2025-05-20,2025-05,93,South,Business,Online,Notebook pack,Office Supplies,4,0,0,7200,0,2800,7200,4400
1387,697,2025-08-05,2025-08,129,South,Consumer,Store,Notebook pack,Office Supplies,2,15,0,3600,540,1400,3060,1660
1388,698,2025-09-09,2025-09,145,South,Business,Online,Notebook pack,Office Supplies,2,0,0,3600,0,1400,3600,2200
1389,699,2025-08-06,2025-08,59,Central,Consumer,Store,Storage box,Office Supplies,1,15,0,2600,390,1200,2210,1010
1390,700,2025-11-28,2025-11,144,East,Consumer,Store,Keyboard,Technology,1,5,0,6500,325,3200,6175,2975
1391,701,2025-02-20,2025-02,71,South,Consumer,Online,Notebook pack,Office Supplies,3,15,0,5400,810,2100,4590,2490
1392,701,2025-02-20,2025-02,71,South,Consumer,Online,Keyboard,Technology,2,0,0,13000,0,6400,13000,6600
1393,701,2025-02-20,2025-02,71,South,Consumer,Online,Storage box,Office Supplies,4,15,0,10400,1560,4800,8840,4040
1394,702,2024-01-06,2024-01,101,East,Consumer,Online,Desk,Furniture,1,5,0,28000,1400,19000,26600,7600
1395,702,2024-01-06,2024-01,101,East,Consumer,Online,Notebook pack,Office Supplies,4,0,0,7200,0,2800,7200,4400
1396,703,2024-07-20,2024-07,43,West,Business,Store,Desk,Furniture,1,35,0,28000,9800,19000,18200,-800
1397,703,2024-07-20,2024-07,43,West,Business,Store,Storage box,Office Supplies,1,15,0,2600,390,1200,2210,1010
1398,704,2024-12-08,2024-12,65,West,Consumer,Online,Keyboard,Technology,2,5,0,13000,650,6400,12350,5950
1399,705,2024-12-07,2024-12,134,Central,Consumer,Online,Notebook pack,Office Supplies,5,10,0,9000,900,3500,8100,4600
1400,706,2025-10-02,2025-10,115,East,Business,Online,Desk,Furniture,1,25,0,28000,7000,19000,21000,2000
1401,707,2025-12-11,2025-12,17,Central,Business,Online,Keyboard,Technology,1,5,0,6500,325,3200,6175,2975
1402,708,2025-03-18,2025-03,17,Central,Business,Online,Desk,Furniture,3,25,0,84000,21000,57000,63000,6000
1403,708,2025-03-18,2025-03,17,Central,Business,Online,Notebook pack,Office Supplies,5,10,0,9000,900,3500,8100,4600
1404,708,2025-03-18,2025-03,17,Central,Business,Online,Storage box,Office Supplies,5,15,1,13000,1950,0,0,0
1405,709,2025-01-28,2025-01,119,West,Business,Store,Notebook pack,Office Supplies,1,10,0,1800,180,700,1620,920
1406,709,2025-01-28,2025-01,119,West,Business,Store,Desk,Furniture,5,5,0,140000,7000,95000,133000,38000
1407,709,2025-01-28,2025-01,119,West,Business,Store,Monitor,Technology,1,15,0,24000,3600,16000,20400,4400
1408,710,2025-08-30,2025-08,50,East,Business,Online,Notebook pack,Office Supplies,4,10,0,7200,720,2800,6480,3680
1409,710,2025-08-30,2025-08,50,East,Business,Online,Monitor,Technology,4,0,0,96000,0,64000,96000,32000
1410,710,2025-08-30,2025-08,50,East,Business,Online,Storage box,Office Supplies,1,0,0,2600,0,1200,2600,1400
1411,711,2025-08-21,2025-08,112,Central,Consumer,Store,Notebook pack,Office Supplies,2,0,0,3600,0,1400,3600,2200
1412,711,2025-08-21,2025-08,112,Central,Consumer,Store,Storage box,Office Supplies,5,5,0,13000,650,6000,12350,6350
1413,712,2024-01-09,2024-01,133,West,Business,Online,Chair,Furniture,5,0,0,85000,0,55000,85000,30000
1414,713,2024-07-19,2024-07,52,Central,Consumer,Online,Monitor,Technology,2,10,0,48000,4800,32000,43200,11200
1415,714,2025-04-23,2025-04,154,West,Consumer,Store,Notebook pack,Office Supplies,4,5,0,7200,360,2800,6840,4040
1416,714,2025-04-23,2025-04,154,West,Consumer,Store,Monitor,Technology,4,0,0,96000,0,64000,96000,32000
1417,714,2025-04-23,2025-04,154,West,Consumer,Store,Storage box,Office Supplies,1,0,0,2600,0,1200,2600,1400
1418,715,2025-04-22,2025-04,160,West,Consumer,Online,Keyboard,Technology,3,10,0,19500,1950,9600,17550,7950
1419,716,2024-07-07,2024-07,2,Central,Consumer,Store,Desk,Furniture,3,0,0,84000,0,57000,84000,27000
1420,717,2024-05-25,2024-05,75,East,Consumer,Store,Storage box,Office Supplies,5,5,1,13000,650,0,0,0
1421,718,2024-01-31,2024-01,51,South,Business,Online,Chair,Furniture,3,0,0,51000,0,33000,51000,18000
1422,718,2024-01-31,2024-01,51,South,Business,Online,Storage box,Office Supplies,5,0,0,13000,0,6000,13000,7000
1423,719,2024-01-23,2024-01,46,West,Business,Store,Desk,Furniture,2,25,0,56000,14000,38000,42000,4000
1424,720,2024-04-23,2024-04,87,South,Consumer,Online,Keyboard,Technology,3,5,0,19500,975,9600,18525,8925
1425,720,2024-04-23,2024-04,87,South,Consumer,Online,Chair,Furniture,5,25,0,85000,21250,55000,63750,8750
1426,721,2024-03-07,2024-03,31,West,Consumer,Online,Chair,Furniture,2,25,0,34000,8500,22000,25500,3500
1427,722,2024-11-21,2024-11,154,West,Consumer,Store,Chair,Furniture,5,10,0,85000,8500,55000,76500,21500
1428,722,2024-11-21,2024-11,154,West,Consumer,Store,Desk,Furniture,3,5,1,84000,4200,0,0,0
1429,722,2024-11-21,2024-11,154,West,Consumer,Store,Storage box,Office Supplies,3,0,0,7800,0,3600,7800,4200
1430,723,2025-08-21,2025-08,126,West,Business,Online,Desk,Furniture,2,25,0,56000,14000,38000,42000,4000
1431,723,2025-08-21,2025-08,126,West,Business,Online,Keyboard,Technology,5,5,0,32500,1625,16000,30875,14875
1432,723,2025-08-21,2025-08,126,West,Business,Online,Storage box,Office Supplies,4,0,0,10400,0,4800,10400,5600
1433,724,2025-01-17,2025-01,135,South,Business,Store,Keyboard,Technology,5,10,0,32500,3250,16000,29250,13250
1434,724,2025-01-17,2025-01,135,South,Business,Store,Storage box,Office Supplies,5,0,0,13000,0,6000,13000,7000
1435,724,2025-01-17,2025-01,135,South,Business,Store,Monitor,Technology,2,10,0,48000,4800,32000,43200,11200
1436,725,2025-02-09,2025-02,56,West,Business,Store,Keyboard,Technology,2,5,0,13000,650,6400,12350,5950
1437,725,2025-02-09,2025-02,56,West,Business,Store,Notebook pack,Office Supplies,1,0,0,1800,0,700,1800,1100
1438,726,2024-10-29,2024-10,114,Central,Consumer,Store,Notebook pack,Office Supplies,1,10,0,1800,180,700,1620,920
1439,727,2024-12-10,2024-12,110,South,Business,Store,Keyboard,Technology,3,10,0,19500,1950,9600,17550,7950
1440,727,2024-12-10,2024-12,110,South,Business,Store,Storage box,Office Supplies,4,0,0,10400,0,4800,10400,5600
1441,728,2024-08-27,2024-08,68,East,Consumer,Online,Desk,Furniture,5,0,0,140000,0,95000,140000,45000
1442,728,2024-08-27,2024-08,68,East,Consumer,Online,Monitor,Technology,2,0,0,48000,0,32000,48000,16000
1443,729,2025-01-03,2025-01,10,South,Business,Online,Chair,Furniture,3,10,0,51000,5100,33000,45900,12900
1444,729,2025-01-03,2025-01,10,South,Business,Online,Monitor,Technology,3,0,0,72000,0,48000,72000,24000
1445,730,2024-05-21,2024-05,193,South,Consumer,Store,Monitor,Technology,3,5,0,72000,3600,48000,68400,20400
1446,731,2025-02-17,2025-02,104,South,Business,Online,Storage box,Office Supplies,2,10,0,5200,520,2400,4680,2280
1447,731,2025-02-17,2025-02,104,South,Business,Online,Notebook pack,Office Supplies,2,10,0,3600,360,1400,3240,1840
1448,732,2025-08-24,2025-08,142,West,Business,Store,Keyboard,Technology,3,0,0,19500,0,9600,19500,9900
1449,732,2025-08-24,2025-08,142,West,Business,Store,Monitor,Technology,4,0,0,96000,0,64000,96000,32000
1450,732,2025-08-24,2025-08,142,West,Business,Store,Desk,Furniture,5,0,0,140000,0,95000,140000,45000
1451,733,2025-08-14,2025-08,33,South,Business,Store,Desk,Furniture,3,5,0,84000,4200,57000,79800,22800
1452,733,2025-08-14,2025-08,33,South,Business,Store,Keyboard,Technology,4,15,0,26000,3900,12800,22100,9300
1453,733,2025-08-14,2025-08,33,South,Business,Store,Monitor,Technology,5,0,0,120000,0,80000,120000,40000
1454,734,2024-02-02,2024-02,36,East,Business,Online,Notebook pack,Office Supplies,5,15,0,9000,1350,3500,7650,4150
1455,734,2024-02-02,2024-02,36,East,Business,Online,Storage box,Office Supplies,4,0,0,10400,0,4800,10400,5600
1456,735,2024-03-06,2024-03,137,East,Consumer,Store,Keyboard,Technology,1,5,0,6500,325,3200,6175,2975
1457,736,2025-04-07,2025-04,164,West,Business,Store,Chair,Furniture,1,0,1,17000,0,0,0,0
1458,737,2025-12-06,2025-12,155,Central,Business,Store,Chair,Furniture,2,0,0,34000,0,22000,34000,12000
1459,738,2025-01-30,2025-01,73,South,Business,Online,Monitor,Technology,5,0,0,120000,0,80000,120000,40000
1460,739,2025-01-12,2025-01,133,West,Business,Online,Monitor,Technology,4,10,0,96000,9600,64000,86400,22400
1461,740,2024-04-23,2024-04,34,West,Business,Store,Storage box,Office Supplies,4,0,0,10400,0,4800,10400,5600
1462,740,2024-04-23,2024-04,34,West,Business,Store,Desk,Furniture,2,10,0,56000,5600,38000,50400,12400
1463,741,2025-12-27,2025-12,171,East,Consumer,Store,Notebook pack,Office Supplies,5,5,0,9000,450,3500,8550,5050
1464,742,2025-05-29,2025-05,184,South,Consumer,Store,Chair,Furniture,2,35,0,34000,11900,22000,22100,100
1465,742,2025-05-29,2025-05,184,South,Consumer,Store,Desk,Furniture,4,5,0,112000,5600,76000,106400,30400
1466,743,2025-08-05,2025-08,126,West,Business,Store,Notebook pack,Office Supplies,1,5,0,1800,90,700,1710,1010
1467,743,2025-08-05,2025-08,126,West,Business,Store,Desk,Furniture,4,15,0,112000,16800,76000,95200,19200
1468,744,2025-12-29,2025-12,77,Central,Consumer,Store,Chair,Furniture,2,25,0,34000,8500,22000,25500,3500
1469,744,2025-12-29,2025-12,77,Central,Consumer,Store,Keyboard,Technology,2,15,0,13000,1950,6400,11050,4650
1470,744,2025-12-29,2025-12,77,Central,Consumer,Store,Storage box,Office Supplies,1,0,0,2600,0,1200,2600,1400
1471,745,2024-06-10,2024-06,71,South,Consumer,Store,Desk,Furniture,4,0,0,112000,0,76000,112000,36000
1472,745,2024-06-10,2024-06,71,South,Consumer,Store,Chair,Furniture,1,0,0,17000,0,11000,17000,6000
1473,745,2024-06-10,2024-06,71,South,Consumer,Store,Keyboard,Technology,3,10,0,19500,1950,9600,17550,7950
1474,746,2024-09-15,2024-09,54,Central,Consumer,Online,Desk,Furniture,4,25,0,112000,28000,76000,84000,8000
1475,746,2024-09-15,2024-09,54,Central,Consumer,Online,Storage box,Office Supplies,4,0,0,10400,0,4800,10400,5600
1476,747,2024-01-11,2024-01,65,West,Consumer,Online,Chair,Furniture,4,35,0,68000,23800,44000,44200,200
1477,747,2024-01-11,2024-01,65,West,Consumer,Online,Monitor,Technology,5,0,0,120000,0,80000,120000,40000
1478,747,2024-01-11,2024-01,65,West,Consumer,Online,Keyboard,Technology,4,0,0,26000,0,12800,26000,13200
1479,748,2024-10-12,2024-10,42,Central,Consumer,Online,Notebook pack,Office Supplies,1,0,0,1800,0,700,1800,1100
1480,749,2025-07-01,2025-07,190,Central,Business,Store,Desk,Furniture,1,10,0,28000,2800,19000,25200,6200
1481,750,2025-01-01,2025-01,46,West,Business,Online,Desk,Furniture,4,0,0,112000,0,76000,112000,36000
1482,750,2025-01-01,2025-01,46,West,Business,Online,Notebook pack,Office Supplies,5,0,0,9000,0,3500,9000,5500
1483,750,2025-01-01,2025-01,46,West,Business,Online,Chair,Furniture,3,35,1,51000,17850,0,0,0
1484,751,2024-01-05,2024-01,13,Central,Consumer,Store,Chair,Furniture,3,5,0,51000,2550,33000,48450,15450
1485,752,2024-01-17,2024-01,108,South,Business,Online,Monitor,Technology,2,0,0,48000,0,32000,48000,16000
1486,753,2024-04-08,2024-04,171,East,Consumer,Online,Chair,Furniture,5,0,0,85000,0,55000,85000,30000
1487,753,2024-04-08,2024-04,171,East,Consumer,Online,Desk,Furniture,3,5,0,84000,4200,57000,79800,22800
1488,753,2024-04-08,2024-04,171,East,Consumer,Online,Keyboard,Technology,5,10,0,32500,3250,16000,29250,13250
1489,754,2024-05-03,2024-05,60,West,Business,Online,Monitor,Technology,3,0,1,72000,0,0,0,0
1490,755,2025-10-31,2025-10,81,East,Consumer,Online,Chair,Furniture,2,0,0,34000,0,22000,34000,12000
1491,755,2025-10-31,2025-10,81,East,Consumer,Online,Keyboard,Technology,3,15,0,19500,2925,9600,16575,6975
1492,756,2024-03-09,2024-03,56,West,Business,Store,Notebook pack,Office Supplies,1,15,0,1800,270,700,1530,830
1493,756,2024-03-09,2024-03,56,West,Business,Store,Keyboard,Technology,5,0,0,32500,0,16000,32500,16500
1494,757,2024-04-07,2024-04,154,West,Consumer,Store,Storage box,Office Supplies,3,0,0,7800,0,3600,7800,4200
1495,757,2024-04-07,2024-04,154,West,Consumer,Store,Keyboard,Technology,3,10,0,19500,1950,9600,17550,7950
1496,757,2024-04-07,2024-04,154,West,Consumer,Store,Chair,Furniture,1,35,0,17000,5950,11000,11050,50
1497,758,2025-10-17,2025-10,190,Central,Business,Online,Notebook pack,Office Supplies,1,15,0,1800,270,700,1530,830
1498,758,2025-10-17,2025-10,190,Central,Business,Online,Desk,Furniture,1,10,0,28000,2800,19000,25200,6200
1499,758,2025-10-17,2025-10,190,Central,Business,Online,Chair,Furniture,4,5,0,68000,3400,44000,64600,20600
1500,759,2024-03-02,2024-03,36,East,Business,Store,Monitor,Technology,2,10,0,48000,4800,32000,43200,11200
1501,759,2024-03-02,2024-03,36,East,Business,Store,Chair,Furniture,1,5,0,17000,850,11000,16150,5150
1502,760,2025-09-04,2025-09,114,Central,Consumer,Store,Monitor,Technology,3,0,0,72000,0,48000,72000,24000
1503,761,2025-02-28,2025-02,166,South,Consumer,Store,Chair,Furniture,3,15,0,51000,7650,33000,43350,10350
1504,762,2025-07-06,2025-07,14,West,Business,Online,Storage box,Office Supplies,5,5,0,13000,650,6000,12350,6350
1505,762,2025-07-06,2025-07,14,West,Business,Online,Chair,Furniture,1,0,0,17000,0,11000,17000,6000
1506,762,2025-07-06,2025-07,14,West,Business,Online,Keyboard,Technology,1,0,1,6500,0,0,0,0
1507,763,2024-05-24,2024-05,53,East,Business,Online,Chair,Furniture,5,5,0,85000,4250,55000,80750,25750
1508,764,2024-03-21,2024-03,110,South,Business,Store,Chair,Furniture,2,25,0,34000,8500,22000,25500,3500
1509,764,2024-03-21,2024-03,110,South,Business,Store,Storage box,Office Supplies,2,5,0,5200,260,2400,4940,2540
1510,765,2025-04-04,2025-04,163,Central,Business,Online,Keyboard,Technology,3,10,0,19500,1950,9600,17550,7950
1511,765,2025-04-04,2025-04,163,Central,Business,Online,Desk,Furniture,4,35,0,112000,39200,76000,72800,-3200
1512,766,2025-09-16,2025-09,189,Central,Business,Store,Keyboard,Technology,1,10,0,6500,650,3200,5850,2650
1513,767,2024-03-26,2024-03,195,East,Business,Store,Notebook pack,Office Supplies,3,10,0,5400,540,2100,4860,2760
1514,767,2024-03-26,2024-03,195,East,Business,Store,Chair,Furniture,4,10,0,68000,6800,44000,61200,17200
1515,767,2024-03-26,2024-03,195,East,Business,Store,Storage box,Office Supplies,5,10,0,13000,1300,6000,11700,5700
1516,768,2024-05-19,2024-05,184,South,Consumer,Store,Chair,Furniture,2,0,1,34000,0,0,0,0
1517,769,2025-05-27,2025-05,187,Central,Business,Store,Keyboard,Technology,4,5,0,26000,1300,12800,24700,11900
1518,769,2025-05-27,2025-05,187,Central,Business,Store,Storage box,Office Supplies,3,15,0,7800,1170,3600,6630,3030
1519,770,2024-02-09,2024-02,32,West,Business,Store,Chair,Furniture,3,15,0,51000,7650,33000,43350,10350
1520,770,2024-02-09,2024-02,32,West,Business,Store,Storage box,Office Supplies,4,5,0,10400,520,4800,9880,5080
1521,770,2024-02-09,2024-02,32,West,Business,Store,Keyboard,Technology,4,10,0,26000,2600,12800,23400,10600
1522,771,2024-09-05,2024-09,123,Central,Consumer,Online,Storage box,Office Supplies,2,5,0,5200,260,2400,4940,2540
1523,771,2024-09-05,2024-09,123,Central,Consumer,Online,Desk,Furniture,2,10,0,56000,5600,38000,50400,12400
1524,772,2025-08-15,2025-08,170,West,Consumer,Online,Desk,Furniture,1,25,0,28000,7000,19000,21000,2000
1525,773,2025-08-23,2025-08,21,Central,Business,Online,Chair,Furniture,3,10,0,51000,5100,33000,45900,12900
1526,773,2025-08-23,2025-08,21,Central,Business,Online,Keyboard,Technology,5,10,0,32500,3250,16000,29250,13250
1527,774,2025-02-25,2025-02,193,South,Consumer,Online,Storage box,Office Supplies,5,5,0,13000,650,6000,12350,6350
1528,775,2024-10-02,2024-10,192,West,Business,Online,Keyboard,Technology,2,10,1,13000,1300,0,0,0
1529,775,2024-10-02,2024-10,192,West,Business,Online,Monitor,Technology,1,10,0,24000,2400,16000,21600,5600
1530,775,2024-10-02,2024-10,192,West,Business,Online,Desk,Furniture,3,25,0,84000,21000,57000,63000,6000
1531,776,2025-01-18,2025-01,48,East,Consumer,Online,Keyboard,Technology,2,15,0,13000,1950,6400,11050,4650
1532,777,2025-04-06,2025-04,146,East,Consumer,Online,Chair,Furniture,1,0,0,17000,0,11000,17000,6000
1533,778,2024-07-15,2024-07,67,East,Business,Store,Storage box,Office Supplies,1,0,0,2600,0,1200,2600,1400
1534,778,2024-07-15,2024-07,67,East,Business,Store,Notebook pack,Office Supplies,1,10,0,1800,180,700,1620,920
1535,779,2024-03-06,2024-03,88,East,Consumer,Online,Chair,Furniture,1,0,0,17000,0,11000,17000,6000
1536,779,2024-03-06,2024-03,88,East,Consumer,Online,Keyboard,Technology,1,15,0,6500,975,3200,5525,2325
1537,779,2024-03-06,2024-03,88,East,Consumer,Online,Notebook pack,Office Supplies,1,0,0,1800,0,700,1800,1100
1538,780,2024-01-08,2024-01,97,South,Consumer,Store,Keyboard,Technology,5,10,0,32500,3250,16000,29250,13250
1539,780,2024-01-08,2024-01,97,South,Consumer,Store,Monitor,Technology,3,5,0,72000,3600,48000,68400,20400
1540,781,2025-01-04,2025-01,171,East,Consumer,Store,Notebook pack,Office Supplies,3,5,0,5400,270,2100,5130,3030
1541,781,2025-01-04,2025-01,171,East,Consumer,Store,Desk,Furniture,1,35,0,28000,9800,19000,18200,-800
1542,782,2025-02-15,2025-02,186,South,Consumer,Online,Notebook pack,Office Supplies,1,15,0,1800,270,700,1530,830
1543,783,2025-12-17,2025-12,193,South,Consumer,Online,Keyboard,Technology,4,15,0,26000,3900,12800,22100,9300
1544,783,2025-12-17,2025-12,193,South,Consumer,Online,Notebook pack,Office Supplies,2,0,0,3600,0,1400,3600,2200
1545,784,2024-11-25,2024-11,5,South,Consumer,Store,Storage box,Office Supplies,3,10,0,7800,780,3600,7020,3420
1546,785,2025-05-11,2025-05,103,West,Business,Online,Keyboard,Technology,1,10,0,6500,650,3200,5850,2650
1547,785,2025-05-11,2025-05,103,West,Business,Online,Storage box,Office Supplies,2,0,0,5200,0,2400,5200,2800
1548,786,2025-08-08,2025-08,184,South,Consumer,Online,Keyboard,Technology,1,5,0,6500,325,3200,6175,2975
1549,787,2025-07-15,2025-07,120,East,Consumer,Online,Desk,Furniture,5,5,0,140000,7000,95000,133000,38000
1550,787,2025-07-15,2025-07,120,East,Consumer,Online,Keyboard,Technology,2,0,0,13000,0,6400,13000,6600
1551,788,2024-01-30,2024-01,42,Central,Consumer,Store,Monitor,Technology,3,10,0,72000,7200,48000,64800,16800
1552,788,2024-01-30,2024-01,42,Central,Consumer,Store,Chair,Furniture,1,0,0,17000,0,11000,17000,6000
1553,789,2025-10-10,2025-10,186,South,Consumer,Store,Storage box,Office Supplies,3,0,0,7800,0,3600,7800,4200
1554,790,2025-09-07,2025-09,17,Central,Business,Store,Storage box,Office Supplies,5,10,0,13000,1300,6000,11700,5700
1555,790,2025-09-07,2025-09,17,Central,Business,Store,Keyboard,Technology,2,5,0,13000,650,6400,12350,5950
1556,791,2024-03-30,2024-03,29,Central,Consumer,Online,Storage box,Office Supplies,2,0,0,5200,0,2400,5200,2800
1557,791,2024-03-30,2024-03,29,Central,Consumer,Online,Notebook pack,Office Supplies,2,5,0,3600,180,1400,3420,2020
1558,792,2025-08-13,2025-08,189,Central,Business,Online,Desk,Furniture,5,5,0,140000,7000,95000,133000,38000
1559,792,2025-08-13,2025-08,189,Central,Business,Online,Notebook pack,Office Supplies,4,5,0,7200,360,2800,6840,4040
1560,793,2025-11-26,2025-11,33,South,Business,Online,Keyboard,Technology,1,15,0,6500,975,3200,5525,2325
1561,794,2024-11-19,2024-11,38,East,Consumer,Store,Keyboard,Technology,4,0,0,26000,0,12800,26000,13200
1562,795,2024-05-29,2024-05,192,West,Business,Online,Monitor,Technology,3,15,0,72000,10800,48000,61200,13200
1563,795,2024-05-29,2024-05,192,West,Business,Online,Storage box,Office Supplies,2,10,0,5200,520,2400,4680,2280
1564,795,2024-05-29,2024-05,192,West,Business,Online,Desk,Furniture,4,0,0,112000,0,76000,112000,36000
1565,796,2024-12-07,2024-12,40,South,Business,Online,Chair,Furniture,4,25,0,68000,17000,44000,51000,7000
1566,796,2024-12-07,2024-12,40,South,Business,Online,Desk,Furniture,2,0,0,56000,0,38000,56000,18000
1567,796,2024-12-07,2024-12,40,South,Business,Online,Storage box,Office Supplies,3,10,0,7800,780,3600,7020,3420
1568,797,2024-12-22,2024-12,194,Central,Business,Store,Desk,Furniture,3,10,0,84000,8400,57000,75600,18600
1569,797,2024-12-22,2024-12,194,Central,Business,Store,Notebook pack,Office Supplies,2,15,0,3600,540,1400,3060,1660
1570,798,2024-05-14,2024-05,83,West,Business,Online,Monitor,Technology,5,0,0,120000,0,80000,120000,40000
1571,798,2024-05-14,2024-05,83,West,Business,Online,Keyboard,Technology,4,5,0,26000,1300,12800,24700,11900
1572,798,2024-05-14,2024-05,83,West,Business,Online,Chair,Furniture,2,5,0,34000,1700,22000,32300,10300
1573,799,2024-07-19,2024-07,189,Central,Business,Online,Storage box,Office Supplies,1,0,0,2600,0,1200,2600,1400
1574,799,2024-07-19,2024-07,189,Central,Business,Online,Notebook pack,Office Supplies,4,0,0,7200,0,2800,7200,4400
1575,800,2024-04-08,2024-04,92,East,Consumer,Store,Desk,Furniture,1,15,0,28000,4200,19000,23800,4800
1576,801,2024-06-01,2024-06,161,West,Business,Store,Desk,Furniture,1,5,0,28000,1400,19000,26600,7600
1577,802,2024-11-05,2024-11,177,Central,Consumer,Online,Storage box,Office Supplies,4,10,0,10400,1040,4800,9360,4560
1578,802,2024-11-05,2024-11,177,Central,Consumer,Online,Keyboard,Technology,4,5,1,26000,1300,0,0,0
1579,802,2024-11-05,2024-11,177,Central,Consumer,Online,Desk,Furniture,1,0,0,28000,0,19000,28000,9000
1580,803,2025-10-18,2025-10,172,South,Business,Online,Notebook pack,Office Supplies,5,15,0,9000,1350,3500,7650,4150
1581,804,2025-12-11,2025-12,191,Central,Consumer,Online,Chair,Furniture,4,10,0,68000,6800,44000,61200,17200
1582,804,2025-12-11,2025-12,191,Central,Consumer,Online,Keyboard,Technology,1,5,0,6500,325,3200,6175,2975
1583,804,2025-12-11,2025-12,191,Central,Consumer,Online,Notebook pack,Office Supplies,5,0,0,9000,0,3500,9000,5500
1584,805,2025-12-18,2025-12,6,East,Consumer,Store,Notebook pack,Office Supplies,1,15,0,1800,270,700,1530,830
1585,805,2025-12-18,2025-12,6,East,Consumer,Store,Storage box,Office Supplies,5,0,0,13000,0,6000,13000,7000
1586,805,2025-12-18,2025-12,6,East,Consumer,Store,Keyboard,Technology,2,0,0,13000,0,6400,13000,6600
1587,806,2025-09-05,2025-09,178,Central,Consumer,Online,Notebook pack,Office Supplies,4,5,0,7200,360,2800,6840,4040
1588,807,2024-05-11,2024-05,148,Central,Consumer,Online,Chair,Furniture,1,0,0,17000,0,11000,17000,6000
1589,807,2024-05-11,2024-05,148,Central,Consumer,Online,Desk,Furniture,5,10,0,140000,14000,95000,126000,31000
1590,807,2024-05-11,2024-05,148,Central,Consumer,Online,Monitor,Technology,5,0,0,120000,0,80000,120000,40000
1591,808,2025-11-04,2025-11,1,East,Consumer,Online,Desk,Furniture,3,35,0,84000,29400,57000,54600,-2400
1592,808,2025-11-04,2025-11,1,East,Consumer,Online,Notebook pack,Office Supplies,4,5,0,7200,360,2800,6840,4040
1593,809,2024-12-26,2024-12,156,East,Business,Online,Desk,Furniture,1,5,0,28000,1400,19000,26600,7600
1594,809,2024-12-26,2024-12,156,East,Business,Online,Storage box,Office Supplies,2,0,0,5200,0,2400,5200,2800
1595,809,2024-12-26,2024-12,156,East,Business,Online,Chair,Furniture,2,15,0,34000,5100,22000,28900,6900
1596,810,2025-09-29,2025-09,109,South,Business,Online,Monitor,Technology,2,10,0,48000,4800,32000,43200,11200
1597,810,2025-09-29,2025-09,109,South,Business,Online,Storage box,Office Supplies,3,10,0,7800,780,3600,7020,3420
1598,810,2025-09-29,2025-09,109,South,Business,Online,Keyboard,Technology,2,15,0,13000,1950,6400,11050,4650
1599,811,2025-10-06,2025-10,188,East,Business,Store,Storage box,Office Supplies,5,15,0,13000,1950,6000,11050,5050
1600,811,2025-10-06,2025-10,188,East,Business,Store,Chair,Furniture,4,0,0,68000,0,44000,68000,24000
1601,811,2025-10-06,2025-10,188,East,Business,Store,Monitor,Technology,4,10,1,96000,9600,0,0,0
1602,812,2025-09-10,2025-09,64,Central,Business,Online,Desk,Furniture,1,25,0,28000,7000,19000,21000,2000
1603,812,2025-09-10,2025-09,64,Central,Business,Online,Notebook pack,Office Supplies,1,5,0,1800,90,700,1710,1010
1604,813,2024-10-06,2024-10,38,East,Consumer,Online,Desk,Furniture,4,5,0,112000,5600,76000,106400,30400
1605,813,2024-10-06,2024-10,38,East,Consumer,Online,Storage box,Office Supplies,1,0,0,2600,0,1200,2600,1400
1606,814,2024-11-09,2024-11,151,East,Consumer,Store,Notebook pack,Office Supplies,3,15,0,5400,810,2100,4590,2490
1607,815,2025-07-18,2025-07,70,West,Business,Online,Chair,Furniture,3,25,0,51000,12750,33000,38250,5250
1608,816,2025-11-25,2025-11,137,East,Consumer,Store,Notebook pack,Office Supplies,3,0,0,5400,0,2100,5400,3300
1609,816,2025-11-25,2025-11,137,East,Consumer,Store,Chair,Furniture,2,0,0,34000,0,22000,34000,12000
1610,817,2025-08-04,2025-08,189,Central,Business,Store,Storage box,Office Supplies,3,0,0,7800,0,3600,7800,4200
1611,818,2025-03-04,2025-03,181,South,Consumer,Store,Keyboard,Technology,3,10,0,19500,1950,9600,17550,7950
1612,819,2024-10-09,2024-10,110,South,Business,Online,Storage box,Office Supplies,3,10,0,7800,780,3600,7020,3420
1613,819,2024-10-09,2024-10,110,South,Business,Online,Desk,Furniture,1,0,0,28000,0,19000,28000,9000
1614,820,2024-09-02,2024-09,24,Central,Consumer,Online,Desk,Furniture,5,35,0,140000,49000,95000,91000,-4000
1615,820,2024-09-02,2024-09,24,Central,Consumer,Online,Storage box,Office Supplies,1,10,0,2600,260,1200,2340,1140
1616,820,2024-09-02,2024-09,24,Central,Consumer,Online,Monitor,Technology,2,10,0,48000,4800,32000,43200,11200
1617,821,2025-12-02,2025-12,174,Central,Business,Online,Desk,Furniture,2,0,0,56000,0,38000,56000,18000
1618,821,2025-12-02,2025-12,174,Central,Business,Online,Notebook pack,Office Supplies,5,5,0,9000,450,3500,8550,5050
1619,822,2025-11-08,2025-11,136,East,Business,Online,Keyboard,Technology,2,0,0,13000,0,6400,13000,6600
1620,822,2025-11-08,2025-11,136,East,Business,Online,Chair,Furniture,2,15,0,34000,5100,22000,28900,6900
1621,822,2025-11-08,2025-11,136,East,Business,Online,Notebook pack,Office Supplies,4,10,0,7200,720,2800,6480,3680
1622,823,2025-01-17,2025-01,29,Central,Consumer,Store,Chair,Furniture,3,10,0,51000,5100,33000,45900,12900
1623,823,2025-01-17,2025-01,29,Central,Consumer,Store,Notebook pack,Office Supplies,3,0,1,5400,0,0,0,0
1624,823,2025-01-17,2025-01,29,Central,Consumer,Store,Desk,Furniture,5,25,0,140000,35000,95000,105000,10000
1625,824,2024-11-08,2024-11,165,West,Consumer,Online,Notebook pack,Office Supplies,1,5,1,1800,90,0,0,0
1626,824,2024-11-08,2024-11,165,West,Consumer,Online,Keyboard,Technology,4,5,0,26000,1300,12800,24700,11900
1627,825,2024-04-19,2024-04,2,Central,Consumer,Store,Chair,Furniture,1,0,0,17000,0,11000,17000,6000
1628,825,2024-04-19,2024-04,2,Central,Consumer,Store,Keyboard,Technology,2,0,0,13000,0,6400,13000,6600
1629,825,2024-04-19,2024-04,2,Central,Consumer,Store,Monitor,Technology,2,10,0,48000,4800,32000,43200,11200
1630,826,2025-05-14,2025-05,2,Central,Consumer,Online,Monitor,Technology,4,5,0,96000,4800,64000,91200,27200
1631,826,2025-05-14,2025-05,2,Central,Consumer,Online,Chair,Furniture,4,0,0,68000,0,44000,68000,24000
1632,826,2025-05-14,2025-05,2,Central,Consumer,Online,Keyboard,Technology,3,0,0,19500,0,9600,19500,9900
1633,827,2025-11-03,2025-11,113,East,Consumer,Online,Monitor,Technology,4,0,0,96000,0,64000,96000,32000
1634,828,2025-12-27,2025-12,51,South,Business,Online,Monitor,Technology,1,0,0,24000,0,16000,24000,8000
1635,829,2024-12-05,2024-12,9,South,Consumer,Online,Chair,Furniture,1,25,0,17000,4250,11000,12750,1750
1636,829,2024-12-05,2024-12,9,South,Consumer,Online,Keyboard,Technology,4,0,0,26000,0,12800,26000,13200
1637,829,2024-12-05,2024-12,9,South,Consumer,Online,Monitor,Technology,4,15,0,96000,14400,64000,81600,17600
1638,830,2025-02-02,2025-02,34,West,Business,Online,Desk,Furniture,2,0,0,56000,0,38000,56000,18000
1639,831,2024-01-14,2024-01,197,South,Business,Online,Storage box,Office Supplies,3,10,0,7800,780,3600,7020,3420
1640,832,2024-01-09,2024-01,112,Central,Consumer,Store,Monitor,Technology,1,10,0,24000,2400,16000,21600,5600
1641,832,2024-01-09,2024-01,112,Central,Consumer,Store,Keyboard,Technology,2,15,0,13000,1950,6400,11050,4650
1642,833,2024-10-14,2024-10,197,South,Business,Online,Storage box,Office Supplies,4,0,0,10400,0,4800,10400,5600
1643,833,2024-10-14,2024-10,197,South,Business,Online,Chair,Furniture,1,0,0,17000,0,11000,17000,6000
1644,834,2025-08-28,2025-08,162,East,Consumer,Online,Desk,Furniture,2,25,1,56000,14000,0,0,0
1645,835,2024-07-15,2024-07,38,East,Consumer,Store,Notebook pack,Office Supplies,2,0,0,3600,0,1400,3600,2200
1646,836,2025-01-24,2025-01,105,West,Business,Store,Storage box,Office Supplies,3,10,0,7800,780,3600,7020,3420
1647,836,2025-01-24,2025-01,105,West,Business,Store,Chair,Furniture,5,25,0,85000,21250,55000,63750,8750
1648,836,2025-01-24,2025-01,105,West,Business,Store,Notebook pack,Office Supplies,3,0,0,5400,0,2100,5400,3300
1649,837,2024-10-14,2024-10,90,South,Business,Store,Monitor,Technology,1,0,1,24000,0,0,0,0
1650,838,2024-02-23,2024-02,170,West,Consumer,Store,Monitor,Technology,4,5,0,96000,4800,64000,91200,27200
1651,839,2024-04-13,2024-04,111,West,Consumer,Online,Keyboard,Technology,3,5,0,19500,975,9600,18525,8925
1652,839,2024-04-13,2024-04,111,West,Consumer,Online,Monitor,Technology,1,15,0,24000,3600,16000,20400,4400
1653,840,2024-05-13,2024-05,85,West,Business,Store,Monitor,Technology,2,5,0,48000,2400,32000,45600,13600
1654,840,2024-05-13,2024-05,85,West,Business,Store,Notebook pack,Office Supplies,4,0,0,7200,0,2800,7200,4400
1655,840,2024-05-13,2024-05,85,West,Business,Store,Storage box,Office Supplies,2,15,0,5200,780,2400,4420,2020
1656,841,2025-08-23,2025-08,168,West,Business,Online,Storage box,Office Supplies,4,0,0,10400,0,4800,10400,5600
1657,842,2025-07-13,2025-07,159,South,Consumer,Store,Storage box,Office Supplies,2,15,0,5200,780,2400,4420,2020
1658,842,2025-07-13,2025-07,159,South,Consumer,Store,Keyboard,Technology,1,0,0,6500,0,3200,6500,3300
1659,843,2025-07-17,2025-07,183,Central,Consumer,Store,Monitor,Technology,1,10,0,24000,2400,16000,21600,5600
1660,843,2025-07-17,2025-07,183,Central,Consumer,Store,Storage box,Office Supplies,4,15,0,10400,1560,4800,8840,4040
1661,843,2025-07-17,2025-07,183,Central,Consumer,Store,Keyboard,Technology,5,0,0,32500,0,16000,32500,16500
1662,844,2024-10-07,2024-10,179,East,Business,Online,Desk,Furniture,1,5,0,28000,1400,19000,26600,7600
1663,844,2024-10-07,2024-10,179,East,Business,Online,Notebook pack,Office Supplies,4,10,0,7200,720,2800,6480,3680
1664,845,2025-06-09,2025-06,20,South,Consumer,Online,Notebook pack,Office Supplies,5,10,0,9000,900,3500,8100,4600
1665,845,2025-06-09,2025-06,20,South,Consumer,Online,Keyboard,Technology,3,0,0,19500,0,9600,19500,9900
1666,846,2024-06-12,2024-06,147,Central,Consumer,Online,Storage box,Office Supplies,5,15,0,13000,1950,6000,11050,5050
1667,846,2024-06-12,2024-06,147,Central,Consumer,Online,Desk,Furniture,2,10,0,56000,5600,38000,50400,12400
1668,846,2024-06-12,2024-06,147,Central,Consumer,Online,Keyboard,Technology,5,0,0,32500,0,16000,32500,16500
1669,847,2024-02-16,2024-02,137,East,Consumer,Online,Desk,Furniture,3,0,0,84000,0,57000,84000,27000
1670,847,2024-02-16,2024-02,137,East,Consumer,Online,Chair,Furniture,1,5,0,17000,850,11000,16150,5150
1671,848,2024-08-03,2024-08,137,East,Consumer,Online,Storage box,Office Supplies,3,15,0,7800,1170,3600,6630,3030
1672,849,2024-11-28,2024-11,22,West,Consumer,Store,Chair,Furniture,3,0,0,51000,0,33000,51000,18000
1673,849,2024-11-28,2024-11,22,West,Consumer,Store,Keyboard,Technology,1,5,0,6500,325,3200,6175,2975
1674,849,2024-11-28,2024-11,22,West,Consumer,Store,Monitor,Technology,3,0,0,72000,0,48000,72000,24000
1675,850,2024-01-17,2024-01,138,Central,Consumer,Online,Storage box,Office Supplies,5,15,0,13000,1950,6000,11050,5050
1676,850,2024-01-17,2024-01,138,Central,Consumer,Online,Keyboard,Technology,4,0,0,26000,0,12800,26000,13200
1677,850,2024-01-17,2024-01,138,Central,Consumer,Online,Monitor,Technology,2,15,0,48000,7200,32000,40800,8800
1678,851,2025-02-08,2025-02,40,South,Business,Store,Storage box,Office Supplies,4,5,0,10400,520,4800,9880,5080
1679,852,2025-05-05,2025-05,24,Central,Consumer,Store,Keyboard,Technology,2,0,0,13000,0,6400,13000,6600
1680,853,2025-05-17,2025-05,187,Central,Business,Online,Monitor,Technology,2,0,0,48000,0,32000,48000,16000
1681,853,2025-05-17,2025-05,187,Central,Business,Online,Desk,Furniture,5,5,0,140000,7000,95000,133000,38000
1682,853,2025-05-17,2025-05,187,Central,Business,Online,Storage box,Office Supplies,1,10,0,2600,260,1200,2340,1140
1683,854,2025-10-22,2025-10,104,South,Business,Online,Notebook pack,Office Supplies,5,0,0,9000,0,3500,9000,5500
1684,854,2025-10-22,2025-10,104,South,Business,Online,Chair,Furniture,1,0,0,17000,0,11000,17000,6000
1685,854,2025-10-22,2025-10,104,South,Business,Online,Desk,Furniture,1,0,0,28000,0,19000,28000,9000
1686,855,2024-03-26,2024-03,69,West,Business,Online,Notebook pack,Office Supplies,1,15,0,1800,270,700,1530,830
1687,855,2024-03-26,2024-03,69,West,Business,Online,Desk,Furniture,3,0,0,84000,0,57000,84000,27000
1688,855,2024-03-26,2024-03,69,West,Business,Online,Storage box,Office Supplies,4,15,0,10400,1560,4800,8840,4040
1689,856,2024-06-16,2024-06,79,East,Consumer,Store,Chair,Furniture,1,10,0,17000,1700,11000,15300,4300
1690,856,2024-06-16,2024-06,79,East,Consumer,Store,Storage box,Office Supplies,1,0,0,2600,0,1200,2600,1400
1691,857,2024-04-15,2024-04,140,Central,Business,Store,Notebook pack,Office Supplies,4,0,1,7200,0,0,0,0
1692,858,2024-08-17,2024-08,7,West,Consumer,Online,Keyboard,Technology,3,5,0,19500,975,9600,18525,8925
1693,858,2024-08-17,2024-08,7,West,Consumer,Online,Chair,Furniture,4,0,0,68000,0,44000,68000,24000
1694,859,2024-04-22,2024-04,58,West,Consumer,Online,Monitor,Technology,5,5,0,120000,6000,80000,114000,34000
1695,859,2024-04-22,2024-04,58,West,Consumer,Online,Desk,Furniture,1,0,0,28000,0,19000,28000,9000
1696,860,2024-07-01,2024-07,110,South,Business,Store,Chair,Furniture,3,10,0,51000,5100,33000,45900,12900
1697,860,2024-07-01,2024-07,110,South,Business,Store,Keyboard,Technology,1,5,0,6500,325,3200,6175,2975
1698,860,2024-07-01,2024-07,110,South,Business,Store,Storage box,Office Supplies,3,5,0,7800,390,3600,7410,3810
1699,861,2025-12-29,2025-12,20,South,Consumer,Online,Storage box,Office Supplies,2,5,0,5200,260,2400,4940,2540
1700,862,2025-04-02,2025-04,185,West,Business,Store,Desk,Furniture,5,25,0,140000,35000,95000,105000,10000
1701,863,2024-10-12,2024-10,38,East,Consumer,Online,Chair,Furniture,4,15,0,68000,10200,44000,57800,13800
1702,863,2024-10-12,2024-10,38,East,Consumer,Online,Storage box,Office Supplies,4,10,0,10400,1040,4800,9360,4560
1703,864,2025-02-27,2025-02,155,Central,Business,Store,Storage box,Office Supplies,2,10,0,5200,520,2400,4680,2280
1704,865,2025-05-24,2025-05,138,Central,Consumer,Store,Notebook pack,Office Supplies,1,15,0,1800,270,700,1530,830
1705,865,2025-05-24,2025-05,138,Central,Consumer,Store,Chair,Furniture,5,5,0,85000,4250,55000,80750,25750
1706,865,2025-05-24,2025-05,138,Central,Consumer,Store,Keyboard,Technology,2,5,1,13000,650,0,0,0
1707,866,2024-01-18,2024-01,93,South,Business,Store,Desk,Furniture,1,15,0,28000,4200,19000,23800,4800
1708,867,2024-05-22,2024-05,76,West,Consumer,Store,Notebook pack,Office Supplies,4,0,0,7200,0,2800,7200,4400
1709,868,2024-08-17,2024-08,15,East,Consumer,Online,Storage box,Office Supplies,2,10,0,5200,520,2400,4680,2280
1710,869,2025-12-13,2025-12,109,South,Business,Store,Storage box,Office Supplies,1,15,0,2600,390,1200,2210,1010
1711,870,2025-08-31,2025-08,41,South,Consumer,Online,Monitor,Technology,2,0,0,48000,0,32000,48000,16000
1712,871,2024-01-13,2024-01,146,East,Consumer,Store,Chair,Furniture,4,0,0,68000,0,44000,68000,24000
1713,872,2025-12-16,2025-12,77,Central,Consumer,Store,Storage box,Office Supplies,4,0,0,10400,0,4800,10400,5600
1714,872,2025-12-16,2025-12,77,Central,Consumer,Store,Monitor,Technology,2,0,0,48000,0,32000,48000,16000
1715,873,2024-02-02,2024-02,155,Central,Business,Online,Chair,Furniture,4,35,0,68000,23800,44000,44200,200
1716,873,2024-02-02,2024-02,155,Central,Business,Online,Desk,Furniture,3,10,0,84000,8400,57000,75600,18600
1717,873,2024-02-02,2024-02,155,Central,Business,Online,Keyboard,Technology,4,0,0,26000,0,12800,26000,13200
1718,874,2024-04-04,2024-04,134,Central,Consumer,Store,Storage box,Office Supplies,2,10,0,5200,520,2400,4680,2280
1719,875,2024-08-12,2024-08,101,East,Consumer,Online,Notebook pack,Office Supplies,4,10,0,7200,720,2800,6480,3680
1720,875,2024-08-12,2024-08,101,East,Consumer,Online,Storage box,Office Supplies,4,10,0,10400,1040,4800,9360,4560
1721,875,2024-08-12,2024-08,101,East,Consumer,Online,Desk,Furniture,3,25,0,84000,21000,57000,63000,6000
1722,876,2024-04-21,2024-04,27,South,Business,Online,Notebook pack,Office Supplies,1,0,0,1800,0,700,1800,1100
1723,876,2024-04-21,2024-04,27,South,Business,Online,Monitor,Technology,5,0,0,120000,0,80000,120000,40000
1724,877,2025-09-03,2025-09,3,West,Consumer,Store,Notebook pack,Office Supplies,2,0,0,3600,0,1400,3600,2200
1725,878,2024-03-28,2024-03,146,East,Consumer,Online,Keyboard,Technology,3,0,0,19500,0,9600,19500,9900
1726,878,2024-03-28,2024-03,146,East,Consumer,Online,Desk,Furniture,1,15,0,28000,4200,19000,23800,4800
1727,878,2024-03-28,2024-03,146,East,Consumer,Online,Notebook pack,Office Supplies,4,15,0,7200,1080,2800,6120,3320
1728,879,2025-02-04,2025-02,186,South,Consumer,Store,Storage box,Office Supplies,1,5,0,2600,130,1200,2470,1270
1729,880,2025-05-30,2025-05,26,South,Business,Online,Notebook pack,Office Supplies,4,10,0,7200,720,2800,6480,3680
1730,881,2024-02-08,2024-02,75,East,Consumer,Online,Storage box,Office Supplies,4,0,0,10400,0,4800,10400,5600
1731,882,2024-04-05,2024-04,184,South,Consumer,Online,Storage box,Office Supplies,2,0,0,5200,0,2400,5200,2800
1732,883,2025-05-28,2025-05,133,West,Business,Store,Chair,Furniture,3,15,0,51000,7650,33000,43350,10350
1733,883,2025-05-28,2025-05,133,West,Business,Store,Monitor,Technology,4,0,0,96000,0,64000,96000,32000
1734,884,2025-11-30,2025-11,100,South,Consumer,Online,Notebook pack,Office Supplies,5,0,0,9000,0,3500,9000,5500
1735,885,2025-08-03,2025-08,161,West,Business,Store,Desk,Furniture,2,10,0,56000,5600,38000,50400,12400
1736,886,2024-03-30,2024-03,128,East,Consumer,Online,Monitor,Technology,3,0,0,72000,0,48000,72000,24000
1737,886,2024-03-30,2024-03,128,East,Consumer,Online,Chair,Furniture,5,15,0,85000,12750,55000,72250,17250
1738,887,2024-03-13,2024-03,46,West,Business,Store,Keyboard,Technology,4,0,0,26000,0,12800,26000,13200
1739,887,2024-03-13,2024-03,46,West,Business,Store,Monitor,Technology,5,10,1,120000,12000,0,0,0
1740,888,2024-10-20,2024-10,103,West,Business,Store,Storage box,Office Supplies,3,15,0,7800,1170,3600,6630,3030
1741,888,2024-10-20,2024-10,103,West,Business,Store,Chair,Furniture,3,15,0,51000,7650,33000,43350,10350
1742,888,2024-10-20,2024-10,103,West,Business,Store,Keyboard,Technology,4,15,0,26000,3900,12800,22100,9300
1743,889,2025-11-29,2025-11,11,East,Consumer,Online,Chair,Furniture,2,0,0,34000,0,22000,34000,12000
1744,889,2025-11-29,2025-11,11,East,Consumer,Online,Notebook pack,Office Supplies,2,15,0,3600,540,1400,3060,1660
1745,889,2025-11-29,2025-11,11,East,Consumer,Online,Desk,Furniture,1,5,0,28000,1400,19000,26600,7600
1746,890,2025-04-18,2025-04,172,South,Business,Online,Keyboard,Technology,5,10,0,32500,3250,16000,29250,13250
1747,890,2025-04-18,2025-04,172,South,Business,Online,Storage box,Office Supplies,2,0,0,5200,0,2400,5200,2800
1748,891,2025-02-10,2025-02,197,South,Business,Store,Keyboard,Technology,3,0,0,19500,0,9600,19500,9900
1749,892,2025-09-10,2025-09,125,Central,Business,Online,Storage box,Office Supplies,3,10,1,7800,780,0,0,0
1750,892,2025-09-10,2025-09,125,Central,Business,Online,Keyboard,Technology,2,10,0,13000,1300,6400,11700,5300
1751,892,2025-09-10,2025-09,125,Central,Business,Online,Desk,Furniture,2,15,0,56000,8400,38000,47600,9600
1752,893,2025-09-07,2025-09,199,South,Consumer,Store,Monitor,Technology,4,10,0,96000,9600,64000,86400,22400
1753,894,2024-08-04,2024-08,6,East,Consumer,Store,Monitor,Technology,1,0,0,24000,0,16000,24000,8000
1754,894,2024-08-04,2024-08,6,East,Consumer,Store,Chair,Furniture,4,0,0,68000,0,44000,68000,24000
1755,895,2025-12-30,2025-12,116,West,Consumer,Store,Chair,Furniture,1,0,0,17000,0,11000,17000,6000
1756,895,2025-12-30,2025-12,116,West,Consumer,Store,Monitor,Technology,4,5,0,96000,4800,64000,91200,27200
1757,895,2025-12-30,2025-12,116,West,Consumer,Store,Storage box,Office Supplies,3,0,0,7800,0,3600,7800,4200
1758,896,2025-03-05,2025-03,124,Central,Consumer,Store,Storage box,Office Supplies,3,15,0,7800,1170,3600,6630,3030
1759,896,2025-03-05,2025-03,124,Central,Consumer,Store,Chair,Furniture,1,5,0,17000,850,11000,16150,5150
1760,896,2025-03-05,2025-03,124,Central,Consumer,Store,Keyboard,Technology,5,15,0,32500,4875,16000,27625,11625
1761,897,2025-11-11,2025-11,188,East,Business,Store,Chair,Furniture,4,0,0,68000,0,44000,68000,24000
1762,898,2024-11-20,2024-11,30,Central,Consumer,Store,Notebook pack,Office Supplies,4,0,0,7200,0,2800,7200,4400
1763,898,2024-11-20,2024-11,30,Central,Consumer,Store,Desk,Furniture,5,0,1,140000,0,0,0,0
1764,899,2024-07-11,2024-07,108,South,Business,Online,Keyboard,Technology,2,0,0,13000,0,6400,13000,6600
1765,899,2024-07-11,2024-07,108,South,Business,Online,Chair,Furniture,5,0,0,85000,0,55000,85000,30000
1766,899,2024-07-11,2024-07,108,South,Business,Online,Monitor,Technology,3,0,0,72000,0,48000,72000,24000
1767,900,2024-11-10,2024-11,129,South,Consumer,Online,Keyboard,Technology,4,5,0,26000,1300,12800,24700,11900
1768,900,2024-11-10,2024-11,129,South,Consumer,Online,Storage box,Office Supplies,5,10,0,13000,1300,6000,11700,5700
1769,900,2024-11-10,2024-11,129,South,Consumer,Online,Notebook pack,Office Supplies,3,0,0,5400,0,2100,5400,3300
1770,901,2025-04-14,2025-04,110,South,Business,Store,Notebook pack,Office Supplies,5,0,0,9000,0,3500,9000,5500
1771,902,2025-01-25,2025-01,73,South,Business,Store,Monitor,Technology,1,0,0,24000,0,16000,24000,8000
1772,902,2025-01-25,2025-01,73,South,Business,Store,Notebook pack,Office Supplies,1,15,0,1800,270,700,1530,830
1773,902,2025-01-25,2025-01,73,South,Business,Store,Desk,Furniture,1,35,0,28000,9800,19000,18200,-800
1774,903,2025-09-30,2025-09,140,Central,Business,Online,Keyboard,Technology,3,10,0,19500,1950,9600,17550,7950
1775,903,2025-09-30,2025-09,140,Central,Business,Online,Notebook pack,Office Supplies,4,15,0,7200,1080,2800,6120,3320
1776,903,2025-09-30,2025-09,140,Central,Business,Online,Desk,Furniture,2,35,0,56000,19600,38000,36400,-1600
1777,904,2024-12-25,2024-12,119,West,Business,Store,Storage box,Office Supplies,3,0,0,7800,0,3600,7800,4200
1778,904,2024-12-25,2024-12,119,West,Business,Store,Keyboard,Technology,3,5,0,19500,975,9600,18525,8925
1779,904,2024-12-25,2024-12,119,West,Business,Store,Desk,Furniture,4,5,1,112000,5600,0,0,0
1780,905,2025-02-28,2025-02,9,South,Consumer,Online,Chair,Furniture,3,15,0,51000,7650,33000,43350,10350
1781,906,2025-08-08,2025-08,111,West,Consumer,Online,Keyboard,Technology,1,15,0,6500,975,3200,5525,2325
1782,906,2025-08-08,2025-08,111,West,Consumer,Online,Chair,Furniture,4,0,0,68000,0,44000,68000,24000
1783,906,2025-08-08,2025-08,111,West,Consumer,Online,Storage box,Office Supplies,3,15,0,7800,1170,3600,6630,3030
1784,907,2024-08-24,2024-08,26,South,Business,Online,Desk,Furniture,3,0,0,84000,0,57000,84000,27000
1785,907,2024-08-24,2024-08,26,South,Business,Online,Notebook pack,Office Supplies,2,0,0,3600,0,1400,3600,2200
1786,907,2024-08-24,2024-08,26,South,Business,Online,Keyboard,Technology,4,0,0,26000,0,12800,26000,13200
1787,908,2025-08-30,2025-08,40,South,Business,Online,Storage box,Office Supplies,5,10,1,13000,1300,0,0,0
1788,908,2025-08-30,2025-08,40,South,Business,Online,Notebook pack,Office Supplies,2,10,0,3600,360,1400,3240,1840
1789,908,2025-08-30,2025-08,40,South,Business,Online,Desk,Furniture,3,0,0,84000,0,57000,84000,27000
1790,909,2024-08-15,2024-08,77,Central,Consumer,Online,Chair,Furniture,1,10,0,17000,1700,11000,15300,4300
1791,909,2024-08-15,2024-08,77,Central,Consumer,Online,Keyboard,Technology,2,0,0,13000,0,6400,13000,6600
1792,909,2024-08-15,2024-08,77,Central,Consumer,Online,Monitor,Technology,5,0,0,120000,0,80000,120000,40000
1793,910,2025-09-02,2025-09,32,West,Business,Online,Monitor,Technology,3,0,0,72000,0,48000,72000,24000
1794,911,2025-05-21,2025-05,93,South,Business,Online,Desk,Furniture,1,25,0,28000,7000,19000,21000,2000
1795,911,2025-05-21,2025-05,93,South,Business,Online,Keyboard,Technology,1,0,0,6500,0,3200,6500,3300
1796,912,2025-01-19,2025-01,81,East,Consumer,Store,Chair,Furniture,3,0,0,51000,0,33000,51000,18000
1797,913,2025-11-06,2025-11,146,East,Consumer,Online,Monitor,Technology,3,10,0,72000,7200,48000,64800,16800
1798,914,2025-09-06,2025-09,140,Central,Business,Online,Notebook pack,Office Supplies,3,0,0,5400,0,2100,5400,3300
1799,915,2024-01-31,2024-01,138,Central,Consumer,Online,Notebook pack,Office Supplies,3,0,0,5400,0,2100,5400,3300
1800,915,2024-01-31,2024-01,138,Central,Consumer,Online,Chair,Furniture,1,15,0,17000,2550,11000,14450,3450
1801,915,2024-01-31,2024-01,138,Central,Consumer,Online,Storage box,Office Supplies,1,0,0,2600,0,1200,2600,1400
1802,916,2025-05-08,2025-05,52,Central,Consumer,Online,Storage box,Office Supplies,3,10,0,7800,780,3600,7020,3420
1803,916,2025-05-08,2025-05,52,Central,Consumer,Online,Notebook pack,Office Supplies,4,10,0,7200,720,2800,6480,3680
1804,917,2025-02-13,2025-02,50,East,Business,Store,Chair,Furniture,3,25,0,51000,12750,33000,38250,5250
1805,918,2025-08-24,2025-08,80,East,Consumer,Online,Storage box,Office Supplies,4,10,0,10400,1040,4800,9360,4560
1806,919,2025-03-09,2025-03,153,West,Business,Store,Notebook pack,Office Supplies,5,10,0,9000,900,3500,8100,4600
1807,919,2025-03-09,2025-03,153,West,Business,Store,Desk,Furniture,5,15,0,140000,21000,95000,119000,24000
1808,920,2025-10-09,2025-10,17,Central,Business,Store,Desk,Furniture,5,10,0,140000,14000,95000,126000,31000
1809,921,2024-10-27,2024-10,155,Central,Business,Store,Desk,Furniture,2,15,0,56000,8400,38000,47600,9600
1810,921,2024-10-27,2024-10,155,Central,Business,Store,Storage box,Office Supplies,2,5,0,5200,260,2400,4940,2540
1811,922,2024-08-08,2024-08,169,Central,Business,Store,Chair,Furniture,1,0,0,17000,0,11000,17000,6000
1812,922,2024-08-08,2024-08,169,Central,Business,Store,Monitor,Technology,1,5,0,24000,1200,16000,22800,6800
1813,923,2025-08-04,2025-08,83,West,Business,Online,Desk,Furniture,5,5,0,140000,7000,95000,133000,38000
1814,923,2025-08-04,2025-08,83,West,Business,Online,Keyboard,Technology,1,15,0,6500,975,3200,5525,2325
1815,923,2025-08-04,2025-08,83,West,Business,Online,Monitor,Technology,5,0,0,120000,0,80000,120000,40000
1816,924,2025-10-23,2025-10,108,South,Business,Store,Monitor,Technology,2,0,0,48000,0,32000,48000,16000
1817,924,2025-10-23,2025-10,108,South,Business,Store,Chair,Furniture,4,0,0,68000,0,44000,68000,24000
1818,925,2025-03-07,2025-03,31,West,Consumer,Online,Chair,Furniture,3,25,0,51000,12750,33000,38250,5250
1819,925,2025-03-07,2025-03,31,West,Consumer,Online,Notebook pack,Office Supplies,1,5,1,1800,90,0,0,0
1820,926,2025-08-12,2025-08,2,Central,Consumer,Store,Chair,Furniture,1,0,0,17000,0,11000,17000,6000
1821,926,2025-08-12,2025-08,2,Central,Consumer,Store,Keyboard,Technology,1,0,0,6500,0,3200,6500,3300
1822,927,2025-03-01,2025-03,186,South,Consumer,Store,Monitor,Technology,4,0,0,96000,0,64000,96000,32000
1823,927,2025-03-01,2025-03,186,South,Consumer,Store,Storage box,Office Supplies,3,10,0,7800,780,3600,7020,3420
1824,928,2025-02-06,2025-02,77,Central,Consumer,Store,Storage box,Office Supplies,3,15,0,7800,1170,3600,6630,3030
1825,928,2025-02-06,2025-02,77,Central,Consumer,Store,Desk,Furniture,2,0,0,56000,0,38000,56000,18000
1826,929,2024-05-22,2024-05,27,South,Business,Store,Storage box,Office Supplies,2,0,0,5200,0,2400,5200,2800
1827,929,2024-05-22,2024-05,27,South,Business,Store,Keyboard,Technology,3,15,0,19500,2925,9600,16575,6975
1828,929,2024-05-22,2024-05,27,South,Business,Store,Chair,Furniture,1,10,0,17000,1700,11000,15300,4300
1829,930,2024-02-14,2024-02,29,Central,Consumer,Online,Desk,Furniture,3,25,0,84000,21000,57000,63000,6000
1830,930,2024-02-14,2024-02,29,Central,Consumer,Online,Monitor,Technology,2,0,0,48000,0,32000,48000,16000
1831,931,2024-05-02,2024-05,33,South,Business,Store,Notebook pack,Office Supplies,4,10,0,7200,720,2800,6480,3680
1832,932,2025-06-18,2025-06,136,East,Business,Online,Keyboard,Technology,3,10,0,19500,1950,9600,17550,7950
1833,932,2025-06-18,2025-06,136,East,Business,Online,Storage box,Office Supplies,3,5,0,7800,390,3600,7410,3810
1834,932,2025-06-18,2025-06,136,East,Business,Online,Monitor,Technology,3,15,0,72000,10800,48000,61200,13200
1835,933,2024-09-05,2024-09,169,Central,Business,Online,Desk,Furniture,1,5,1,28000,1400,0,0,0
1836,933,2024-09-05,2024-09,169,Central,Business,Online,Storage box,Office Supplies,2,10,0,5200,520,2400,4680,2280
1837,933,2024-09-05,2024-09,169,Central,Business,Online,Keyboard,Technology,2,10,0,13000,1300,6400,11700,5300
1838,934,2024-08-01,2024-08,152,East,Business,Store,Storage box,Office Supplies,2,15,0,5200,780,2400,4420,2020
1839,934,2024-08-01,2024-08,152,East,Business,Store,Keyboard,Technology,2,0,0,13000,0,6400,13000,6600
1840,935,2025-01-29,2025-01,116,West,Consumer,Online,Chair,Furniture,3,25,0,51000,12750,33000,38250,5250
1841,935,2025-01-29,2025-01,116,West,Consumer,Online,Desk,Furniture,3,0,0,84000,0,57000,84000,27000
1842,936,2024-04-19,2024-04,191,Central,Consumer,Online,Desk,Furniture,4,0,0,112000,0,76000,112000,36000
1843,937,2025-05-02,2025-05,170,West,Consumer,Store,Monitor,Technology,5,0,0,120000,0,80000,120000,40000
1844,937,2025-05-02,2025-05,170,West,Consumer,Store,Desk,Furniture,2,0,0,56000,0,38000,56000,18000
1845,938,2025-03-17,2025-03,131,Central,Consumer,Store,Keyboard,Technology,3,5,0,19500,975,9600,18525,8925
1846,939,2025-10-26,2025-10,98,Central,Business,Store,Monitor,Technology,2,10,0,48000,4800,32000,43200,11200
1847,940,2024-10-09,2024-10,136,East,Business,Store,Keyboard,Technology,2,0,0,13000,0,6400,13000,6600
1848,940,2024-10-09,2024-10,136,East,Business,Store,Desk,Furniture,1,0,0,28000,0,19000,28000,9000
1849,940,2024-10-09,2024-10,136,East,Business,Store,Notebook pack,Office Supplies,2,0,0,3600,0,1400,3600,2200
1850,941,2024-10-09,2024-10,58,West,Consumer,Store,Keyboard,Technology,2,5,0,13000,650,6400,12350,5950
1851,941,2024-10-09,2024-10,58,West,Consumer,Store,Desk,Furniture,2,5,0,56000,2800,38000,53200,15200
1852,942,2024-10-21,2024-10,181,South,Consumer,Store,Desk,Furniture,5,35,0,140000,49000,95000,91000,-4000
1853,942,2024-10-21,2024-10,181,South,Consumer,Store,Storage box,Office Supplies,2,0,0,5200,0,2400,5200,2800
1854,942,2024-10-21,2024-10,181,South,Consumer,Store,Chair,Furniture,1,0,0,17000,0,11000,17000,6000
1855,943,2025-04-11,2025-04,37,South,Business,Online,Keyboard,Technology,1,0,0,6500,0,3200,6500,3300
1856,943,2025-04-11,2025-04,37,South,Business,Online,Storage box,Office Supplies,1,0,0,2600,0,1200,2600,1400
1857,943,2025-04-11,2025-04,37,South,Business,Online,Monitor,Technology,1,15,0,24000,3600,16000,20400,4400
1858,944,2025-04-30,2025-04,150,East,Consumer,Online,Chair,Furniture,1,0,0,17000,0,11000,17000,6000
1859,944,2025-04-30,2025-04,150,East,Consumer,Online,Keyboard,Technology,5,5,0,32500,1625,16000,30875,14875
1860,945,2025-06-21,2025-06,129,South,Consumer,Online,Desk,Furniture,1,10,0,28000,2800,19000,25200,6200
1861,946,2024-12-09,2024-12,116,West,Consumer,Store,Monitor,Technology,4,5,0,96000,4800,64000,91200,27200
1862,946,2024-12-09,2024-12,116,West,Consumer,Store,Notebook pack,Office Supplies,1,5,0,1800,90,700,1710,1010
1863,946,2024-12-09,2024-12,116,West,Consumer,Store,Storage box,Office Supplies,3,15,0,7800,1170,3600,6630,3030
1864,947,2025-09-02,2025-09,124,Central,Consumer,Online,Storage box,Office Supplies,1,0,0,2600,0,1200,2600,1400
1865,947,2025-09-02,2025-09,124,Central,Consumer,Online,Notebook pack,Office Supplies,2,0,0,3600,0,1400,3600,2200
1866,948,2024-02-01,2024-02,63,East,Consumer,Store,Chair,Furniture,2,25,0,34000,8500,22000,25500,3500
1867,948,2024-02-01,2024-02,63,East,Consumer,Store,Desk,Furniture,3,35,0,84000,29400,57000,54600,-2400
1868,949,2025-06-23,2025-06,45,Central,Consumer,Store,Monitor,Technology,5,10,0,120000,12000,80000,108000,28000
1869,949,2025-06-23,2025-06,45,Central,Consumer,Store,Storage box,Office Supplies,3,5,0,7800,390,3600,7410,3810
1870,949,2025-06-23,2025-06,45,Central,Consumer,Store,Keyboard,Technology,5,15,0,32500,4875,16000,27625,11625
1871,950,2025-09-19,2025-09,32,West,Business,Store,Notebook pack,Office Supplies,3,0,0,5400,0,2100,5400,3300
1872,950,2025-09-19,2025-09,32,West,Business,Store,Monitor,Technology,4,0,0,96000,0,64000,96000,32000
1873,951,2024-06-02,2024-06,134,Central,Consumer,Store,Notebook pack,Office Supplies,4,5,0,7200,360,2800,6840,4040
1874,951,2024-06-02,2024-06,134,Central,Consumer,Store,Chair,Furniture,3,0,0,51000,0,33000,51000,18000
1875,951,2024-06-02,2024-06,134,Central,Consumer,Store,Monitor,Technology,2,5,0,48000,2400,32000,45600,13600
1876,952,2024-05-06,2024-05,14,West,Business,Store,Desk,Furniture,3,0,1,84000,0,0,0,0
1877,952,2024-05-06,2024-05,14,West,Business,Store,Keyboard,Technology,2,5,0,13000,650,6400,12350,5950
1878,953,2025-05-29,2025-05,171,East,Consumer,Online,Storage box,Office Supplies,3,0,0,7800,0,3600,7800,4200
1879,954,2024-07-20,2024-07,111,West,Consumer,Online,Chair,Furniture,4,15,0,68000,10200,44000,57800,13800
1880,954,2024-07-20,2024-07,111,West,Consumer,Online,Desk,Furniture,4,25,0,112000,28000,76000,84000,8000
1881,955,2024-04-10,2024-04,67,East,Business,Store,Monitor,Technology,3,15,0,72000,10800,48000,61200,13200
1882,955,2024-04-10,2024-04,67,East,Business,Store,Chair,Furniture,2,10,0,34000,3400,22000,30600,8600
1883,955,2024-04-10,2024-04,67,East,Business,Store,Keyboard,Technology,5,0,0,32500,0,16000,32500,16500
1884,956,2024-03-28,2024-03,77,Central,Consumer,Store,Chair,Furniture,1,0,0,17000,0,11000,17000,6000
1885,956,2024-03-28,2024-03,77,Central,Consumer,Store,Keyboard,Technology,3,15,0,19500,2925,9600,16575,6975
1886,956,2024-03-28,2024-03,77,Central,Consumer,Store,Notebook pack,Office Supplies,3,10,0,5400,540,2100,4860,2760
1887,957,2025-04-22,2025-04,108,South,Business,Store,Desk,Furniture,1,25,0,28000,7000,19000,21000,2000
1888,957,2025-04-22,2025-04,108,South,Business,Store,Notebook pack,Office Supplies,2,15,0,3600,540,1400,3060,1660
1889,958,2024-09-05,2024-09,149,South,Business,Store,Notebook pack,Office Supplies,5,15,0,9000,1350,3500,7650,4150
1890,959,2024-02-24,2024-02,194,Central,Business,Store,Keyboard,Technology,1,10,0,6500,650,3200,5850,2650
1891,960,2025-06-14,2025-06,118,East,Consumer,Online,Desk,Furniture,3,0,0,84000,0,57000,84000,27000
1892,961,2024-04-09,2024-04,75,East,Consumer,Store,Monitor,Technology,5,15,0,120000,18000,80000,102000,22000
1893,961,2024-04-09,2024-04,75,East,Consumer,Store,Desk,Furniture,1,5,0,28000,1400,19000,26600,7600
1894,961,2024-04-09,2024-04,75,East,Consumer,Store,Notebook pack,Office Supplies,5,10,0,9000,900,3500,8100,4600
1895,962,2025-11-22,2025-11,164,West,Business,Online,Storage box,Office Supplies,1,10,0,2600,260,1200,2340,1140
1896,962,2025-11-22,2025-11,164,West,Business,Online,Monitor,Technology,2,0,0,48000,0,32000,48000,16000
1897,963,2024-06-05,2024-06,155,Central,Business,Online,Desk,Furniture,1,35,1,28000,9800,0,0,0
1898,963,2024-06-05,2024-06,155,Central,Business,Online,Chair,Furniture,5,35,0,85000,29750,55000,55250,250
1899,963,2024-06-05,2024-06,155,Central,Business,Online,Notebook pack,Office Supplies,1,5,0,1800,90,700,1710,1010
1900,964,2024-07-07,2024-07,61,West,Consumer,Store,Storage box,Office Supplies,4,0,0,10400,0,4800,10400,5600
1901,964,2024-07-07,2024-07,61,West,Consumer,Store,Keyboard,Technology,2,0,0,13000,0,6400,13000,6600
1902,964,2024-07-07,2024-07,61,West,Consumer,Store,Desk,Furniture,2,0,0,56000,0,38000,56000,18000
1903,965,2025-12-17,2025-12,140,Central,Business,Online,Keyboard,Technology,3,0,0,19500,0,9600,19500,9900
1904,965,2025-12-17,2025-12,140,Central,Business,Online,Monitor,Technology,4,5,0,96000,4800,64000,91200,27200
1905,966,2025-02-04,2025-02,99,West,Consumer,Online,Keyboard,Technology,2,0,0,13000,0,6400,13000,6600
1906,966,2025-02-04,2025-02,99,West,Consumer,Online,Storage box,Office Supplies,1,15,0,2600,390,1200,2210,1010
1907,967,2025-08-17,2025-08,78,West,Consumer,Online,Storage box,Office Supplies,1,5,0,2600,130,1200,2470,1270
1908,967,2025-08-17,2025-08,78,West,Consumer,Online,Notebook pack,Office Supplies,4,10,0,7200,720,2800,6480,3680
1909,967,2025-08-17,2025-08,78,West,Consumer,Online,Keyboard,Technology,2,5,0,13000,650,6400,12350,5950
1910,968,2025-05-30,2025-05,54,Central,Consumer,Store,Notebook pack,Office Supplies,2,0,0,3600,0,1400,3600,2200
1911,968,2025-05-30,2025-05,54,Central,Consumer,Store,Keyboard,Technology,5,5,0,32500,1625,16000,30875,14875
1912,968,2025-05-30,2025-05,54,Central,Consumer,Store,Desk,Furniture,2,10,0,56000,5600,38000,50400,12400
1913,969,2025-11-05,2025-11,78,West,Consumer,Store,Storage box,Office Supplies,4,10,0,10400,1040,4800,9360,4560
1914,970,2025-09-12,2025-09,169,Central,Business,Online,Storage box,Office Supplies,2,5,0,5200,260,2400,4940,2540
1915,970,2025-09-12,2025-09,169,Central,Business,Online,Notebook pack,Office Supplies,5,5,0,9000,450,3500,8550,5050
1916,970,2025-09-12,2025-09,169,Central,Business,Online,Monitor,Technology,4,0,1,96000,0,0,0,0
1917,971,2024-06-11,2024-06,60,West,Business,Online,Desk,Furniture,3,5,0,84000,4200,57000,79800,22800
1918,971,2024-06-11,2024-06,60,West,Business,Online,Keyboard,Technology,2,0,0,13000,0,6400,13000,6600
1919,971,2024-06-11,2024-06,60,West,Business,Online,Notebook pack,Office Supplies,2,10,0,3600,360,1400,3240,1840
1920,972,2025-03-06,2025-03,17,Central,Business,Online,Monitor,Technology,1,10,0,24000,2400,16000,21600,5600
1921,972,2025-03-06,2025-03,17,Central,Business,Online,Desk,Furniture,5,0,0,140000,0,95000,140000,45000
1922,972,2025-03-06,2025-03,17,Central,Business,Online,Notebook pack,Office Supplies,3,0,0,5400,0,2100,5400,3300
1923,973,2025-01-21,2025-01,35,East,Consumer,Online,Monitor,Technology,4,10,0,96000,9600,64000,86400,22400
1924,974,2024-08-18,2024-08,52,Central,Consumer,Online,Notebook pack,Office Supplies,1,15,1,1800,270,0,0,0
1925,974,2024-08-18,2024-08,52,Central,Consumer,Online,Chair,Furniture,1,5,1,17000,850,0,0,0
1926,975,2024-05-23,2024-05,2,Central,Consumer,Store,Notebook pack,Office Supplies,1,5,0,1800,90,700,1710,1010
1927,975,2024-05-23,2024-05,2,Central,Consumer,Store,Storage box,Office Supplies,5,10,0,13000,1300,6000,11700,5700
1928,976,2024-07-31,2024-07,147,Central,Consumer,Store,Monitor,Technology,1,10,0,24000,2400,16000,21600,5600
1929,976,2024-07-31,2024-07,147,Central,Consumer,Store,Storage box,Office Supplies,4,0,0,10400,0,4800,10400,5600
1930,976,2024-07-31,2024-07,147,Central,Consumer,Store,Chair,Furniture,2,10,0,34000,3400,22000,30600,8600
1931,977,2025-05-25,2025-05,60,West,Business,Online,Notebook pack,Office Supplies,2,5,0,3600,180,1400,3420,2020
1932,977,2025-05-25,2025-05,60,West,Business,Online,Monitor,Technology,3,10,0,72000,7200,48000,64800,16800
1933,977,2025-05-25,2025-05,60,West,Business,Online,Desk,Furniture,1,0,0,28000,0,19000,28000,9000
1934,978,2024-03-17,2024-03,137,East,Consumer,Online,Notebook pack,Office Supplies,4,15,1,7200,1080,0,0,0
1935,978,2024-03-17,2024-03,137,East,Consumer,Online,Storage box,Office Supplies,1,15,0,2600,390,1200,2210,1010
1936,978,2024-03-17,2024-03,137,East,Consumer,Online,Monitor,Technology,3,0,1,72000,0,0,0,0
1937,979,2025-03-07,2025-03,67,East,Business,Online,Desk,Furniture,2,15,0,56000,8400,38000,47600,9600
1938,979,2025-03-07,2025-03,67,East,Business,Online,Chair,Furniture,1,5,0,17000,850,11000,16150,5150
1939,980,2025-07-31,2025-07,157,West,Consumer,Online,Desk,Furniture,5,0,0,140000,0,95000,140000,45000
1940,980,2025-07-31,2025-07,157,West,Consumer,Online,Keyboard,Technology,4,0,0,26000,0,12800,26000,13200
1941,981,2024-02-12,2024-02,27,South,Business,Online,Notebook pack,Office Supplies,3,10,0,5400,540,2100,4860,2760
1942,981,2024-02-12,2024-02,27,South,Business,Online,Chair,Furniture,2,0,0,34000,0,22000,34000,12000
1943,982,2024-01-27,2024-01,199,South,Consumer,Online,Notebook pack,Office Supplies,5,10,1,9000,900,0,0,0
1944,982,2024-01-27,2024-01,199,South,Consumer,Online,Keyboard,Technology,4,0,0,26000,0,12800,26000,13200
1945,982,2024-01-27,2024-01,199,South,Consumer,Online,Desk,Furniture,4,0,0,112000,0,76000,112000,36000
1946,983,2024-04-30,2024-04,158,East,Business,Store,Chair,Furniture,4,0,0,68000,0,44000,68000,24000
1947,983,2024-04-30,2024-04,158,East,Business,Store,Monitor,Technology,1,15,1,24000,3600,0,0,0
1948,984,2025-02-26,2025-02,192,West,Business,Online,Storage box,Office Supplies,2,0,0,5200,0,2400,5200,2800
1949,985,2024-05-09,2024-05,113,East,Consumer,Online,Desk,Furniture,3,5,0,84000,4200,57000,79800,22800
1950,985,2024-05-09,2024-05,113,East,Consumer,Online,Monitor,Technology,2,15,0,48000,7200,32000,40800,8800
1951,986,2025-11-04,2025-11,32,West,Business,Online,Monitor,Technology,5,0,0,120000,0,80000,120000,40000
1952,987,2024-12-31,2024-12,57,East,Business,Store,Monitor,Technology,2,15,0,48000,7200,32000,40800,8800
1953,987,2024-12-31,2024-12,57,East,Business,Store,Storage box,Office Supplies,3,15,0,7800,1170,3600,6630,3030
1954,987,2024-12-31,2024-12,57,East,Business,Store,Notebook pack,Office Supplies,1,5,0,1800,90,700,1710,1010
1955,988,2025-12-23,2025-12,160,West,Consumer,Store,Desk,Furniture,2,5,0,56000,2800,38000,53200,15200
1956,988,2025-12-23,2025-12,160,West,Consumer,Store,Chair,Furniture,5,5,0,85000,4250,55000,80750,25750
1957,989,2024-05-25,2024-05,10,South,Business,Online,Keyboard,Technology,1,10,0,6500,650,3200,5850,2650
1958,989,2024-05-25,2024-05,10,South,Business,Online,Storage box,Office Supplies,3,5,0,7800,390,3600,7410,3810
1959,989,2024-05-25,2024-05,10,South,Business,Online,Desk,Furniture,3,0,1,84000,0,0,0,0
1960,990,2025-09-16,2025-09,99,West,Consumer,Store,Keyboard,Technology,4,10,1,26000,2600,0,0,0
1961,991,2024-07-29,2024-07,98,Central,Business,Online,Keyboard,Technology,3,0,0,19500,0,9600,19500,9900
1962,991,2024-07-29,2024-07,98,Central,Business,Online,Notebook pack,Office Supplies,3,0,0,5400,0,2100,5400,3300
1963,991,2024-07-29,2024-07,98,Central,Business,Online,Desk,Furniture,3,10,0,84000,8400,57000,75600,18600
1964,992,2025-08-28,2025-08,56,West,Business,Online,Storage box,Office Supplies,4,10,0,10400,1040,4800,9360,4560
1965,992,2025-08-28,2025-08,56,West,Business,Online,Notebook pack,Office Supplies,1,0,0,1800,0,700,1800,1100
1966,993,2025-11-25,2025-11,74,South,Business,Store,Notebook pack,Office Supplies,5,5,0,9000,450,3500,8550,5050
1967,993,2025-11-25,2025-11,74,South,Business,Store,Storage box,Office Supplies,4,10,0,10400,1040,4800,9360,4560
1968,994,2024-08-31,2024-08,34,West,Business,Online,Storage box,Office Supplies,1,0,0,2600,0,1200,2600,1400
1969,994,2024-08-31,2024-08,34,West,Business,Online,Monitor,Technology,3,5,0,72000,3600,48000,68400,20400
1970,995,2024-02-09,2024-02,158,East,Business,Store,Monitor,Technology,5,0,0,120000,0,80000,120000,40000
1971,995,2024-02-09,2024-02,158,East,Business,Store,Storage box,Office Supplies,5,5,0,13000,650,6000,12350,6350
1972,996,2024-07-02,2024-07,114,Central,Consumer,Store,Keyboard,Technology,1,10,1,6500,650,0,0,0
1973,997,2025-01-02,2025-01,123,Central,Consumer,Online,Desk,Furniture,1,10,0,28000,2800,19000,25200,6200
1974,997,2025-01-02,2025-01,123,Central,Consumer,Online,Notebook pack,Office Supplies,5,5,0,9000,450,3500,8550,5050
1975,998,2025-03-27,2025-03,47,East,Consumer,Store,Monitor,Technology,2,0,0,48000,0,32000,48000,16000
1976,998,2025-03-27,2025-03,47,East,Consumer,Store,Keyboard,Technology,2,15,0,13000,1950,6400,11050,4650
1977,999,2024-08-26,2024-08,30,Central,Consumer,Online,Storage box,Office Supplies,5,10,0,13000,1300,6000,11700,5700
1978,1000,2024-02-12,2024-02,142,West,Business,Online,Storage box,Office Supplies,3,5,1,7800,390,0,0,0
1979,1001,2024-12-27,2024-12,139,East,Consumer,Online,Chair,Furniture,1,35,0,17000,5950,11000,11050,50
1980,1001,2024-12-27,2024-12,139,East,Consumer,Online,Monitor,Technology,1,0,0,24000,0,16000,24000,8000
1981,1001,2024-12-27,2024-12,139,East,Consumer,Online,Desk,Furniture,5,15,0,140000,21000,95000,119000,24000
1982,1002,2025-11-28,2025-11,107,South,Consumer,Online,Keyboard,Technology,1,5,0,6500,325,3200,6175,2975
1983,1002,2025-11-28,2025-11,107,South,Consumer,Online,Monitor,Technology,3,5,0,72000,3600,48000,68400,20400
1984,1002,2025-11-28,2025-11,107,South,Consumer,Online,Chair,Furniture,3,35,0,51000,17850,33000,33150,150
1985,1003,2024-10-28,2024-10,160,West,Consumer,Online,Monitor,Technology,1,5,0,24000,1200,16000,22800,6800
1986,1004,2025-08-28,2025-08,7,West,Consumer,Online,Chair,Furniture,2,25,0,34000,8500,22000,25500,3500
1987,1004,2025-08-28,2025-08,7,West,Consumer,Online,Monitor,Technology,1,0,0,24000,0,16000,24000,8000
1988,1004,2025-08-28,2025-08,7,West,Consumer,Online,Notebook pack,Office Supplies,1,0,0,1800,0,700,1800,1100
1989,1005,2024-08-17,2024-08,145,South,Business,Store,Storage box,Office Supplies,5,10,0,13000,1300,6000,11700,5700
1990,1005,2024-08-17,2024-08,145,South,Business,Store,Desk,Furniture,5,35,0,140000,49000,95000,91000,-4000
1991,1005,2024-08-17,2024-08,145,South,Business,Store,Notebook pack,Office Supplies,2,15,0,3600,540,1400,3060,1660
1992,1006,2024-09-06,2024-09,85,West,Business,Online,Chair,Furniture,3,0,0,51000,0,33000,51000,18000
1993,1006,2024-09-06,2024-09,85,West,Business,Online,Keyboard,Technology,4,10,0,26000,2600,12800,23400,10600
1994,1007,2024-12-26,2024-12,144,East,Consumer,Online,Storage box,Office Supplies,5,0,0,13000,0,6000,13000,7000
1995,1007,2024-12-26,2024-12,144,East,Consumer,Online,Keyboard,Technology,4,0,0,26000,0,12800,26000,13200
1996,1008,2024-05-08,2024-05,138,Central,Consumer,Online,Storage box,Office Supplies,2,15,0,5200,780,2400,4420,2020
1997,1008,2024-05-08,2024-05,138,Central,Consumer,Online,Notebook pack,Office Supplies,3,5,0,5400,270,2100,5130,3030
1998,1009,2024-03-24,2024-03,105,West,Business,Store,Chair,Furniture,2,0,0,34000,0,22000,34000,12000
1999,1009,2024-03-24,2024-03,105,West,Business,Store,Notebook pack,Office Supplies,1,0,0,1800,0,700,1800,1100
2000,1009,2024-03-24,2024-03,105,West,Business,Store,Keyboard,Technology,3,15,0,19500,2925,9600,16575,6975
2001,1010,2025-04-26,2025-04,191,Central,Consumer,Online,Desk,Furniture,4,0,0,112000,0,76000,112000,36000
2002,1011,2024-03-15,2024-03,34,West,Business,Store,Monitor,Technology,4,15,0,96000,14400,64000,81600,17600
2003,1011,2024-03-15,2024-03,34,West,Business,Store,Chair,Furniture,3,0,0,51000,0,33000,51000,18000
2004,1012,2024-12-10,2024-12,152,East,Business,Online,Desk,Furniture,4,25,0,112000,28000,76000,84000,8000
2005,1012,2024-12-10,2024-12,152,East,Business,Online,Storage box,Office Supplies,4,5,0,10400,520,4800,9880,5080
2006,1012,2024-12-10,2024-12,152,East,Business,Online,Monitor,Technology,2,0,0,48000,0,32000,48000,16000
2007,1013,2025-08-26,2025-08,131,Central,Consumer,Online,Desk,Furniture,5,15,0,140000,21000,95000,119000,24000
2008,1014,2025-04-09,2025-04,98,Central,Business,Store,Chair,Furniture,5,10,0,85000,8500,55000,76500,21500
2009,1014,2025-04-09,2025-04,98,Central,Business,Store,Notebook pack,Office Supplies,1,0,0,1800,0,700,1800,1100
2010,1015,2024-12-15,2024-12,13,Central,Consumer,Store,Monitor,Technology,3,0,0,72000,0,48000,72000,24000
2011,1015,2024-12-15,2024-12,13,Central,Consumer,Store,Keyboard,Technology,1,0,0,6500,0,3200,6500,3300
2012,1016,2024-10-11,2024-10,148,Central,Consumer,Store,Monitor,Technology,3,0,0,72000,0,48000,72000,24000
2013,1017,2024-10-07,2024-10,125,Central,Business,Store,Chair,Furniture,3,10,0,51000,5100,33000,45900,12900
2014,1018,2024-04-18,2024-04,60,West,Business,Store,Desk,Furniture,2,0,1,56000,0,0,0,0
2015,1019,2024-02-10,2024-02,139,East,Consumer,Online,Keyboard,Technology,1,5,0,6500,325,3200,6175,2975
2016,1020,2025-08-07,2025-08,110,South,Business,Store,Chair,Furniture,1,0,0,17000,0,11000,17000,6000
2017,1020,2025-08-07,2025-08,110,South,Business,Store,Keyboard,Technology,4,10,0,26000,2600,12800,23400,10600
2018,1020,2025-08-07,2025-08,110,South,Business,Store,Monitor,Technology,2,5,0,48000,2400,32000,45600,13600
2019,1021,2024-04-29,2024-04,91,South,Consumer,Online,Chair,Furniture,2,15,0,34000,5100,22000,28900,6900
2020,1021,2024-04-29,2024-04,91,South,Consumer,Online,Desk,Furniture,5,0,0,140000,0,95000,140000,45000
2021,1021,2024-04-29,2024-04,91,South,Consumer,Online,Monitor,Technology,3,0,0,72000,0,48000,72000,24000
2022,1022,2025-12-23,2025-12,134,Central,Consumer,Store,Notebook pack,Office Supplies,1,0,0,1800,0,700,1800,1100
2023,1023,2025-08-23,2025-08,97,South,Consumer,Online,Chair,Furniture,2,35,0,34000,11900,22000,22100,100
2024,1023,2025-08-23,2025-08,97,South,Consumer,Online,Monitor,Technology,4,5,0,96000,4800,64000,91200,27200
2025,1023,2025-08-23,2025-08,97,South,Consumer,Online,Keyboard,Technology,1,15,0,6500,975,3200,5525,2325
2026,1024,2024-08-07,2024-08,1,East,Consumer,Store,Keyboard,Technology,5,15,0,32500,4875,16000,27625,11625
2027,1025,2024-07-01,2024-07,10,South,Business,Store,Monitor,Technology,5,0,0,120000,0,80000,120000,40000
2028,1025,2024-07-01,2024-07,10,South,Business,Store,Notebook pack,Office Supplies,4,15,0,7200,1080,2800,6120,3320
2029,1025,2024-07-01,2024-07,10,South,Business,Store,Keyboard,Technology,2,5,0,13000,650,6400,12350,5950
2030,1026,2024-10-26,2024-10,172,South,Business,Store,Storage box,Office Supplies,5,5,0,13000,650,6000,12350,6350
2031,1026,2024-10-26,2024-10,172,South,Business,Store,Keyboard,Technology,3,0,0,19500,0,9600,19500,9900
2032,1027,2024-10-21,2024-10,108,South,Business,Store,Chair,Furniture,1,0,0,17000,0,11000,17000,6000
2033,1027,2024-10-21,2024-10,108,South,Business,Store,Keyboard,Technology,3,0,0,19500,0,9600,19500,9900
2034,1028,2025-02-11,2025-02,181,South,Consumer,Online,Keyboard,Technology,4,0,1,26000,0,0,0,0
2035,1028,2025-02-11,2025-02,181,South,Consumer,Online,Notebook pack,Office Supplies,3,15,0,5400,810,2100,4590,2490
2036,1029,2025-02-22,2025-02,16,South,Consumer,Store,Storage box,Office Supplies,4,10,0,10400,1040,4800,9360,4560
2037,1029,2025-02-22,2025-02,16,South,Consumer,Store,Monitor,Technology,4,10,0,96000,9600,64000,86400,22400
2038,1030,2024-02-25,2024-02,69,West,Business,Store,Chair,Furniture,3,35,0,51000,17850,33000,33150,150
2039,1030,2024-02-25,2024-02,69,West,Business,Store,Monitor,Technology,5,0,0,120000,0,80000,120000,40000
2040,1030,2024-02-25,2024-02,69,West,Business,Store,Desk,Furniture,1,15,0,28000,4200,19000,23800,4800
2041,1031,2025-07-06,2025-07,6,East,Consumer,Online,Desk,Furniture,3,0,0,84000,0,57000,84000,27000
2042,1031,2025-07-06,2025-07,6,East,Consumer,Online,Monitor,Technology,5,0,0,120000,0,80000,120000,40000
2043,1032,2024-07-22,2024-07,41,South,Consumer,Store,Chair,Furniture,3,15,0,51000,7650,33000,43350,10350
2044,1032,2024-07-22,2024-07,41,South,Consumer,Store,Monitor,Technology,5,0,0,120000,0,80000,120000,40000
2045,1032,2024-07-22,2024-07,41,South,Consumer,Store,Storage box,Office Supplies,1,0,0,2600,0,1200,2600,1400
2046,1033,2025-06-23,2025-06,27,South,Business,Store,Desk,Furniture,3,10,1,84000,8400,0,0,0
2047,1033,2025-06-23,2025-06,27,South,Business,Store,Chair,Furniture,2,0,0,34000,0,22000,34000,12000
2048,1034,2024-05-06,2024-05,97,South,Consumer,Store,Storage box,Office Supplies,3,0,0,7800,0,3600,7800,4200
2049,1035,2025-05-31,2025-05,185,West,Business,Store,Desk,Furniture,5,0,0,140000,0,95000,140000,45000
2050,1036,2025-08-25,2025-08,101,East,Consumer,Online,Monitor,Technology,5,0,0,120000,0,80000,120000,40000
2051,1036,2025-08-25,2025-08,101,East,Consumer,Online,Storage box,Office Supplies,4,0,0,10400,0,4800,10400,5600
2052,1036,2025-08-25,2025-08,101,East,Consumer,Online,Keyboard,Technology,5,10,0,32500,3250,16000,29250,13250
2053,1037,2025-03-15,2025-03,24,Central,Consumer,Online,Notebook pack,Office Supplies,4,5,0,7200,360,2800,6840,4040
2054,1037,2025-03-15,2025-03,24,Central,Consumer,Online,Monitor,Technology,5,15,0,120000,18000,80000,102000,22000
2055,1038,2024-01-18,2024-01,128,East,Consumer,Store,Notebook pack,Office Supplies,4,0,0,7200,0,2800,7200,4400
2056,1038,2024-01-18,2024-01,128,East,Consumer,Store,Desk,Furniture,1,25,0,28000,7000,19000,21000,2000
2057,1039,2025-04-02,2025-04,95,West,Consumer,Store,Desk,Furniture,2,0,0,56000,0,38000,56000,18000
2058,1039,2025-04-02,2025-04,95,West,Consumer,Store,Monitor,Technology,2,0,0,48000,0,32000,48000,16000
2059,1039,2025-04-02,2025-04,95,West,Consumer,Store,Notebook pack,Office Supplies,4,15,0,7200,1080,2800,6120,3320
2060,1040,2024-05-24,2024-05,104,South,Business,Store,Storage box,Office Supplies,1,10,0,2600,260,1200,2340,1140
2061,1040,2024-05-24,2024-05,104,South,Business,Store,Notebook pack,Office Supplies,3,5,0,5400,270,2100,5130,3030
2062,1040,2024-05-24,2024-05,104,South,Business,Store,Chair,Furniture,1,15,0,17000,2550,11000,14450,3450
2063,1041,2025-09-05,2025-09,105,West,Business,Online,Storage box,Office Supplies,5,10,0,13000,1300,6000,11700,5700
2064,1041,2025-09-05,2025-09,105,West,Business,Online,Chair,Furniture,3,5,0,51000,2550,33000,48450,15450
2065,1042,2025-12-26,2025-12,124,Central,Consumer,Online,Keyboard,Technology,1,10,0,6500,650,3200,5850,2650
2066,1043,2024-01-14,2024-01,42,Central,Consumer,Online,Chair,Furniture,4,0,1,68000,0,0,0,0
2067,1044,2025-03-10,2025-03,127,South,Business,Online,Notebook pack,Office Supplies,5,10,0,9000,900,3500,8100,4600
2068,1044,2025-03-10,2025-03,127,South,Business,Online,Keyboard,Technology,3,0,0,19500,0,9600,19500,9900
2069,1044,2025-03-10,2025-03,127,South,Business,Online,Chair,Furniture,3,10,0,51000,5100,33000,45900,12900
2070,1045,2025-09-21,2025-09,96,South,Consumer,Online,Monitor,Technology,5,0,0,120000,0,80000,120000,40000
2071,1046,2025-01-15,2025-01,133,West,Business,Store,Keyboard,Technology,3,0,0,19500,0,9600,19500,9900
2072,1046,2025-01-15,2025-01,133,West,Business,Store,Chair,Furniture,4,0,0,68000,0,44000,68000,24000
2073,1047,2024-07-02,2024-07,39,Central,Consumer,Store,Desk,Furniture,3,5,0,84000,4200,57000,79800,22800
2074,1048,2024-04-06,2024-04,138,Central,Consumer,Store,Desk,Furniture,5,35,0,140000,49000,95000,91000,-4000
2075,1048,2024-04-06,2024-04,138,Central,Consumer,Store,Storage box,Office Supplies,1,5,0,2600,130,1200,2470,1270
2076,1049,2024-08-19,2024-08,89,South,Business,Online,Monitor,Technology,3,10,0,72000,7200,48000,64800,16800
2077,1050,2024-11-09,2024-11,95,West,Consumer,Store,Notebook pack,Office Supplies,2,0,0,3600,0,1400,3600,2200
2078,1050,2024-11-09,2024-11,95,West,Consumer,Store,Storage box,Office Supplies,1,0,0,2600,0,1200,2600,1400
2079,1051,2024-09-26,2024-09,145,South,Business,Online,Notebook pack,Office Supplies,5,10,0,9000,900,3500,8100,4600
2080,1052,2025-08-29,2025-08,155,Central,Business,Store,Notebook pack,Office Supplies,2,0,0,3600,0,1400,3600,2200
2081,1052,2025-08-29,2025-08,155,Central,Business,Store,Keyboard,Technology,2,0,0,13000,0,6400,13000,6600
2082,1052,2025-08-29,2025-08,155,Central,Business,Store,Chair,Furniture,5,0,0,85000,0,55000,85000,30000
2083,1053,2025-05-01,2025-05,1,East,Consumer,Store,Desk,Furniture,2,35,0,56000,19600,38000,36400,-1600
2084,1054,2025-04-28,2025-04,84,South,Consumer,Store,Desk,Furniture,4,25,0,112000,28000,76000,84000,8000
2085,1054,2025-04-28,2025-04,84,South,Consumer,Store,Chair,Furniture,3,10,0,51000,5100,33000,45900,12900
2086,1054,2025-04-28,2025-04,84,South,Consumer,Store,Keyboard,Technology,3,15,0,19500,2925,9600,16575,6975
2087,1055,2025-09-11,2025-09,55,Central,Business,Online,Monitor,Technology,5,10,0,120000,12000,80000,108000,28000
2088,1055,2025-09-11,2025-09,55,Central,Business,Online,Chair,Furniture,3,0,0,51000,0,33000,51000,18000
2089,1055,2025-09-11,2025-09,55,Central,Business,Online,Keyboard,Technology,4,5,0,26000,1300,12800,24700,11900
2090,1056,2025-01-09,2025-01,120,East,Consumer,Store,Keyboard,Technology,4,5,0,26000,1300,12800,24700,11900
2091,1056,2025-01-09,2025-01,120,East,Consumer,Store,Chair,Furniture,1,5,0,17000,850,11000,16150,5150
2092,1056,2025-01-09,2025-01,120,East,Consumer,Store,Notebook pack,Office Supplies,5,0,1,9000,0,0,0,0
2093,1057,2024-11-13,2024-11,85,West,Business,Online,Monitor,Technology,1,15,0,24000,3600,16000,20400,4400
2094,1057,2024-11-13,2024-11,85,West,Business,Online,Notebook pack,Office Supplies,3,10,0,5400,540,2100,4860,2760
2095,1058,2025-12-13,2025-12,181,South,Consumer,Store,Storage box,Office Supplies,5,0,0,13000,0,6000,13000,7000
2096,1058,2025-12-13,2025-12,181,South,Consumer,Store,Desk,Furniture,4,35,0,112000,39200,76000,72800,-3200
2097,1059,2025-04-29,2025-04,192,West,Business,Online,Monitor,Technology,1,15,0,24000,3600,16000,20400,4400
2098,1060,2024-06-05,2024-06,181,South,Consumer,Online,Desk,Furniture,4,0,1,112000,0,0,0,0
2099,1061,2025-10-14,2025-10,182,South,Consumer,Online,Desk,Furniture,3,5,0,84000,4200,57000,79800,22800
2100,1061,2025-10-14,2025-10,182,South,Consumer,Online,Notebook pack,Office Supplies,1,5,0,1800,90,700,1710,1010
2101,1062,2024-11-20,2024-11,182,South,Consumer,Online,Storage box,Office Supplies,4,10,0,10400,1040,4800,9360,4560
2102,1062,2024-11-20,2024-11,182,South,Consumer,Online,Monitor,Technology,1,0,0,24000,0,16000,24000,8000
2103,1062,2024-11-20,2024-11,182,South,Consumer,Online,Desk,Furniture,5,0,0,140000,0,95000,140000,45000
2104,1063,2024-03-26,2024-03,45,Central,Consumer,Store,Monitor,Technology,5,0,0,120000,0,80000,120000,40000
2105,1064,2025-02-23,2025-02,45,Central,Consumer,Online,Monitor,Technology,3,0,0,72000,0,48000,72000,24000
2106,1064,2025-02-23,2025-02,45,Central,Consumer,Online,Notebook pack,Office Supplies,5,0,0,9000,0,3500,9000,5500
2107,1065,2025-04-19,2025-04,23,East,Consumer,Online,Chair,Furniture,1,0,0,17000,0,11000,17000,6000
2108,1066,2025-10-03,2025-10,6,East,Consumer,Online,Chair,Furniture,3,35,0,51000,17850,33000,33150,150
2109,1067,2024-09-09,2024-09,79,East,Consumer,Online,Storage box,Office Supplies,1,10,0,2600,260,1200,2340,1140
2110,1067,2024-09-09,2024-09,79,East,Consumer,Online,Chair,Furniture,2,10,0,34000,3400,22000,30600,8600
2111,1067,2024-09-09,2024-09,79,East,Consumer,Online,Monitor,Technology,3,10,0,72000,7200,48000,64800,16800
2112,1068,2024-07-11,2024-07,70,West,Business,Online,Monitor,Technology,3,10,0,72000,7200,48000,64800,16800
2113,1069,2025-05-16,2025-05,91,South,Consumer,Store,Storage box,Office Supplies,4,0,1,10400,0,0,0,0
2114,1069,2025-05-16,2025-05,91,South,Consumer,Store,Notebook pack,Office Supplies,5,10,0,9000,900,3500,8100,4600
2115,1070,2025-08-05,2025-08,54,Central,Consumer,Store,Storage box,Office Supplies,2,5,0,5200,260,2400,4940,2540
2116,1070,2025-08-05,2025-08,54,Central,Consumer,Store,Monitor,Technology,5,15,0,120000,18000,80000,102000,22000
2117,1071,2024-10-02,2024-10,24,Central,Consumer,Online,Chair,Furniture,3,0,0,51000,0,33000,51000,18000
2118,1071,2024-10-02,2024-10,24,Central,Consumer,Online,Keyboard,Technology,5,0,0,32500,0,16000,32500,16500
2119,1072,2025-04-23,2025-04,151,East,Consumer,Store,Notebook pack,Office Supplies,5,0,0,9000,0,3500,9000,5500
2120,1072,2025-04-23,2025-04,151,East,Consumer,Store,Keyboard,Technology,1,5,0,6500,325,3200,6175,2975
2121,1073,2024-01-09,2024-01,41,South,Consumer,Store,Monitor,Technology,1,0,0,24000,0,16000,24000,8000
2122,1073,2024-01-09,2024-01,41,South,Consumer,Store,Storage box,Office Supplies,3,0,0,7800,0,3600,7800,4200
2123,1074,2024-07-09,2024-07,193,South,Consumer,Online,Notebook pack,Office Supplies,5,15,0,9000,1350,3500,7650,4150
2124,1074,2024-07-09,2024-07,193,South,Consumer,Online,Keyboard,Technology,4,10,0,26000,2600,12800,23400,10600
2125,1075,2024-09-15,2024-09,186,South,Consumer,Store,Monitor,Technology,3,0,0,72000,0,48000,72000,24000
2126,1075,2024-09-15,2024-09,186,South,Consumer,Store,Keyboard,Technology,2,15,0,13000,1950,6400,11050,4650
2127,1075,2024-09-15,2024-09,186,South,Consumer,Store,Notebook pack,Office Supplies,4,5,0,7200,360,2800,6840,4040
2128,1076,2025-02-14,2025-02,152,East,Business,Online,Notebook pack,Office Supplies,2,5,0,3600,180,1400,3420,2020
2129,1077,2025-12-15,2025-12,135,South,Business,Online,Chair,Furniture,1,0,0,17000,0,11000,17000,6000
2130,1077,2025-12-15,2025-12,135,South,Business,Online,Storage box,Office Supplies,2,5,0,5200,260,2400,4940,2540
2131,1077,2025-12-15,2025-12,135,South,Business,Online,Monitor,Technology,2,10,1,48000,4800,0,0,0
2132,1078,2024-05-31,2024-05,52,Central,Consumer,Online,Monitor,Technology,2,0,0,48000,0,32000,48000,16000
2133,1078,2024-05-31,2024-05,52,Central,Consumer,Online,Desk,Furniture,4,0,0,112000,0,76000,112000,36000
2134,1079,2024-06-06,2024-06,176,East,Consumer,Store,Keyboard,Technology,2,5,0,13000,650,6400,12350,5950
2135,1080,2025-07-17,2025-07,176,East,Consumer,Store,Chair,Furniture,4,5,0,68000,3400,44000,64600,20600
2136,1080,2025-07-17,2025-07,176,East,Consumer,Store,Keyboard,Technology,1,10,0,6500,650,3200,5850,2650
2137,1080,2025-07-17,2025-07,176,East,Consumer,Store,Notebook pack,Office Supplies,2,10,0,3600,360,1400,3240,1840
2138,1081,2024-10-16,2024-10,173,Central,Consumer,Store,Keyboard,Technology,3,10,0,19500,1950,9600,17550,7950
2139,1081,2024-10-16,2024-10,173,Central,Consumer,Store,Notebook pack,Office Supplies,5,0,0,9000,0,3500,9000,5500
2140,1081,2024-10-16,2024-10,173,Central,Consumer,Store,Desk,Furniture,5,0,0,140000,0,95000,140000,45000
2141,1082,2025-01-12,2025-01,93,South,Business,Store,Desk,Furniture,1,5,0,28000,1400,19000,26600,7600
2142,1082,2025-01-12,2025-01,93,South,Business,Store,Notebook pack,Office Supplies,2,0,0,3600,0,1400,3600,2200
2143,1082,2025-01-12,2025-01,93,South,Business,Store,Keyboard,Technology,4,0,0,26000,0,12800,26000,13200
2144,1083,2025-10-31,2025-10,47,East,Consumer,Store,Monitor,Technology,3,10,0,72000,7200,48000,64800,16800
2145,1084,2025-05-07,2025-05,9,South,Consumer,Store,Chair,Furniture,4,0,0,68000,0,44000,68000,24000
2146,1084,2025-05-07,2025-05,9,South,Consumer,Store,Storage box,Office Supplies,1,5,0,2600,130,1200,2470,1270
2147,1085,2024-04-13,2024-04,168,West,Business,Store,Chair,Furniture,3,0,0,51000,0,33000,51000,18000
2148,1086,2025-01-28,2025-01,176,East,Consumer,Store,Keyboard,Technology,4,10,0,26000,2600,12800,23400,10600
2149,1087,2024-11-06,2024-11,109,South,Business,Store,Storage box,Office Supplies,5,5,0,13000,650,6000,12350,6350
2150,1087,2024-11-06,2024-11,109,South,Business,Store,Desk,Furniture,3,15,0,84000,12600,57000,71400,14400
2151,1087,2024-11-06,2024-11,109,South,Business,Store,Keyboard,Technology,2,10,0,13000,1300,6400,11700,5300
2152,1088,2025-01-27,2025-01,173,Central,Consumer,Online,Desk,Furniture,3,10,0,84000,8400,57000,75600,18600
2153,1089,2025-09-21,2025-09,187,Central,Business,Store,Desk,Furniture,3,0,0,84000,0,57000,84000,27000
2154,1089,2025-09-21,2025-09,187,Central,Business,Store,Keyboard,Technology,4,10,0,26000,2600,12800,23400,10600
2155,1090,2025-09-05,2025-09,176,East,Consumer,Store,Keyboard,Technology,3,0,0,19500,0,9600,19500,9900
2156,1090,2025-09-05,2025-09,176,East,Consumer,Store,Monitor,Technology,2,5,0,48000,2400,32000,45600,13600
2157,1091,2024-01-18,2024-01,115,East,Business,Store,Storage box,Office Supplies,5,0,0,13000,0,6000,13000,7000
2158,1091,2024-01-18,2024-01,115,East,Business,Store,Desk,Furniture,1,25,0,28000,7000,19000,21000,2000
2159,1092,2024-03-27,2024-03,137,East,Consumer,Online,Storage box,Office Supplies,2,10,0,5200,520,2400,4680,2280
2160,1093,2024-10-08,2024-10,89,South,Business,Store,Notebook pack,Office Supplies,1,0,0,1800,0,700,1800,1100
2161,1093,2024-10-08,2024-10,89,South,Business,Store,Chair,Furniture,1,0,0,17000,0,11000,17000,6000
2162,1093,2024-10-08,2024-10,89,South,Business,Store,Keyboard,Technology,1,10,0,6500,650,3200,5850,2650
2163,1094,2024-03-21,2024-03,87,South,Consumer,Store,Keyboard,Technology,2,5,0,13000,650,6400,12350,5950
2164,1094,2024-03-21,2024-03,87,South,Consumer,Store,Desk,Furniture,1,25,0,28000,7000,19000,21000,2000
2165,1095,2024-07-15,2024-07,147,Central,Consumer,Store,Notebook pack,Office Supplies,5,0,0,9000,0,3500,9000,5500
2166,1095,2024-07-15,2024-07,147,Central,Consumer,Store,Storage box,Office Supplies,1,5,0,2600,130,1200,2470,1270
2167,1096,2024-08-08,2024-08,195,East,Business,Store,Storage box,Office Supplies,3,15,0,7800,1170,3600,6630,3030
2168,1096,2024-08-08,2024-08,195,East,Business,Store,Chair,Furniture,5,25,0,85000,21250,55000,63750,8750
2169,1097,2025-11-25,2025-11,73,South,Business,Store,Keyboard,Technology,2,0,0,13000,0,6400,13000,6600
2170,1098,2025-11-03,2025-11,34,West,Business,Store,Keyboard,Technology,3,0,0,19500,0,9600,19500,9900
2171,1098,2025-11-03,2025-11,34,West,Business,Store,Notebook pack,Office Supplies,1,5,0,1800,90,700,1710,1010
2172,1099,2025-09-18,2025-09,74,South,Business,Store,Keyboard,Technology,5,10,0,32500,3250,16000,29250,13250
2173,1099,2025-09-18,2025-09,74,South,Business,Store,Notebook pack,Office Supplies,5,0,0,9000,0,3500,9000,5500
2174,1099,2025-09-18,2025-09,74,South,Business,Store,Monitor,Technology,3,5,0,72000,3600,48000,68400,20400
2175,1100,2024-06-04,2024-06,119,West,Business,Store,Notebook pack,Office Supplies,2,10,0,3600,360,1400,3240,1840
2176,1101,2024-02-03,2024-02,170,West,Consumer,Online,Keyboard,Technology,1,0,0,6500,0,3200,6500,3300
2177,1101,2024-02-03,2024-02,170,West,Consumer,Online,Notebook pack,Office Supplies,5,5,0,9000,450,3500,8550,5050
2178,1101,2024-02-03,2024-02,170,West,Consumer,Online,Monitor,Technology,3,10,0,72000,7200,48000,64800,16800
2179,1102,2024-01-31,2024-01,40,South,Business,Online,Monitor,Technology,4,0,0,96000,0,64000,96000,32000
2180,1102,2024-01-31,2024-01,40,South,Business,Online,Notebook pack,Office Supplies,3,15,0,5400,810,2100,4590,2490
2181,1102,2024-01-31,2024-01,40,South,Business,Online,Keyboard,Technology,2,10,0,13000,1300,6400,11700,5300
2182,1103,2024-05-14,2024-05,97,South,Consumer,Online,Keyboard,Technology,2,0,0,13000,0,6400,13000,6600
2183,1104,2025-08-07,2025-08,75,East,Consumer,Online,Storage box,Office Supplies,4,15,0,10400,1560,4800,8840,4040
2184,1105,2024-08-10,2024-08,108,South,Business,Store,Monitor,Technology,3,15,0,72000,10800,48000,61200,13200
2185,1105,2024-08-10,2024-08,108,South,Business,Store,Desk,Furniture,4,5,0,112000,5600,76000,106400,30400
2186,1106,2025-05-21,2025-05,194,Central,Business,Store,Keyboard,Technology,2,10,0,13000,1300,6400,11700,5300
2187,1106,2025-05-21,2025-05,194,Central,Business,Store,Chair,Furniture,5,15,0,85000,12750,55000,72250,17250
2188,1107,2025-11-02,2025-11,45,Central,Consumer,Online,Notebook pack,Office Supplies,4,10,0,7200,720,2800,6480,3680
2189,1107,2025-11-02,2025-11,45,Central,Consumer,Online,Keyboard,Technology,1,15,0,6500,975,3200,5525,2325
2190,1108,2025-09-16,2025-09,159,South,Consumer,Online,Notebook pack,Office Supplies,3,15,0,5400,810,2100,4590,2490
2191,1108,2025-09-16,2025-09,159,South,Consumer,Online,Keyboard,Technology,5,10,0,32500,3250,16000,29250,13250
2192,1108,2025-09-16,2025-09,159,South,Consumer,Online,Desk,Furniture,3,0,0,84000,0,57000,84000,27000
2193,1109,2025-10-31,2025-10,100,South,Consumer,Online,Keyboard,Technology,3,0,0,19500,0,9600,19500,9900
2194,1110,2025-12-30,2025-12,52,Central,Consumer,Store,Monitor,Technology,1,0,0,24000,0,16000,24000,8000
2195,1111,2025-04-17,2025-04,118,East,Consumer,Online,Notebook pack,Office Supplies,2,10,0,3600,360,1400,3240,1840
2196,1111,2025-04-17,2025-04,118,East,Consumer,Online,Keyboard,Technology,1,15,0,6500,975,3200,5525,2325
2197,1111,2025-04-17,2025-04,118,East,Consumer,Online,Chair,Furniture,2,5,0,34000,1700,22000,32300,10300
2198,1112,2024-03-12,2024-03,2,Central,Consumer,Online,Storage box,Office Supplies,4,0,0,10400,0,4800,10400,5600
2199,1112,2024-03-12,2024-03,2,Central,Consumer,Online,Keyboard,Technology,3,15,0,19500,2925,9600,16575,6975
2200,1112,2024-03-12,2024-03,2,Central,Consumer,Online,Notebook pack,Office Supplies,5,15,0,9000,1350,3500,7650,4150
2201,1113,2025-03-25,2025-03,124,Central,Consumer,Online,Keyboard,Technology,3,10,0,19500,1950,9600,17550,7950
2202,1113,2025-03-25,2025-03,124,Central,Consumer,Online,Desk,Furniture,5,35,0,140000,49000,95000,91000,-4000
2203,1114,2024-05-07,2024-05,27,South,Business,Online,Notebook pack,Office Supplies,2,5,0,3600,180,1400,3420,2020
2204,1114,2024-05-07,2024-05,27,South,Business,Online,Desk,Furniture,3,0,0,84000,0,57000,84000,27000
2205,1115,2025-05-09,2025-05,54,Central,Consumer,Store,Monitor,Technology,1,10,0,24000,2400,16000,21600,5600
2206,1116,2025-05-18,2025-05,193,South,Consumer,Online,Monitor,Technology,4,5,0,96000,4800,64000,91200,27200
2207,1116,2025-05-18,2025-05,193,South,Consumer,Online,Storage box,Office Supplies,3,15,0,7800,1170,3600,6630,3030
2208,1117,2024-02-06,2024-02,195,East,Business,Online,Notebook pack,Office Supplies,3,0,0,5400,0,2100,5400,3300
2209,1118,2025-01-14,2025-01,145,South,Business,Store,Monitor,Technology,5,5,0,120000,6000,80000,114000,34000
2210,1118,2025-01-14,2025-01,145,South,Business,Store,Storage box,Office Supplies,4,5,0,10400,520,4800,9880,5080
2211,1118,2025-01-14,2025-01,145,South,Business,Store,Chair,Furniture,2,0,0,34000,0,22000,34000,12000
2212,1119,2025-01-28,2025-01,66,West,Consumer,Online,Chair,Furniture,5,10,0,85000,8500,55000,76500,21500
2213,1120,2024-01-13,2024-01,67,East,Business,Store,Notebook pack,Office Supplies,4,15,0,7200,1080,2800,6120,3320
2214,1120,2024-01-13,2024-01,67,East,Business,Store,Storage box,Office Supplies,3,0,0,7800,0,3600,7800,4200
2215,1120,2024-01-13,2024-01,67,East,Business,Store,Keyboard,Technology,5,5,0,32500,1625,16000,30875,14875
2216,1121,2025-01-22,2025-01,125,Central,Business,Online,Keyboard,Technology,4,0,0,26000,0,12800,26000,13200
2217,1121,2025-01-22,2025-01,125,Central,Business,Online,Chair,Furniture,1,15,0,17000,2550,11000,14450,3450
2218,1121,2025-01-22,2025-01,125,Central,Business,Online,Storage box,Office Supplies,2,0,0,5200,0,2400,5200,2800
2219,1122,2025-09-15,2025-09,200,South,Consumer,Online,Chair,Furniture,4,0,0,68000,0,44000,68000,24000
2220,1122,2025-09-15,2025-09,200,South,Consumer,Online,Monitor,Technology,5,0,0,120000,0,80000,120000,40000
2221,1122,2025-09-15,2025-09,200,South,Consumer,Online,Keyboard,Technology,3,0,0,19500,0,9600,19500,9900
2222,1123,2024-04-11,2024-04,85,West,Business,Online,Notebook pack,Office Supplies,5,0,0,9000,0,3500,9000,5500
2223,1123,2024-04-11,2024-04,85,West,Business,Online,Storage box,Office Supplies,1,10,0,2600,260,1200,2340,1140
2224,1124,2024-09-10,2024-09,63,East,Consumer,Store,Chair,Furniture,4,0,1,68000,0,0,0,0
2225,1124,2024-09-10,2024-09,63,East,Consumer,Store,Storage box,Office Supplies,5,5,0,13000,650,6000,12350,6350
2226,1124,2024-09-10,2024-09,63,East,Consumer,Store,Notebook pack,Office Supplies,1,0,0,1800,0,700,1800,1100
2227,1125,2024-03-06,2024-03,34,West,Business,Store,Chair,Furniture,2,5,0,34000,1700,22000,32300,10300
2228,1126,2025-08-18,2025-08,123,Central,Consumer,Store,Notebook pack,Office Supplies,1,5,0,1800,90,700,1710,1010
2229,1127,2024-03-15,2024-03,51,South,Business,Store,Keyboard,Technology,1,10,0,6500,650,3200,5850,2650
2230,1128,2025-07-09,2025-07,151,East,Consumer,Online,Keyboard,Technology,5,10,0,32500,3250,16000,29250,13250
2231,1128,2025-07-09,2025-07,151,East,Consumer,Online,Monitor,Technology,1,10,0,24000,2400,16000,21600,5600
2232,1128,2025-07-09,2025-07,151,East,Consumer,Online,Desk,Furniture,2,35,0,56000,19600,38000,36400,-1600
2233,1129,2024-09-14,2024-09,194,Central,Business,Store,Monitor,Technology,3,15,0,72000,10800,48000,61200,13200
2234,1129,2024-09-14,2024-09,194,Central,Business,Store,Keyboard,Technology,3,5,0,19500,975,9600,18525,8925
2235,1129,2024-09-14,2024-09,194,Central,Business,Store,Chair,Furniture,5,5,0,85000,4250,55000,80750,25750
2236,1130,2025-11-25,2025-11,144,East,Consumer,Store,Keyboard,Technology,4,0,0,26000,0,12800,26000,13200
2237,1130,2025-11-25,2025-11,144,East,Consumer,Store,Desk,Furniture,5,35,0,140000,49000,95000,91000,-4000
2238,1130,2025-11-25,2025-11,144,East,Consumer,Store,Chair,Furniture,2,0,0,34000,0,22000,34000,12000
2239,1131,2025-11-20,2025-11,78,West,Consumer,Online,Monitor,Technology,2,0,0,48000,0,32000,48000,16000
2240,1131,2025-11-20,2025-11,78,West,Consumer,Online,Notebook pack,Office Supplies,2,0,0,3600,0,1400,3600,2200
2241,1132,2024-11-08,2024-11,82,Central,Consumer,Store,Storage box,Office Supplies,3,15,0,7800,1170,3600,6630,3030
2242,1133,2025-11-19,2025-11,40,South,Business,Store,Chair,Furniture,4,0,0,68000,0,44000,68000,24000
2243,1134,2025-09-16,2025-09,170,West,Consumer,Online,Notebook pack,Office Supplies,5,10,0,9000,900,3500,8100,4600
2244,1134,2025-09-16,2025-09,170,West,Consumer,Online,Keyboard,Technology,3,0,0,19500,0,9600,19500,9900
2245,1135,2025-04-28,2025-04,78,West,Consumer,Store,Monitor,Technology,3,5,0,72000,3600,48000,68400,20400
2246,1136,2024-11-18,2024-11,116,West,Consumer,Store,Notebook pack,Office Supplies,4,0,0,7200,0,2800,7200,4400
2247,1136,2024-11-18,2024-11,116,West,Consumer,Store,Keyboard,Technology,4,0,0,26000,0,12800,26000,13200
2248,1137,2024-12-28,2024-12,166,South,Consumer,Online,Monitor,Technology,2,0,0,48000,0,32000,48000,16000
2249,1137,2024-12-28,2024-12,166,South,Consumer,Online,Desk,Furniture,3,10,0,84000,8400,57000,75600,18600
2250,1138,2024-01-25,2024-01,83,West,Business,Store,Monitor,Technology,5,0,0,120000,0,80000,120000,40000
2251,1138,2024-01-25,2024-01,83,West,Business,Store,Notebook pack,Office Supplies,5,15,0,9000,1350,3500,7650,4150
2252,1139,2024-10-07,2024-10,28,West,Business,Online,Chair,Furniture,3,35,0,51000,17850,33000,33150,150
2253,1140,2025-08-30,2025-08,121,East,Consumer,Online,Keyboard,Technology,3,15,0,19500,2925,9600,16575,6975
2254,1140,2025-08-30,2025-08,121,East,Consumer,Online,Storage box,Office Supplies,1,0,1,2600,0,0,0,0
2255,1140,2025-08-30,2025-08,121,East,Consumer,Online,Chair,Furniture,3,10,0,51000,5100,33000,45900,12900
2256,1141,2025-03-24,2025-03,73,South,Business,Online,Chair,Furniture,3,25,0,51000,12750,33000,38250,5250
2257,1141,2025-03-24,2025-03,73,South,Business,Online,Desk,Furniture,2,10,0,56000,5600,38000,50400,12400
2258,1142,2025-07-29,2025-07,23,East,Consumer,Store,Monitor,Technology,5,15,0,120000,18000,80000,102000,22000
2259,1143,2024-09-23,2024-09,143,South,Business,Store,Desk,Furniture,3,15,0,84000,12600,57000,71400,14400
2260,1143,2024-09-23,2024-09,143,South,Business,Store,Chair,Furniture,4,5,0,68000,3400,44000,64600,20600
2261,1143,2024-09-23,2024-09,143,South,Business,Store,Storage box,Office Supplies,4,0,0,10400,0,4800,10400,5600
2262,1144,2024-12-07,2024-12,51,South,Business,Store,Notebook pack,Office Supplies,2,0,0,3600,0,1400,3600,2200
2263,1144,2024-12-07,2024-12,51,South,Business,Store,Desk,Furniture,4,25,0,112000,28000,76000,84000,8000
2264,1145,2024-02-19,2024-02,136,East,Business,Online,Monitor,Technology,1,15,0,24000,3600,16000,20400,4400
2265,1145,2024-02-19,2024-02,136,East,Business,Online,Desk,Furniture,3,35,0,84000,29400,57000,54600,-2400
2266,1145,2024-02-19,2024-02,136,East,Business,Online,Keyboard,Technology,3,0,0,19500,0,9600,19500,9900
2267,1146,2025-08-01,2025-08,24,Central,Consumer,Online,Chair,Furniture,5,35,0,85000,29750,55000,55250,250
2268,1146,2025-08-01,2025-08,24,Central,Consumer,Online,Notebook pack,Office Supplies,2,0,0,3600,0,1400,3600,2200
2269,1146,2025-08-01,2025-08,24,Central,Consumer,Online,Desk,Furniture,4,10,0,112000,11200,76000,100800,24800
2270,1147,2024-06-04,2024-06,167,South,Consumer,Store,Chair,Furniture,5,15,0,85000,12750,55000,72250,17250
2271,1148,2025-12-10,2025-12,190,Central,Business,Store,Keyboard,Technology,5,5,1,32500,1625,0,0,0
2272,1149,2025-02-03,2025-02,5,South,Consumer,Online,Monitor,Technology,4,0,0,96000,0,64000,96000,32000
2273,1150,2024-08-16,2024-08,150,East,Consumer,Store,Keyboard,Technology,5,0,0,32500,0,16000,32500,16500
2274,1150,2024-08-16,2024-08,150,East,Consumer,Store,Chair,Furniture,2,5,0,34000,1700,22000,32300,10300
2275,1150,2024-08-16,2024-08,150,East,Consumer,Store,Monitor,Technology,1,0,0,24000,0,16000,24000,8000
2276,1151,2024-02-10,2024-02,200,South,Consumer,Online,Monitor,Technology,3,0,0,72000,0,48000,72000,24000
2277,1151,2024-02-10,2024-02,200,South,Consumer,Online,Desk,Furniture,2,10,0,56000,5600,38000,50400,12400
2278,1151,2024-02-10,2024-02,200,South,Consumer,Online,Storage box,Office Supplies,3,0,0,7800,0,3600,7800,4200
2279,1152,2024-08-10,2024-08,198,South,Business,Store,Chair,Furniture,4,0,0,68000,0,44000,68000,24000
2280,1153,2025-01-19,2025-01,7,West,Consumer,Store,Storage box,Office Supplies,1,10,0,2600,260,1200,2340,1140
2281,1153,2025-01-19,2025-01,7,West,Consumer,Store,Chair,Furniture,2,5,0,34000,1700,22000,32300,10300
2282,1153,2025-01-19,2025-01,7,West,Consumer,Store,Keyboard,Technology,5,0,0,32500,0,16000,32500,16500
2283,1154,2024-06-28,2024-06,130,East,Consumer,Online,Chair,Furniture,1,35,0,17000,5950,11000,11050,50
2284,1155,2025-01-01,2025-01,192,West,Business,Store,Chair,Furniture,1,15,0,17000,2550,11000,14450,3450
2285,1155,2025-01-01,2025-01,192,West,Business,Store,Storage box,Office Supplies,5,0,0,13000,0,6000,13000,7000
2286,1156,2024-01-17,2024-01,2,Central,Consumer,Store,Keyboard,Technology,3,5,0,19500,975,9600,18525,8925
2287,1156,2024-01-17,2024-01,2,Central,Consumer,Store,Desk,Furniture,1,25,0,28000,7000,19000,21000,2000
2288,1157,2025-10-29,2025-10,77,Central,Consumer,Online,Desk,Furniture,1,10,0,28000,2800,19000,25200,6200
2289,1157,2025-10-29,2025-10,77,Central,Consumer,Online,Keyboard,Technology,3,0,0,19500,0,9600,19500,9900
2290,1157,2025-10-29,2025-10,77,Central,Consumer,Online,Notebook pack,Office Supplies,2,0,0,3600,0,1400,3600,2200
2291,1158,2024-05-11,2024-05,133,West,Business,Online,Storage box,Office Supplies,4,0,0,10400,0,4800,10400,5600
2292,1159,2024-08-02,2024-08,190,Central,Business,Store,Notebook pack,Office Supplies,2,10,0,3600,360,1400,3240,1840
2293,1159,2024-08-02,2024-08,190,Central,Business,Store,Keyboard,Technology,5,0,0,32500,0,16000,32500,16500
2294,1160,2025-11-15,2025-11,47,East,Consumer,Store,Chair,Furniture,1,35,0,17000,5950,11000,11050,50
2295,1161,2025-02-17,2025-02,161,West,Business,Store,Notebook pack,Office Supplies,1,0,0,1800,0,700,1800,1100
2296,1161,2025-02-17,2025-02,161,West,Business,Store,Monitor,Technology,4,0,0,96000,0,64000,96000,32000
2297,1162,2024-05-27,2024-05,105,West,Business,Online,Keyboard,Technology,2,0,1,13000,0,0,0,0
2298,1162,2024-05-27,2024-05,105,West,Business,Online,Notebook pack,Office Supplies,2,0,0,3600,0,1400,3600,2200
2299,1162,2024-05-27,2024-05,105,West,Business,Online,Chair,Furniture,1,0,0,17000,0,11000,17000,6000
2300,1163,2025-04-20,2025-04,107,South,Consumer,Store,Notebook pack,Office Supplies,1,5,0,1800,90,700,1710,1010
2301,1164,2024-09-20,2024-09,33,South,Business,Store,Notebook pack,Office Supplies,4,10,0,7200,720,2800,6480,3680
2302,1164,2024-09-20,2024-09,33,South,Business,Store,Monitor,Technology,5,0,0,120000,0,80000,120000,40000
2303,1164,2024-09-20,2024-09,33,South,Business,Store,Desk,Furniture,5,0,0,140000,0,95000,140000,45000
2304,1165,2024-05-26,2024-05,58,West,Consumer,Online,Desk,Furniture,5,0,0,140000,0,95000,140000,45000
2305,1165,2024-05-26,2024-05,58,West,Consumer,Online,Keyboard,Technology,3,0,0,19500,0,9600,19500,9900
2306,1165,2024-05-26,2024-05,58,West,Consumer,Online,Monitor,Technology,3,5,0,72000,3600,48000,68400,20400
2307,1166,2025-04-18,2025-04,172,South,Business,Store,Monitor,Technology,4,5,0,96000,4800,64000,91200,27200
2308,1167,2025-08-16,2025-08,189,Central,Business,Online,Keyboard,Technology,2,0,0,13000,0,6400,13000,6600
2309,1167,2025-08-16,2025-08,189,Central,Business,Online,Desk,Furniture,1,5,0,28000,1400,19000,26600,7600
2310,1167,2025-08-16,2025-08,189,Central,Business,Online,Chair,Furniture,3,0,0,51000,0,33000,51000,18000
2311,1168,2025-05-10,2025-05,89,South,Business,Online,Notebook pack,Office Supplies,2,10,0,3600,360,1400,3240,1840
2312,1168,2025-05-10,2025-05,89,South,Business,Online,Keyboard,Technology,5,10,0,32500,3250,16000,29250,13250
2313,1168,2025-05-10,2025-05,89,South,Business,Online,Storage box,Office Supplies,3,15,0,7800,1170,3600,6630,3030
2314,1169,2024-12-11,2024-12,48,East,Consumer,Store,Keyboard,Technology,4,0,0,26000,0,12800,26000,13200
2315,1169,2024-12-11,2024-12,48,East,Consumer,Store,Notebook pack,Office Supplies,3,15,0,5400,810,2100,4590,2490
2316,1170,2025-01-09,2025-01,110,South,Business,Online,Chair,Furniture,4,0,0,68000,0,44000,68000,24000
2317,1170,2025-01-09,2025-01,110,South,Business,Online,Desk,Furniture,3,0,0,84000,0,57000,84000,27000
2318,1170,2025-01-09,2025-01,110,South,Business,Online,Storage box,Office Supplies,3,10,0,7800,780,3600,7020,3420
2319,1171,2024-03-25,2024-03,130,East,Consumer,Online,Notebook pack,Office Supplies,2,0,0,3600,0,1400,3600,2200
2320,1171,2024-03-25,2024-03,130,East,Consumer,Online,Chair,Furniture,2,15,0,34000,5100,22000,28900,6900
2321,1172,2024-06-04,2024-06,145,South,Business,Online,Monitor,Technology,5,0,0,120000,0,80000,120000,40000
2322,1172,2024-06-04,2024-06,145,South,Business,Online,Notebook pack,Office Supplies,1,0,0,1800,0,700,1800,1100
2323,1172,2024-06-04,2024-06,145,South,Business,Online,Chair,Furniture,5,5,0,85000,4250,55000,80750,25750
2324,1173,2024-06-04,2024-06,139,East,Consumer,Store,Monitor,Technology,1,10,0,24000,2400,16000,21600,5600
2325,1174,2025-06-18,2025-06,108,South,Business,Store,Monitor,Technology,3,0,0,72000,0,48000,72000,24000
2326,1174,2025-06-18,2025-06,108,South,Business,Store,Chair,Furniture,5,10,0,85000,8500,55000,76500,21500
2327,1175,2025-09-19,2025-09,153,West,Business,Online,Keyboard,Technology,2,0,0,13000,0,6400,13000,6600
2328,1176,2024-06-13,2024-06,196,Central,Consumer,Online,Chair,Furniture,4,5,0,68000,3400,44000,64600,20600
2329,1176,2024-06-13,2024-06,196,Central,Consumer,Online,Keyboard,Technology,3,0,0,19500,0,9600,19500,9900
2330,1177,2024-10-09,2024-10,36,East,Business,Store,Storage box,Office Supplies,5,0,0,13000,0,6000,13000,7000
2331,1178,2024-05-25,2024-05,173,Central,Consumer,Store,Desk,Furniture,5,10,0,140000,14000,95000,126000,31000
2332,1178,2024-05-25,2024-05,173,Central,Consumer,Store,Storage box,Office Supplies,5,10,0,13000,1300,6000,11700,5700
2333,1179,2025-03-24,2025-03,77,Central,Consumer,Online,Storage box,Office Supplies,2,0,0,5200,0,2400,5200,2800
2334,1179,2025-03-24,2025-03,77,Central,Consumer,Online,Notebook pack,Office Supplies,3,5,0,5400,270,2100,5130,3030
2335,1179,2025-03-24,2025-03,77,Central,Consumer,Online,Keyboard,Technology,1,10,0,6500,650,3200,5850,2650
2336,1180,2024-09-18,2024-09,29,Central,Consumer,Store,Notebook pack,Office Supplies,4,5,0,7200,360,2800,6840,4040
2337,1180,2024-09-18,2024-09,29,Central,Consumer,Store,Chair,Furniture,1,0,0,17000,0,11000,17000,6000
2338,1181,2025-09-09,2025-09,154,West,Consumer,Store,Storage box,Office Supplies,4,10,0,10400,1040,4800,9360,4560
2339,1182,2025-10-15,2025-10,27,South,Business,Store,Storage box,Office Supplies,5,5,0,13000,650,6000,12350,6350
2340,1182,2025-10-15,2025-10,27,South,Business,Store,Monitor,Technology,3,5,0,72000,3600,48000,68400,20400
2341,1182,2025-10-15,2025-10,27,South,Business,Store,Notebook pack,Office Supplies,1,10,0,1800,180,700,1620,920
2342,1183,2025-05-21,2025-05,57,East,Business,Store,Monitor,Technology,5,15,0,120000,18000,80000,102000,22000
2343,1183,2025-05-21,2025-05,57,East,Business,Store,Desk,Furniture,4,25,1,112000,28000,0,0,0
2344,1183,2025-05-21,2025-05,57,East,Business,Store,Keyboard,Technology,1,15,0,6500,975,3200,5525,2325
2345,1184,2025-10-20,2025-10,26,South,Business,Online,Chair,Furniture,3,25,0,51000,12750,33000,38250,5250
2346,1185,2024-02-10,2024-02,89,South,Business,Store,Notebook pack,Office Supplies,1,10,0,1800,180,700,1620,920
2347,1185,2024-02-10,2024-02,89,South,Business,Store,Storage box,Office Supplies,4,0,0,10400,0,4800,10400,5600
2348,1186,2024-07-04,2024-07,7,West,Consumer,Store,Monitor,Technology,4,0,0,96000,0,64000,96000,32000
2349,1187,2024-09-16,2024-09,92,East,Consumer,Store,Chair,Furniture,4,0,0,68000,0,44000,68000,24000
2350,1187,2024-09-16,2024-09,92,East,Consumer,Store,Monitor,Technology,3,0,0,72000,0,48000,72000,24000
2351,1188,2025-07-14,2025-07,166,South,Consumer,Store,Keyboard,Technology,4,0,0,26000,0,12800,26000,13200
2352,1188,2025-07-14,2025-07,166,South,Consumer,Store,Monitor,Technology,5,15,0,120000,18000,80000,102000,22000
2353,1188,2025-07-14,2025-07,166,South,Consumer,Store,Chair,Furniture,2,15,0,34000,5100,22000,28900,6900
2354,1189,2024-04-13,2024-04,185,West,Business,Online,Keyboard,Technology,2,10,0,13000,1300,6400,11700,5300
2355,1189,2024-04-13,2024-04,185,West,Business,Online,Monitor,Technology,4,5,0,96000,4800,64000,91200,27200
2356,1189,2024-04-13,2024-04,185,West,Business,Online,Storage box,Office Supplies,4,5,0,10400,520,4800,9880,5080
2357,1190,2024-06-21,2024-06,83,West,Business,Online,Chair,Furniture,5,10,0,85000,8500,55000,76500,21500
2358,1191,2025-12-18,2025-12,165,West,Consumer,Store,Notebook pack,Office Supplies,5,0,0,9000,0,3500,9000,5500
2359,1191,2025-12-18,2025-12,165,West,Consumer,Store,Chair,Furniture,1,25,0,17000,4250,11000,12750,1750
2360,1191,2025-12-18,2025-12,165,West,Consumer,Store,Keyboard,Technology,2,5,0,13000,650,6400,12350,5950
2361,1192,2025-02-10,2025-02,35,East,Consumer,Store,Storage box,Office Supplies,3,15,0,7800,1170,3600,6630,3030
2362,1193,2024-03-25,2024-03,83,West,Business,Online,Desk,Furniture,5,0,0,140000,0,95000,140000,45000
2363,1193,2024-03-25,2024-03,83,West,Business,Online,Chair,Furniture,3,0,0,51000,0,33000,51000,18000
2364,1194,2025-12-12,2025-12,57,East,Business,Online,Keyboard,Technology,2,0,1,13000,0,0,0,0
2365,1195,2024-09-06,2024-09,6,East,Consumer,Store,Keyboard,Technology,5,15,0,32500,4875,16000,27625,11625
2366,1195,2024-09-06,2024-09,6,East,Consumer,Store,Notebook pack,Office Supplies,2,15,0,3600,540,1400,3060,1660
2367,1196,2025-10-04,2025-10,148,Central,Consumer,Store,Monitor,Technology,4,5,0,96000,4800,64000,91200,27200
2368,1196,2025-10-04,2025-10,148,Central,Consumer,Store,Storage box,Office Supplies,2,5,0,5200,260,2400,4940,2540
2369,1196,2025-10-04,2025-10,148,Central,Consumer,Store,Notebook pack,Office Supplies,1,0,0,1800,0,700,1800,1100
2370,1197,2025-12-20,2025-12,64,Central,Business,Online,Notebook pack,Office Supplies,4,15,0,7200,1080,2800,6120,3320
2371,1198,2025-09-10,2025-09,59,Central,Consumer,Store,Storage box,Office Supplies,4,5,0,10400,520,4800,9880,5080
2372,1198,2025-09-10,2025-09,59,Central,Consumer,Store,Notebook pack,Office Supplies,1,10,0,1800,180,700,1620,920
2373,1198,2025-09-10,2025-09,59,Central,Consumer,Store,Chair,Furniture,4,25,0,68000,17000,44000,51000,7000
2374,1199,2024-06-24,2024-06,6,East,Consumer,Store,Storage box,Office Supplies,4,0,0,10400,0,4800,10400,5600
2375,1199,2024-06-24,2024-06,6,East,Consumer,Store,Desk,Furniture,3,0,0,84000,0,57000,84000,27000
2376,1199,2024-06-24,2024-06,6,East,Consumer,Store,Monitor,Technology,3,15,0,72000,10800,48000,61200,13200
2377,1200,2024-01-29,2024-01,183,Central,Consumer,Store,Storage box,Office Supplies,4,0,0,10400,0,4800,10400,5600
2378,1200,2024-01-29,2024-01,183,Central,Consumer,Store,Chair,Furniture,3,10,0,51000,5100,33000,45900,12900
2379,1201,2025-08-06,2025-08,131,Central,Consumer,Store,Notebook pack,Office Supplies,5,5,0,9000,450,3500,8550,5050
2380,1202,2025-09-16,2025-09,14,West,Business,Store,Desk,Furniture,5,25,0,140000,35000,95000,105000,10000
2381,1202,2025-09-16,2025-09,14,West,Business,Store,Storage box,Office Supplies,2,0,0,5200,0,2400,5200,2800
2382,1202,2025-09-16,2025-09,14,West,Business,Store,Notebook pack,Office Supplies,2,0,1,3600,0,0,0,0
2383,1203,2025-05-21,2025-05,187,Central,Business,Online,Desk,Furniture,4,25,0,112000,28000,76000,84000,8000
2384,1203,2025-05-21,2025-05,187,Central,Business,Online,Storage box,Office Supplies,4,10,0,10400,1040,4800,9360,4560
2385,1204,2024-12-17,2024-12,47,East,Consumer,Online,Monitor,Technology,4,5,0,96000,4800,64000,91200,27200
2386,1204,2024-12-17,2024-12,47,East,Consumer,Online,Chair,Furniture,2,10,0,34000,3400,22000,30600,8600
2387,1205,2024-08-20,2024-08,90,South,Business,Online,Keyboard,Technology,5,5,1,32500,1625,0,0,0
2388,1205,2024-08-20,2024-08,90,South,Business,Online,Desk,Furniture,5,0,0,140000,0,95000,140000,45000
2389,1206,2024-03-01,2024-03,175,South,Business,Store,Chair,Furniture,1,0,1,17000,0,0,0,0
2390,1207,2025-01-28,2025-01,79,East,Consumer,Online,Notebook pack,Office Supplies,2,0,0,3600,0,1400,3600,2200
2391,1207,2025-01-28,2025-01,79,East,Consumer,Online,Monitor,Technology,4,0,0,96000,0,64000,96000,32000
2392,1207,2025-01-28,2025-01,79,East,Consumer,Online,Desk,Furniture,3,0,0,84000,0,57000,84000,27000
2393,1208,2024-06-07,2024-06,154,West,Consumer,Store,Chair,Furniture,5,0,0,85000,0,55000,85000,30000
2394,1208,2024-06-07,2024-06,154,West,Consumer,Store,Keyboard,Technology,4,0,0,26000,0,12800,26000,13200
2395,1208,2024-06-07,2024-06,154,West,Consumer,Store,Storage box,Office Supplies,5,0,0,13000,0,6000,13000,7000
2396,1209,2024-11-15,2024-11,75,East,Consumer,Online,Storage box,Office Supplies,5,15,0,13000,1950,6000,11050,5050
2397,1209,2024-11-15,2024-11,75,East,Consumer,Online,Chair,Furniture,1,35,0,17000,5950,11000,11050,50
2398,1210,2024-06-07,2024-06,157,West,Consumer,Store,Storage box,Office Supplies,4,10,0,10400,1040,4800,9360,4560
2399,1210,2024-06-07,2024-06,157,West,Consumer,Store,Notebook pack,Office Supplies,5,0,0,9000,0,3500,9000,5500
2400,1211,2025-01-09,2025-01,37,South,Business,Online,Chair,Furniture,1,15,1,17000,2550,0,0,0
2401,1211,2025-01-09,2025-01,37,South,Business,Online,Keyboard,Technology,4,15,0,26000,3900,12800,22100,9300
2402,1212,2025-06-16,2025-06,24,Central,Consumer,Store,Notebook pack,Office Supplies,5,0,0,9000,0,3500,9000,5500
2403,1212,2025-06-16,2025-06,24,Central,Consumer,Store,Storage box,Office Supplies,2,10,0,5200,520,2400,4680,2280
2404,1212,2025-06-16,2025-06,24,Central,Consumer,Store,Keyboard,Technology,3,10,0,19500,1950,9600,17550,7950
2405,1213,2025-01-21,2025-01,22,West,Consumer,Store,Keyboard,Technology,1,5,0,6500,325,3200,6175,2975
2406,1214,2025-09-16,2025-09,100,South,Consumer,Store,Monitor,Technology,5,0,0,120000,0,80000,120000,40000
2407,1214,2025-09-16,2025-09,100,South,Consumer,Store,Desk,Furniture,1,10,0,28000,2800,19000,25200,6200
2408,1215,2025-08-07,2025-08,139,East,Consumer,Online,Monitor,Technology,1,5,0,24000,1200,16000,22800,6800
2409,1215,2025-08-07,2025-08,139,East,Consumer,Online,Desk,Furniture,3,0,0,84000,0,57000,84000,27000
2410,1215,2025-08-07,2025-08,139,East,Consumer,Online,Notebook pack,Office Supplies,4,15,0,7200,1080,2800,6120,3320
2411,1216,2024-07-01,2024-07,131,Central,Consumer,Store,Storage box,Office Supplies,1,10,0,2600,260,1200,2340,1140
2412,1216,2024-07-01,2024-07,131,Central,Consumer,Store,Desk,Furniture,2,15,0,56000,8400,38000,47600,9600
2413,1216,2024-07-01,2024-07,131,Central,Consumer,Store,Chair,Furniture,2,35,0,34000,11900,22000,22100,100
2414,1217,2025-10-17,2025-10,157,West,Consumer,Online,Keyboard,Technology,2,0,0,13000,0,6400,13000,6600
2415,1218,2024-01-05,2024-01,62,Central,Business,Store,Keyboard,Technology,2,5,0,13000,650,6400,12350,5950
2416,1219,2025-02-15,2025-02,12,South,Business,Online,Notebook pack,Office Supplies,2,15,0,3600,540,1400,3060,1660
2417,1220,2025-03-08,2025-03,175,South,Business,Store,Storage box,Office Supplies,3,10,0,7800,780,3600,7020,3420
2418,1221,2025-03-01,2025-03,106,East,Consumer,Store,Chair,Furniture,3,0,0,51000,0,33000,51000,18000
2419,1221,2025-03-01,2025-03,106,East,Consumer,Store,Keyboard,Technology,4,0,0,26000,0,12800,26000,13200
2420,1222,2025-04-04,2025-04,33,South,Business,Online,Storage box,Office Supplies,1,0,0,2600,0,1200,2600,1400
2421,1223,2025-05-15,2025-05,18,Central,Consumer,Online,Monitor,Technology,4,5,0,96000,4800,64000,91200,27200
2422,1223,2025-05-15,2025-05,18,Central,Consumer,Online,Chair,Furniture,3,10,0,51000,5100,33000,45900,12900
2423,1223,2025-05-15,2025-05,18,Central,Consumer,Online,Storage box,Office Supplies,1,10,0,2600,260,1200,2340,1140
2424,1224,2024-07-25,2024-07,23,East,Consumer,Store,Chair,Furniture,5,0,0,85000,0,55000,85000,30000
2425,1225,2024-04-21,2024-04,29,Central,Consumer,Online,Keyboard,Technology,2,0,0,13000,0,6400,13000,6600
2426,1226,2024-03-10,2024-03,62,Central,Business,Store,Monitor,Technology,4,15,0,96000,14400,64000,81600,17600
2427,1226,2024-03-10,2024-03,62,Central,Business,Store,Keyboard,Technology,5,0,0,32500,0,16000,32500,16500
2428,1226,2024-03-10,2024-03,62,Central,Business,Store,Chair,Furniture,3,0,0,51000,0,33000,51000,18000
2429,1227,2024-06-05,2024-06,88,East,Consumer,Store,Monitor,Technology,4,0,0,96000,0,64000,96000,32000
2430,1228,2024-02-27,2024-02,101,East,Consumer,Store,Monitor,Technology,5,0,0,120000,0,80000,120000,40000
2431,1229,2025-10-04,2025-10,50,East,Business,Store,Storage box,Office Supplies,4,0,0,10400,0,4800,10400,5600
2432,1229,2025-10-04,2025-10,50,East,Business,Store,Keyboard,Technology,5,15,0,32500,4875,16000,27625,11625
2433,1229,2025-10-04,2025-10,50,East,Business,Store,Desk,Furniture,2,0,0,56000,0,38000,56000,18000
2434,1230,2024-11-21,2024-11,15,East,Consumer,Online,Desk,Furniture,5,0,0,140000,0,95000,140000,45000
2435,1230,2024-11-21,2024-11,15,East,Consumer,Online,Keyboard,Technology,3,5,1,19500,975,0,0,0
2436,1230,2024-11-21,2024-11,15,East,Consumer,Online,Storage box,Office Supplies,1,0,1,2600,0,0,0,0
2437,1231,2024-01-04,2024-01,145,South,Business,Online,Notebook pack,Office Supplies,2,0,0,3600,0,1400,3600,2200
2438,1231,2024-01-04,2024-01,145,South,Business,Online,Desk,Furniture,1,0,0,28000,0,19000,28000,9000
2439,1232,2025-05-02,2025-05,147,Central,Consumer,Store,Storage box,Office Supplies,4,10,0,10400,1040,4800,9360,4560
2440,1232,2025-05-02,2025-05,147,Central,Consumer,Store,Notebook pack,Office Supplies,2,10,0,3600,360,1400,3240,1840
2441,1233,2024-12-19,2024-12,163,Central,Business,Store,Chair,Furniture,5,15,0,85000,12750,55000,72250,17250
2442,1233,2024-12-19,2024-12,163,Central,Business,Store,Keyboard,Technology,3,0,0,19500,0,9600,19500,9900
2443,1234,2025-02-01,2025-02,66,West,Consumer,Online,Storage box,Office Supplies,4,5,0,10400,520,4800,9880,5080
2444,1234,2025-02-01,2025-02,66,West,Consumer,Online,Desk,Furniture,4,25,0,112000,28000,76000,84000,8000
2445,1235,2025-07-08,2025-07,59,Central,Consumer,Store,Storage box,Office Supplies,3,0,0,7800,0,3600,7800,4200
2446,1236,2025-03-07,2025-03,107,South,Consumer,Store,Keyboard,Technology,4,5,0,26000,1300,12800,24700,11900
2447,1236,2025-03-07,2025-03,107,South,Consumer,Store,Storage box,Office Supplies,4,0,0,10400,0,4800,10400,5600
2448,1236,2025-03-07,2025-03,107,South,Consumer,Store,Notebook pack,Office Supplies,2,0,0,3600,0,1400,3600,2200
2449,1237,2024-07-14,2024-07,146,East,Consumer,Online,Storage box,Office Supplies,4,15,0,10400,1560,4800,8840,4040
2450,1237,2024-07-14,2024-07,146,East,Consumer,Online,Notebook pack,Office Supplies,4,5,0,7200,360,2800,6840,4040
2451,1237,2024-07-14,2024-07,146,East,Consumer,Online,Monitor,Technology,2,10,0,48000,4800,32000,43200,11200
2452,1238,2024-04-21,2024-04,139,East,Consumer,Store,Notebook pack,Office Supplies,1,0,0,1800,0,700,1800,1100
2453,1238,2024-04-21,2024-04,139,East,Consumer,Store,Keyboard,Technology,5,0,0,32500,0,16000,32500,16500
2454,1239,2025-06-13,2025-06,111,West,Consumer,Online,Desk,Furniture,4,0,0,112000,0,76000,112000,36000
2455,1239,2025-06-13,2025-06,111,West,Consumer,Online,Chair,Furniture,5,0,0,85000,0,55000,85000,30000
2456,1240,2025-08-11,2025-08,51,South,Business,Online,Monitor,Technology,2,0,0,48000,0,32000,48000,16000
2457,1240,2025-08-11,2025-08,51,South,Business,Online,Keyboard,Technology,4,5,0,26000,1300,12800,24700,11900
2458,1241,2025-09-19,2025-09,136,East,Business,Online,Desk,Furniture,1,0,0,28000,0,19000,28000,9000
2459,1241,2025-09-19,2025-09,136,East,Business,Online,Storage box,Office Supplies,1,5,0,2600,130,1200,2470,1270
2460,1241,2025-09-19,2025-09,136,East,Business,Online,Notebook pack,Office Supplies,3,5,0,5400,270,2100,5130,3030
2461,1242,2024-06-03,2024-06,55,Central,Business,Store,Monitor,Technology,5,5,0,120000,6000,80000,114000,34000
2462,1243,2025-04-02,2025-04,122,South,Business,Store,Chair,Furniture,1,0,0,17000,0,11000,17000,6000
2463,1243,2025-04-02,2025-04,122,South,Business,Store,Monitor,Technology,2,0,0,48000,0,32000,48000,16000
2464,1243,2025-04-02,2025-04,122,South,Business,Store,Notebook pack,Office Supplies,5,15,0,9000,1350,3500,7650,4150
2465,1244,2025-07-29,2025-07,142,West,Business,Store,Monitor,Technology,2,10,0,48000,4800,32000,43200,11200
2466,1244,2025-07-29,2025-07,142,West,Business,Store,Chair,Furniture,1,0,0,17000,0,11000,17000,6000
2467,1244,2025-07-29,2025-07,142,West,Business,Store,Desk,Furniture,4,25,0,112000,28000,76000,84000,8000
2468,1245,2024-01-21,2024-01,151,East,Consumer,Store,Notebook pack,Office Supplies,2,10,0,3600,360,1400,3240,1840
2469,1245,2024-01-21,2024-01,151,East,Consumer,Store,Storage box,Office Supplies,4,15,0,10400,1560,4800,8840,4040
2470,1246,2024-12-13,2024-12,22,West,Consumer,Store,Chair,Furniture,2,10,0,34000,3400,22000,30600,8600
2471,1247,2024-06-02,2024-06,29,Central,Consumer,Online,Monitor,Technology,3,15,0,72000,10800,48000,61200,13200
2472,1247,2024-06-02,2024-06,29,Central,Consumer,Online,Storage box,Office Supplies,4,0,0,10400,0,4800,10400,5600
2473,1247,2024-06-02,2024-06,29,Central,Consumer,Online,Desk,Furniture,5,25,0,140000,35000,95000,105000,10000
2474,1248,2025-01-08,2025-01,65,West,Consumer,Online,Monitor,Technology,4,5,0,96000,4800,64000,91200,27200
2475,1248,2025-01-08,2025-01,65,West,Consumer,Online,Notebook pack,Office Supplies,1,0,0,1800,0,700,1800,1100
2476,1248,2025-01-08,2025-01,65,West,Consumer,Online,Desk,Furniture,3,35,0,84000,29400,57000,54600,-2400
2477,1249,2024-12-11,2024-12,11,East,Consumer,Store,Storage box,Office Supplies,3,15,1,7800,1170,0,0,0
2478,1249,2024-12-11,2024-12,11,East,Consumer,Store,Keyboard,Technology,5,0,0,32500,0,16000,32500,16500
2479,1249,2024-12-11,2024-12,11,East,Consumer,Store,Desk,Furniture,1,10,0,28000,2800,19000,25200,6200
2480,1250,2025-04-26,2025-04,98,Central,Business,Store,Storage box,Office Supplies,3,10,0,7800,780,3600,7020,3420
2481,1251,2025-06-08,2025-06,109,South,Business,Store,Monitor,Technology,3,15,0,72000,10800,48000,61200,13200
2482,1251,2025-06-08,2025-06,109,South,Business,Store,Chair,Furniture,3,10,0,51000,5100,33000,45900,12900
2483,1251,2025-06-08,2025-06,109,South,Business,Store,Storage box,Office Supplies,4,0,0,10400,0,4800,10400,5600
2484,1252,2024-11-22,2024-11,131,Central,Consumer,Online,Chair,Furniture,1,5,0,17000,850,11000,16150,5150
2485,1253,2025-01-17,2025-01,17,Central,Business,Online,Chair,Furniture,1,0,0,17000,0,11000,17000,6000
2486,1253,2025-01-17,2025-01,17,Central,Business,Online,Desk,Furniture,3,0,0,84000,0,57000,84000,27000
2487,1253,2025-01-17,2025-01,17,Central,Business,Online,Notebook pack,Office Supplies,4,5,0,7200,360,2800,6840,4040
2488,1254,2024-04-18,2024-04,157,West,Consumer,Online,Storage box,Office Supplies,2,0,0,5200,0,2400,5200,2800
2489,1255,2024-03-24,2024-03,48,East,Consumer,Online,Desk,Furniture,2,5,1,56000,2800,0,0,0
2490,1255,2024-03-24,2024-03,48,East,Consumer,Online,Storage box,Office Supplies,1,10,0,2600,260,1200,2340,1140
2491,1255,2024-03-24,2024-03,48,East,Consumer,Online,Keyboard,Technology,5,0,0,32500,0,16000,32500,16500
2492,1256,2024-07-21,2024-07,182,South,Consumer,Store,Storage box,Office Supplies,3,15,0,7800,1170,3600,6630,3030
2493,1256,2024-07-21,2024-07,182,South,Consumer,Store,Chair,Furniture,1,35,0,17000,5950,11000,11050,50
2494,1256,2024-07-21,2024-07,182,South,Consumer,Store,Keyboard,Technology,1,0,0,6500,0,3200,6500,3300
2495,1257,2024-07-21,2024-07,68,East,Consumer,Online,Notebook pack,Office Supplies,1,0,0,1800,0,700,1800,1100
2496,1257,2024-07-21,2024-07,68,East,Consumer,Online,Chair,Furniture,3,5,0,51000,2550,33000,48450,15450
2497,1257,2024-07-21,2024-07,68,East,Consumer,Online,Desk,Furniture,5,10,0,140000,14000,95000,126000,31000
2498,1258,2025-06-02,2025-06,164,West,Business,Store,Keyboard,Technology,3,5,0,19500,975,9600,18525,8925
2499,1259,2025-06-27,2025-06,2,Central,Consumer,Store,Chair,Furniture,1,0,0,17000,0,11000,17000,6000
2500,1259,2025-06-27,2025-06,2,Central,Consumer,Store,Desk,Furniture,1,25,0,28000,7000,19000,21000,2000
2501,1260,2025-04-01,2025-04,4,East,Consumer,Online,Notebook pack,Office Supplies,5,0,0,9000,0,3500,9000,5500
2502,1260,2025-04-01,2025-04,4,East,Consumer,Online,Monitor,Technology,3,10,0,72000,7200,48000,64800,16800
2503,1261,2025-05-06,2025-05,95,West,Consumer,Store,Keyboard,Technology,5,0,0,32500,0,16000,32500,16500
2504,1261,2025-05-06,2025-05,95,West,Consumer,Store,Monitor,Technology,2,0,0,48000,0,32000,48000,16000
2505,1262,2025-02-23,2025-02,120,East,Consumer,Store,Keyboard,Technology,4,10,0,26000,2600,12800,23400,10600
2506,1262,2025-02-23,2025-02,120,East,Consumer,Store,Storage box,Office Supplies,4,10,0,10400,1040,4800,9360,4560
2507,1263,2024-05-22,2024-05,82,Central,Consumer,Store,Chair,Furniture,1,25,0,17000,4250,11000,12750,1750
2508,1263,2024-05-22,2024-05,82,Central,Consumer,Store,Keyboard,Technology,2,0,0,13000,0,6400,13000,6600
2509,1263,2024-05-22,2024-05,82,Central,Consumer,Store,Monitor,Technology,2,0,0,48000,0,32000,48000,16000
2510,1264,2025-02-04,2025-02,121,East,Consumer,Online,Monitor,Technology,1,10,0,24000,2400,16000,21600,5600
2511,1264,2025-02-04,2025-02,121,East,Consumer,Online,Chair,Furniture,3,10,0,51000,5100,33000,45900,12900
2512,1265,2025-05-13,2025-05,156,East,Business,Store,Keyboard,Technology,4,0,0,26000,0,12800,26000,13200
2513,1265,2025-05-13,2025-05,156,East,Business,Store,Chair,Furniture,1,0,0,17000,0,11000,17000,6000
2514,1266,2025-12-23,2025-12,123,Central,Consumer,Store,Chair,Furniture,5,35,0,85000,29750,55000,55250,250
2515,1267,2025-03-02,2025-03,126,West,Business,Online,Storage box,Office Supplies,3,5,0,7800,390,3600,7410,3810
2516,1267,2025-03-02,2025-03,126,West,Business,Online,Chair,Furniture,4,0,0,68000,0,44000,68000,24000
2517,1268,2025-06-26,2025-06,73,South,Business,Store,Monitor,Technology,5,10,0,120000,12000,80000,108000,28000
2518,1268,2025-06-26,2025-06,73,South,Business,Store,Chair,Furniture,4,15,0,68000,10200,44000,57800,13800
2519,1268,2025-06-26,2025-06,73,South,Business,Store,Storage box,Office Supplies,2,5,0,5200,260,2400,4940,2540
2520,1269,2024-11-16,2024-11,163,Central,Business,Store,Notebook pack,Office Supplies,5,5,0,9000,450,3500,8550,5050
2521,1269,2024-11-16,2024-11,163,Central,Business,Store,Monitor,Technology,2,5,0,48000,2400,32000,45600,13600
2522,1270,2025-08-09,2025-08,59,Central,Consumer,Online,Keyboard,Technology,5,10,0,32500,3250,16000,29250,13250
2523,1271,2024-11-16,2024-11,131,Central,Consumer,Online,Chair,Furniture,3,0,0,51000,0,33000,51000,18000
2524,1271,2024-11-16,2024-11,131,Central,Consumer,Online,Notebook pack,Office Supplies,4,15,0,7200,1080,2800,6120,3320
2525,1272,2024-09-29,2024-09,18,Central,Consumer,Store,Chair,Furniture,2,15,0,34000,5100,22000,28900,6900
2526,1272,2024-09-29,2024-09,18,Central,Consumer,Store,Monitor,Technology,1,10,0,24000,2400,16000,21600,5600
2527,1273,2025-10-10,2025-10,1,East,Consumer,Store,Notebook pack,Office Supplies,5,0,0,9000,0,3500,9000,5500
2528,1273,2025-10-10,2025-10,1,East,Consumer,Store,Keyboard,Technology,3,10,0,19500,1950,9600,17550,7950
2529,1274,2025-09-11,2025-09,138,Central,Consumer,Online,Chair,Furniture,3,0,0,51000,0,33000,51000,18000
2530,1274,2025-09-11,2025-09,138,Central,Consumer,Online,Notebook pack,Office Supplies,2,15,0,3600,540,1400,3060,1660
2531,1274,2025-09-11,2025-09,138,Central,Consumer,Online,Desk,Furniture,3,5,0,84000,4200,57000,79800,22800
2532,1275,2025-03-09,2025-03,180,Central,Business,Online,Monitor,Technology,2,5,1,48000,2400,0,0,0
2533,1275,2025-03-09,2025-03,180,Central,Business,Online,Chair,Furniture,4,0,0,68000,0,44000,68000,24000
2534,1276,2024-05-31,2024-05,115,East,Business,Store,Chair,Furniture,3,0,0,51000,0,33000,51000,18000
2535,1276,2024-05-31,2024-05,115,East,Business,Store,Notebook pack,Office Supplies,4,5,0,7200,360,2800,6840,4040
2536,1276,2024-05-31,2024-05,115,East,Business,Store,Keyboard,Technology,5,10,0,32500,3250,16000,29250,13250
2537,1277,2025-08-23,2025-08,33,South,Business,Store,Desk,Furniture,1,15,0,28000,4200,19000,23800,4800
2538,1278,2025-01-12,2025-01,37,South,Business,Store,Keyboard,Technology,4,5,0,26000,1300,12800,24700,11900
2539,1278,2025-01-12,2025-01,37,South,Business,Store,Notebook pack,Office Supplies,3,15,0,5400,810,2100,4590,2490
2540,1278,2025-01-12,2025-01,37,South,Business,Store,Desk,Furniture,1,10,0,28000,2800,19000,25200,6200
2541,1279,2025-08-05,2025-08,11,East,Consumer,Online,Storage box,Office Supplies,1,0,0,2600,0,1200,2600,1400
2542,1279,2025-08-05,2025-08,11,East,Consumer,Online,Chair,Furniture,1,0,0,17000,0,11000,17000,6000
2543,1279,2025-08-05,2025-08,11,East,Consumer,Online,Keyboard,Technology,2,0,0,13000,0,6400,13000,6600
2544,1280,2024-12-31,2024-12,87,South,Consumer,Online,Monitor,Technology,4,10,0,96000,9600,64000,86400,22400
2545,1280,2024-12-31,2024-12,87,South,Consumer,Online,Desk,Furniture,5,25,0,140000,35000,95000,105000,10000
2546,1281,2025-02-09,2025-02,178,Central,Consumer,Online,Desk,Furniture,2,0,0,56000,0,38000,56000,18000
2547,1281,2025-02-09,2025-02,178,Central,Consumer,Online,Chair,Furniture,3,5,0,51000,2550,33000,48450,15450
2548,1281,2025-02-09,2025-02,178,Central,Consumer,Online,Keyboard,Technology,5,0,1,32500,0,0,0,0
2549,1282,2025-12-15,2025-12,58,West,Consumer,Store,Desk,Furniture,2,5,0,56000,2800,38000,53200,15200
2550,1283,2024-05-20,2024-05,129,South,Consumer,Store,Keyboard,Technology,1,15,0,6500,975,3200,5525,2325
2551,1283,2024-05-20,2024-05,129,South,Consumer,Store,Storage box,Office Supplies,4,0,0,10400,0,4800,10400,5600
2552,1284,2025-12-14,2025-12,107,South,Consumer,Online,Chair,Furniture,5,0,0,85000,0,55000,85000,30000
2553,1285,2025-08-19,2025-08,126,West,Business,Online,Storage box,Office Supplies,5,5,0,13000,650,6000,12350,6350
2554,1285,2025-08-19,2025-08,126,West,Business,Online,Desk,Furniture,2,25,0,56000,14000,38000,42000,4000
2555,1286,2025-07-03,2025-07,2,Central,Consumer,Store,Notebook pack,Office Supplies,5,10,0,9000,900,3500,8100,4600
2556,1286,2025-07-03,2025-07,2,Central,Consumer,Store,Monitor,Technology,2,15,0,48000,7200,32000,40800,8800
2557,1287,2024-07-19,2024-07,84,South,Consumer,Store,Desk,Furniture,4,0,0,112000,0,76000,112000,36000
2558,1287,2024-07-19,2024-07,84,South,Consumer,Store,Monitor,Technology,5,10,0,120000,12000,80000,108000,28000
2559,1288,2024-04-25,2024-04,11,East,Consumer,Store,Storage box,Office Supplies,2,0,0,5200,0,2400,5200,2800
2560,1289,2024-11-01,2024-11,177,Central,Consumer,Online,Monitor,Technology,1,0,0,24000,0,16000,24000,8000
2561,1289,2024-11-01,2024-11,177,Central,Consumer,Online,Storage box,Office Supplies,3,0,0,7800,0,3600,7800,4200
2562,1289,2024-11-01,2024-11,177,Central,Consumer,Online,Keyboard,Technology,3,0,0,19500,0,9600,19500,9900
2563,1290,2024-07-04,2024-07,86,West,Business,Online,Storage box,Office Supplies,3,10,0,7800,780,3600,7020,3420
2564,1290,2024-07-04,2024-07,86,West,Business,Online,Keyboard,Technology,5,0,0,32500,0,16000,32500,16500
2565,1291,2025-05-06,2025-05,144,East,Consumer,Store,Chair,Furniture,1,0,0,17000,0,11000,17000,6000
2566,1291,2025-05-06,2025-05,144,East,Consumer,Store,Desk,Furniture,1,10,0,28000,2800,19000,25200,6200
2567,1291,2025-05-06,2025-05,144,East,Consumer,Store,Notebook pack,Office Supplies,3,10,0,5400,540,2100,4860,2760
2568,1292,2025-08-04,2025-08,41,South,Consumer,Online,Monitor,Technology,2,0,0,48000,0,32000,48000,16000
2569,1293,2025-01-16,2025-01,20,South,Consumer,Store,Storage box,Office Supplies,3,0,0,7800,0,3600,7800,4200
2570,1293,2025-01-16,2025-01,20,South,Consumer,Store,Desk,Furniture,3,0,0,84000,0,57000,84000,27000
2571,1294,2024-07-28,2024-07,31,West,Consumer,Online,Chair,Furniture,1,0,0,17000,0,11000,17000,6000
2572,1294,2024-07-28,2024-07,31,West,Consumer,Online,Desk,Furniture,4,10,0,112000,11200,76000,100800,24800
2573,1295,2025-12-20,2025-12,145,South,Business,Store,Storage box,Office Supplies,2,0,0,5200,0,2400,5200,2800
2574,1296,2025-11-25,2025-11,97,South,Consumer,Online,Keyboard,Technology,4,10,0,26000,2600,12800,23400,10600
2575,1297,2024-01-14,2024-01,148,Central,Consumer,Online,Desk,Furniture,4,5,0,112000,5600,76000,106400,30400
2576,1297,2024-01-14,2024-01,148,Central,Consumer,Online,Monitor,Technology,1,5,0,24000,1200,16000,22800,6800
2577,1297,2024-01-14,2024-01,148,Central,Consumer,Online,Notebook pack,Office Supplies,2,0,0,3600,0,1400,3600,2200
2578,1298,2024-01-02,2024-01,167,South,Consumer,Online,Keyboard,Technology,2,0,0,13000,0,6400,13000,6600
2579,1298,2024-01-02,2024-01,167,South,Consumer,Online,Notebook pack,Office Supplies,1,15,0,1800,270,700,1530,830
2580,1298,2024-01-02,2024-01,167,South,Consumer,Online,Storage box,Office Supplies,4,15,0,10400,1560,4800,8840,4040
2581,1299,2025-11-05,2025-11,96,South,Consumer,Online,Storage box,Office Supplies,4,0,0,10400,0,4800,10400,5600
2582,1299,2025-11-05,2025-11,96,South,Consumer,Online,Monitor,Technology,3,10,0,72000,7200,48000,64800,16800
2583,1300,2024-10-26,2024-10,38,East,Consumer,Store,Notebook pack,Office Supplies,4,0,0,7200,0,2800,7200,4400
2584,1300,2024-10-26,2024-10,38,East,Consumer,Store,Keyboard,Technology,2,5,0,13000,650,6400,12350,5950
2585,1300,2024-10-26,2024-10,38,East,Consumer,Store,Monitor,Technology,4,10,0,96000,9600,64000,86400,22400
2586,1301,2025-11-27,2025-11,43,West,Business,Online,Notebook pack,Office Supplies,5,5,0,9000,450,3500,8550,5050
2587,1301,2025-11-27,2025-11,43,West,Business,Online,Chair,Furniture,2,0,0,34000,0,22000,34000,12000
2588,1302,2024-07-29,2024-07,178,Central,Consumer,Store,Keyboard,Technology,1,15,0,6500,975,3200,5525,2325
2589,1303,2025-06-16,2025-06,27,South,Business,Online,Notebook pack,Office Supplies,2,5,0,3600,180,1400,3420,2020
2590,1303,2025-06-16,2025-06,27,South,Business,Online,Chair,Furniture,3,15,0,51000,7650,33000,43350,10350
2591,1304,2025-02-08,2025-02,134,Central,Consumer,Store,Notebook pack,Office Supplies,3,10,0,5400,540,2100,4860,2760
2592,1305,2024-04-18,2024-04,58,West,Consumer,Store,Storage box,Office Supplies,2,0,0,5200,0,2400,5200,2800
2593,1306,2025-05-31,2025-05,28,West,Business,Store,Desk,Furniture,3,5,0,84000,4200,57000,79800,22800
2594,1307,2024-11-06,2024-11,54,Central,Consumer,Online,Desk,Furniture,1,0,0,28000,0,19000,28000,9000
2595,1308,2024-07-31,2024-07,48,East,Consumer,Online,Monitor,Technology,4,0,0,96000,0,64000,96000,32000
2596,1309,2025-01-01,2025-01,170,West,Consumer,Store,Storage box,Office Supplies,5,5,0,13000,650,6000,12350,6350
2597,1310,2025-01-18,2025-01,54,Central,Consumer,Store,Notebook pack,Office Supplies,4,15,0,7200,1080,2800,6120,3320
2598,1310,2025-01-18,2025-01,54,Central,Consumer,Store,Storage box,Office Supplies,4,0,0,10400,0,4800,10400,5600
2599,1311,2024-12-25,2024-12,8,East,Consumer,Store,Keyboard,Technology,4,15,0,26000,3900,12800,22100,9300
2600,1311,2024-12-25,2024-12,8,East,Consumer,Store,Storage box,Office Supplies,3,10,0,7800,780,3600,7020,3420
2601,1311,2024-12-25,2024-12,8,East,Consumer,Store,Desk,Furniture,4,0,0,112000,0,76000,112000,36000
2602,1312,2024-03-29,2024-03,122,South,Business,Store,Desk,Furniture,1,35,0,28000,9800,19000,18200,-800
2603,1312,2024-03-29,2024-03,122,South,Business,Store,Storage box,Office Supplies,3,0,0,7800,0,3600,7800,4200
2604,1312,2024-03-29,2024-03,122,South,Business,Store,Chair,Furniture,4,0,0,68000,0,44000,68000,24000
2605,1313,2025-07-19,2025-07,199,South,Consumer,Store,Notebook pack,Office Supplies,4,0,1,7200,0,0,0,0
2606,1314,2024-05-11,2024-05,152,East,Business,Online,Keyboard,Technology,4,5,0,26000,1300,12800,24700,11900
2607,1314,2024-05-11,2024-05,152,East,Business,Online,Desk,Furniture,4,0,0,112000,0,76000,112000,36000
2608,1314,2024-05-11,2024-05,152,East,Business,Online,Chair,Furniture,1,35,0,17000,5950,11000,11050,50
2609,1315,2025-04-07,2025-04,76,West,Consumer,Online,Monitor,Technology,5,5,0,120000,6000,80000,114000,34000
2610,1316,2025-12-04,2025-12,40,South,Business,Online,Keyboard,Technology,4,0,1,26000,0,0,0,0
2611,1317,2025-10-31,2025-10,46,West,Business,Store,Monitor,Technology,2,0,0,48000,0,32000,48000,16000
2612,1318,2025-11-30,2025-11,150,East,Consumer,Store,Storage box,Office Supplies,4,0,0,10400,0,4800,10400,5600
2613,1319,2024-05-22,2024-05,34,West,Business,Online,Keyboard,Technology,4,0,0,26000,0,12800,26000,13200
2614,1319,2024-05-22,2024-05,34,West,Business,Online,Monitor,Technology,3,15,0,72000,10800,48000,61200,13200
2615,1320,2025-04-30,2025-04,9,South,Consumer,Store,Notebook pack,Office Supplies,1,0,0,1800,0,700,1800,1100
2616,1320,2025-04-30,2025-04,9,South,Consumer,Store,Keyboard,Technology,3,10,0,19500,1950,9600,17550,7950
2617,1321,2024-09-06,2024-09,36,East,Business,Online,Chair,Furniture,1,0,0,17000,0,11000,17000,6000
2618,1322,2025-04-01,2025-04,169,Central,Business,Store,Monitor,Technology,2,15,0,48000,7200,32000,40800,8800
2619,1322,2025-04-01,2025-04,169,Central,Business,Store,Keyboard,Technology,5,0,0,32500,0,16000,32500,16500
2620,1322,2025-04-01,2025-04,169,Central,Business,Store,Desk,Furniture,2,10,0,56000,5600,38000,50400,12400
2621,1323,2025-12-19,2025-12,101,East,Consumer,Online,Desk,Furniture,1,0,0,28000,0,19000,28000,9000
2622,1323,2025-12-19,2025-12,101,East,Consumer,Online,Notebook pack,Office Supplies,3,15,0,5400,810,2100,4590,2490
2623,1324,2024-11-06,2024-11,36,East,Business,Store,Keyboard,Technology,2,0,0,13000,0,6400,13000,6600
2624,1325,2025-05-04,2025-05,123,Central,Consumer,Online,Chair,Furniture,4,0,0,68000,0,44000,68000,24000
2625,1326,2024-05-10,2024-05,131,Central,Consumer,Online,Keyboard,Technology,5,0,0,32500,0,16000,32500,16500
2626,1327,2024-09-09,2024-09,161,West,Business,Store,Monitor,Technology,4,0,0,96000,0,64000,96000,32000
2627,1327,2024-09-09,2024-09,161,West,Business,Store,Chair,Furniture,1,15,0,17000,2550,11000,14450,3450
2628,1327,2024-09-09,2024-09,161,West,Business,Store,Storage box,Office Supplies,1,0,0,2600,0,1200,2600,1400
2629,1328,2025-01-17,2025-01,101,East,Consumer,Store,Chair,Furniture,5,25,0,85000,21250,55000,63750,8750
2630,1328,2025-01-17,2025-01,101,East,Consumer,Store,Storage box,Office Supplies,2,0,0,5200,0,2400,5200,2800
2631,1328,2025-01-17,2025-01,101,East,Consumer,Store,Keyboard,Technology,3,10,0,19500,1950,9600,17550,7950
2632,1329,2025-03-19,2025-03,154,West,Consumer,Online,Desk,Furniture,1,0,0,28000,0,19000,28000,9000
2633,1329,2025-03-19,2025-03,154,West,Consumer,Online,Notebook pack,Office Supplies,1,5,0,1800,90,700,1710,1010
2634,1330,2024-10-14,2024-10,119,West,Business,Store,Notebook pack,Office Supplies,3,5,0,5400,270,2100,5130,3030
2635,1330,2024-10-14,2024-10,119,West,Business,Store,Storage box,Office Supplies,4,15,0,10400,1560,4800,8840,4040
2636,1331,2025-12-05,2025-12,151,East,Consumer,Online,Monitor,Technology,4,5,0,96000,4800,64000,91200,27200
2637,1331,2025-12-05,2025-12,151,East,Consumer,Online,Desk,Furniture,5,0,0,140000,0,95000,140000,45000
2638,1332,2024-10-01,2024-10,70,West,Business,Store,Notebook pack,Office Supplies,3,0,0,5400,0,2100,5400,3300
2639,1332,2024-10-01,2024-10,70,West,Business,Store,Chair,Furniture,3,10,0,51000,5100,33000,45900,12900
2640,1332,2024-10-01,2024-10,70,West,Business,Store,Monitor,Technology,3,15,0,72000,10800,48000,61200,13200
2641,1333,2024-10-12,2024-10,68,East,Consumer,Store,Storage box,Office Supplies,3,0,0,7800,0,3600,7800,4200
2642,1333,2024-10-12,2024-10,68,East,Consumer,Store,Chair,Furniture,3,15,0,51000,7650,33000,43350,10350
2643,1333,2024-10-12,2024-10,68,East,Consumer,Store,Notebook pack,Office Supplies,4,15,0,7200,1080,2800,6120,3320
2644,1334,2024-04-30,2024-04,186,South,Consumer,Store,Chair,Furniture,2,35,0,34000,11900,22000,22100,100
2645,1334,2024-04-30,2024-04,186,South,Consumer,Store,Storage box,Office Supplies,4,10,0,10400,1040,4800,9360,4560
2646,1334,2024-04-30,2024-04,186,South,Consumer,Store,Monitor,Technology,5,10,0,120000,12000,80000,108000,28000
2647,1335,2024-05-29,2024-05,66,West,Consumer,Online,Desk,Furniture,5,25,1,140000,35000,0,0,0
2648,1335,2024-05-29,2024-05,66,West,Consumer,Online,Keyboard,Technology,2,5,0,13000,650,6400,12350,5950
2649,1336,2025-04-10,2025-04,141,West,Business,Store,Notebook pack,Office Supplies,3,0,0,5400,0,2100,5400,3300
2650,1336,2025-04-10,2025-04,141,West,Business,Store,Keyboard,Technology,4,15,0,26000,3900,12800,22100,9300
2651,1336,2025-04-10,2025-04,141,West,Business,Store,Chair,Furniture,4,25,0,68000,17000,44000,51000,7000
2652,1337,2024-05-23,2024-05,47,East,Consumer,Online,Desk,Furniture,1,10,0,28000,2800,19000,25200,6200
2653,1337,2024-05-23,2024-05,47,East,Consumer,Online,Storage box,Office Supplies,5,5,0,13000,650,6000,12350,6350
2654,1338,2024-04-08,2024-04,191,Central,Consumer,Store,Desk,Furniture,5,0,1,140000,0,0,0,0
2655,1339,2024-12-11,2024-12,160,West,Consumer,Store,Keyboard,Technology,2,0,0,13000,0,6400,13000,6600
2656,1339,2024-12-11,2024-12,160,West,Consumer,Store,Chair,Furniture,5,10,0,85000,8500,55000,76500,21500
2657,1340,2024-12-28,2024-12,61,West,Consumer,Online,Notebook pack,Office Supplies,5,5,0,9000,450,3500,8550,5050
2658,1341,2024-06-24,2024-06,99,West,Consumer,Online,Notebook pack,Office Supplies,1,15,0,1800,270,700,1530,830
2659,1341,2024-06-24,2024-06,99,West,Consumer,Online,Desk,Furniture,3,35,0,84000,29400,57000,54600,-2400
2660,1341,2024-06-24,2024-06,99,West,Consumer,Online,Chair,Furniture,2,25,0,34000,8500,22000,25500,3500
2661,1342,2025-04-15,2025-04,157,West,Consumer,Online,Chair,Furniture,3,0,1,51000,0,0,0,0
2662,1343,2025-11-18,2025-11,79,East,Consumer,Store,Notebook pack,Office Supplies,2,0,0,3600,0,1400,3600,2200
2663,1343,2025-11-18,2025-11,79,East,Consumer,Store,Keyboard,Technology,1,10,0,6500,650,3200,5850,2650
2664,1343,2025-11-18,2025-11,79,East,Consumer,Store,Storage box,Office Supplies,4,0,0,10400,0,4800,10400,5600
2665,1344,2025-01-28,2025-01,158,East,Business,Store,Notebook pack,Office Supplies,3,0,0,5400,0,2100,5400,3300
2666,1345,2025-05-18,2025-05,112,Central,Consumer,Store,Desk,Furniture,5,25,0,140000,35000,95000,105000,10000
2667,1345,2025-05-18,2025-05,112,Central,Consumer,Store,Keyboard,Technology,5,0,0,32500,0,16000,32500,16500
2668,1346,2025-12-21,2025-12,20,South,Consumer,Store,Keyboard,Technology,2,0,0,13000,0,6400,13000,6600
2669,1347,2025-02-18,2025-02,71,South,Consumer,Online,Monitor,Technology,5,10,0,120000,12000,80000,108000,28000
2670,1347,2025-02-18,2025-02,71,South,Consumer,Online,Chair,Furniture,5,5,0,85000,4250,55000,80750,25750
2671,1347,2025-02-18,2025-02,71,South,Consumer,Online,Keyboard,Technology,1,10,0,6500,650,3200,5850,2650
2672,1348,2024-01-23,2024-01,100,South,Consumer,Store,Keyboard,Technology,4,10,0,26000,2600,12800,23400,10600
2673,1348,2024-01-23,2024-01,100,South,Consumer,Store,Desk,Furniture,4,0,0,112000,0,76000,112000,36000
2674,1349,2024-12-22,2024-12,59,Central,Consumer,Store,Monitor,Technology,2,0,0,48000,0,32000,48000,16000
2675,1349,2024-12-22,2024-12,59,Central,Consumer,Store,Keyboard,Technology,5,15,0,32500,4875,16000,27625,11625
2676,1350,2024-07-19,2024-07,10,South,Business,Store,Desk,Furniture,1,0,0,28000,0,19000,28000,9000
2677,1350,2024-07-19,2024-07,10,South,Business,Store,Chair,Furniture,5,0,0,85000,0,55000,85000,30000
2678,1351,2025-06-21,2025-06,66,West,Consumer,Store,Monitor,Technology,2,10,0,48000,4800,32000,43200,11200
2679,1352,2024-07-09,2024-07,59,Central,Consumer,Store,Chair,Furniture,1,5,0,17000,850,11000,16150,5150
2680,1352,2024-07-09,2024-07,59,Central,Consumer,Store,Notebook pack,Office Supplies,5,0,0,9000,0,3500,9000,5500
2681,1353,2024-06-29,2024-06,74,South,Business,Store,Chair,Furniture,1,5,0,17000,850,11000,16150,5150
2682,1353,2024-06-29,2024-06,74,South,Business,Store,Storage box,Office Supplies,1,0,0,2600,0,1200,2600,1400
2683,1354,2024-10-02,2024-10,46,West,Business,Online,Notebook pack,Office Supplies,2,0,0,3600,0,1400,3600,2200
2684,1354,2024-10-02,2024-10,46,West,Business,Online,Monitor,Technology,2,0,0,48000,0,32000,48000,16000
2685,1355,2024-11-29,2024-11,44,South,Business,Store,Desk,Furniture,4,0,0,112000,0,76000,112000,36000
2686,1355,2024-11-29,2024-11,44,South,Business,Store,Notebook pack,Office Supplies,4,0,0,7200,0,2800,7200,4400
2687,1355,2024-11-29,2024-11,44,South,Business,Store,Storage box,Office Supplies,2,15,0,5200,780,2400,4420,2020
2688,1356,2025-08-10,2025-08,72,West,Business,Store,Keyboard,Technology,2,0,0,13000,0,6400,13000,6600
2689,1357,2024-06-14,2024-06,164,West,Business,Online,Keyboard,Technology,2,0,0,13000,0,6400,13000,6600
2690,1358,2025-06-25,2025-06,126,West,Business,Store,Notebook pack,Office Supplies,5,5,0,9000,450,3500,8550,5050
2691,1358,2025-06-25,2025-06,126,West,Business,Store,Keyboard,Technology,5,10,0,32500,3250,16000,29250,13250
2692,1358,2025-06-25,2025-06,126,West,Business,Store,Storage box,Office Supplies,5,10,0,13000,1300,6000,11700,5700
2693,1359,2025-05-26,2025-05,33,South,Business,Online,Desk,Furniture,5,15,0,140000,21000,95000,119000,24000
2694,1360,2024-04-28,2024-04,155,Central,Business,Store,Keyboard,Technology,3,0,0,19500,0,9600,19500,9900
2695,1360,2024-04-28,2024-04,155,Central,Business,Store,Monitor,Technology,2,0,0,48000,0,32000,48000,16000
2696,1361,2025-10-15,2025-10,193,South,Consumer,Online,Notebook pack,Office Supplies,3,10,0,5400,540,2100,4860,2760
2697,1361,2025-10-15,2025-10,193,South,Consumer,Online,Chair,Furniture,1,5,0,17000,850,11000,16150,5150
2698,1362,2024-09-15,2024-09,125,Central,Business,Store,Storage box,Office Supplies,3,0,0,7800,0,3600,7800,4200
2699,1362,2024-09-15,2024-09,125,Central,Business,Store,Keyboard,Technology,4,0,0,26000,0,12800,26000,13200
2700,1363,2024-05-29,2024-05,164,West,Business,Online,Monitor,Technology,3,10,0,72000,7200,48000,64800,16800
2701,1363,2024-05-29,2024-05,164,West,Business,Online,Desk,Furniture,4,0,0,112000,0,76000,112000,36000
2702,1364,2024-12-29,2024-12,132,Central,Consumer,Store,Keyboard,Technology,1,5,0,6500,325,3200,6175,2975
2703,1365,2024-11-13,2024-11,130,East,Consumer,Online,Desk,Furniture,2,10,1,56000,5600,0,0,0
2704,1366,2025-06-05,2025-06,56,West,Business,Store,Keyboard,Technology,4,5,0,26000,1300,12800,24700,11900
2705,1367,2025-04-16,2025-04,89,South,Business,Store,Monitor,Technology,5,15,0,120000,18000,80000,102000,22000
2706,1367,2025-04-16,2025-04,89,South,Business,Store,Desk,Furniture,4,35,0,112000,39200,76000,72800,-3200
2707,1368,2025-06-10,2025-06,10,South,Business,Online,Keyboard,Technology,3,10,0,19500,1950,9600,17550,7950
2708,1369,2025-10-12,2025-10,69,West,Business,Online,Chair,Furniture,1,25,0,17000,4250,11000,12750,1750
2709,1370,2024-08-13,2024-08,11,East,Consumer,Online,Desk,Furniture,2,25,0,56000,14000,38000,42000,4000
2710,1370,2024-08-13,2024-08,11,East,Consumer,Online,Chair,Furniture,4,0,0,68000,0,44000,68000,24000
2711,1371,2025-08-04,2025-08,66,West,Consumer,Online,Desk,Furniture,2,0,0,56000,0,38000,56000,18000
2712,1372,2025-05-09,2025-05,17,Central,Business,Online,Chair,Furniture,1,0,0,17000,0,11000,17000,6000
2713,1372,2025-05-09,2025-05,17,Central,Business,Online,Keyboard,Technology,3,15,0,19500,2925,9600,16575,6975
2714,1373,2025-01-16,2025-01,121,East,Consumer,Store,Notebook pack,Office Supplies,3,15,0,5400,810,2100,4590,2490
2715,1373,2025-01-16,2025-01,121,East,Consumer,Store,Storage box,Office Supplies,5,15,0,13000,1950,6000,11050,5050
2716,1373,2025-01-16,2025-01,121,East,Consumer,Store,Monitor,Technology,5,0,0,120000,0,80000,120000,40000
2717,1374,2024-01-23,2024-01,112,Central,Consumer,Store,Monitor,Technology,3,10,0,72000,7200,48000,64800,16800
2718,1374,2024-01-23,2024-01,112,Central,Consumer,Store,Notebook pack,Office Supplies,4,0,0,7200,0,2800,7200,4400
2719,1375,2024-11-03,2024-11,66,West,Consumer,Online,Notebook pack,Office Supplies,2,0,0,3600,0,1400,3600,2200
2720,1376,2024-09-11,2024-09,119,West,Business,Online,Storage box,Office Supplies,5,15,0,13000,1950,6000,11050,5050
2721,1377,2025-02-13,2025-02,108,South,Business,Store,Desk,Furniture,2,35,0,56000,19600,38000,36400,-1600
2722,1377,2025-02-13,2025-02,108,South,Business,Store,Chair,Furniture,1,15,0,17000,2550,11000,14450,3450
2723,1378,2024-02-28,2024-02,112,Central,Consumer,Store,Chair,Furniture,4,0,0,68000,0,44000,68000,24000
2724,1378,2024-02-28,2024-02,112,Central,Consumer,Store,Keyboard,Technology,3,0,0,19500,0,9600,19500,9900
2725,1379,2025-05-13,2025-05,126,West,Business,Store,Chair,Furniture,2,10,0,34000,3400,22000,30600,8600
2726,1379,2025-05-13,2025-05,126,West,Business,Store,Keyboard,Technology,2,5,0,13000,650,6400,12350,5950
2727,1379,2025-05-13,2025-05,126,West,Business,Store,Notebook pack,Office Supplies,3,15,0,5400,810,2100,4590,2490
2728,1380,2024-03-25,2024-03,26,South,Business,Online,Storage box,Office Supplies,1,0,0,2600,0,1200,2600,1400
2729,1381,2025-05-19,2025-05,24,Central,Consumer,Online,Desk,Furniture,4,0,1,112000,0,0,0,0
2730,1382,2024-10-25,2024-10,94,East,Consumer,Store,Notebook pack,Office Supplies,2,5,0,3600,180,1400,3420,2020
2731,1382,2024-10-25,2024-10,94,East,Consumer,Store,Desk,Furniture,1,0,0,28000,0,19000,28000,9000
2732,1382,2024-10-25,2024-10,94,East,Consumer,Store,Storage box,Office Supplies,5,0,0,13000,0,6000,13000,7000
2733,1383,2024-07-15,2024-07,44,South,Business,Store,Desk,Furniture,5,10,0,140000,14000,95000,126000,31000
2734,1383,2024-07-15,2024-07,44,South,Business,Store,Monitor,Technology,5,0,0,120000,0,80000,120000,40000
2735,1384,2024-10-18,2024-10,36,East,Business,Online,Notebook pack,Office Supplies,2,15,0,3600,540,1400,3060,1660
2736,1384,2024-10-18,2024-10,36,East,Business,Online,Monitor,Technology,5,0,0,120000,0,80000,120000,40000
2737,1385,2024-02-02,2024-02,101,East,Consumer,Store,Chair,Furniture,3,10,0,51000,5100,33000,45900,12900
2738,1385,2024-02-02,2024-02,101,East,Consumer,Store,Keyboard,Technology,4,10,0,26000,2600,12800,23400,10600
2739,1385,2024-02-02,2024-02,101,East,Consumer,Store,Notebook pack,Office Supplies,2,5,0,3600,180,1400,3420,2020
2740,1386,2024-08-03,2024-08,62,Central,Business,Store,Storage box,Office Supplies,2,0,0,5200,0,2400,5200,2800
2741,1387,2025-08-24,2025-08,31,West,Consumer,Online,Keyboard,Technology,2,0,0,13000,0,6400,13000,6600
2742,1388,2024-10-16,2024-10,198,South,Business,Store,Monitor,Technology,4,10,0,96000,9600,64000,86400,22400
2743,1388,2024-10-16,2024-10,198,South,Business,Store,Notebook pack,Office Supplies,5,15,0,9000,1350,3500,7650,4150
2744,1388,2024-10-16,2024-10,198,South,Business,Store,Chair,Furniture,2,35,0,34000,11900,22000,22100,100
2745,1389,2025-01-07,2025-01,41,South,Consumer,Store,Monitor,Technology,1,0,1,24000,0,0,0,0
2746,1390,2024-09-15,2024-09,100,South,Consumer,Online,Keyboard,Technology,3,10,0,19500,1950,9600,17550,7950
2747,1390,2024-09-15,2024-09,100,South,Consumer,Online,Storage box,Office Supplies,3,10,0,7800,780,3600,7020,3420
2748,1391,2025-08-03,2025-08,180,Central,Business,Online,Chair,Furniture,3,25,0,51000,12750,33000,38250,5250
2749,1392,2024-12-08,2024-12,38,East,Consumer,Online,Chair,Furniture,5,35,0,85000,29750,55000,55250,250
2750,1393,2024-07-26,2024-07,185,West,Business,Online,Desk,Furniture,3,15,0,84000,12600,57000,71400,14400
2751,1393,2024-07-26,2024-07,185,West,Business,Online,Storage box,Office Supplies,3,5,1,7800,390,0,0,0
2752,1394,2025-05-09,2025-05,198,South,Business,Online,Chair,Furniture,3,10,0,51000,5100,33000,45900,12900
2753,1395,2025-06-25,2025-06,152,East,Business,Online,Storage box,Office Supplies,4,15,0,10400,1560,4800,8840,4040
2754,1395,2025-06-25,2025-06,152,East,Business,Online,Desk,Furniture,5,35,1,140000,49000,0,0,0
2755,1396,2024-12-06,2024-12,5,South,Consumer,Store,Storage box,Office Supplies,4,10,0,10400,1040,4800,9360,4560
2756,1396,2024-12-06,2024-12,5,South,Consumer,Store,Desk,Furniture,5,5,0,140000,7000,95000,133000,38000
2757,1396,2024-12-06,2024-12,5,South,Consumer,Store,Keyboard,Technology,5,0,0,32500,0,16000,32500,16500
2758,1397,2024-11-03,2024-11,167,South,Consumer,Online,Storage box,Office Supplies,5,5,0,13000,650,6000,12350,6350
2759,1398,2024-01-05,2024-01,136,East,Business,Online,Chair,Furniture,4,5,0,68000,3400,44000,64600,20600
2760,1399,2025-03-16,2025-03,13,Central,Consumer,Online,Notebook pack,Office Supplies,4,0,0,7200,0,2800,7200,4400
2761,1399,2025-03-16,2025-03,13,Central,Consumer,Online,Storage box,Office Supplies,3,15,0,7800,1170,3600,6630,3030
2762,1400,2025-05-23,2025-05,149,South,Business,Online,Storage box,Office Supplies,1,0,0,2600,0,1200,2600,1400
2763,1400,2025-05-23,2025-05,149,South,Business,Online,Notebook pack,Office Supplies,4,15,0,7200,1080,2800,6120,3320
2764,1400,2025-05-23,2025-05,149,South,Business,Online,Monitor,Technology,2,15,0,48000,7200,32000,40800,8800
2765,1401,2024-01-15,2024-01,176,East,Consumer,Store,Monitor,Technology,2,10,1,48000,4800,0,0,0
2766,1402,2024-05-12,2024-05,192,West,Business,Store,Storage box,Office Supplies,3,5,0,7800,390,3600,7410,3810
2767,1403,2025-03-12,2025-03,53,East,Business,Online,Desk,Furniture,3,0,0,84000,0,57000,84000,27000
2768,1403,2025-03-12,2025-03,53,East,Business,Online,Monitor,Technology,2,0,0,48000,0,32000,48000,16000
2769,1404,2024-01-04,2024-01,62,Central,Business,Online,Chair,Furniture,4,15,0,68000,10200,44000,57800,13800
2770,1404,2024-01-04,2024-01,62,Central,Business,Online,Desk,Furniture,5,35,0,140000,49000,95000,91000,-4000
2771,1405,2025-05-07,2025-05,172,South,Business,Store,Monitor,Technology,1,5,0,24000,1200,16000,22800,6800
2772,1406,2024-07-12,2024-07,140,Central,Business,Store,Desk,Furniture,1,0,0,28000,0,19000,28000,9000
2773,1406,2024-07-12,2024-07,140,Central,Business,Store,Notebook pack,Office Supplies,2,15,0,3600,540,1400,3060,1660
2774,1406,2024-07-12,2024-07,140,Central,Business,Store,Storage box,Office Supplies,5,0,0,13000,0,6000,13000,7000
2775,1407,2025-10-08,2025-10,90,South,Business,Online,Keyboard,Technology,1,15,0,6500,975,3200,5525,2325
2776,1407,2025-10-08,2025-10,90,South,Business,Online,Storage box,Office Supplies,4,0,0,10400,0,4800,10400,5600
2777,1408,2025-09-27,2025-09,164,West,Business,Store,Storage box,Office Supplies,4,15,0,10400,1560,4800,8840,4040
2778,1408,2025-09-27,2025-09,164,West,Business,Store,Desk,Furniture,4,15,0,112000,16800,76000,95200,19200
2779,1408,2025-09-27,2025-09,164,West,Business,Store,Chair,Furniture,2,0,1,34000,0,0,0,0
2780,1409,2024-07-11,2024-07,1,East,Consumer,Store,Storage box,Office Supplies,3,5,0,7800,390,3600,7410,3810
2781,1410,2024-01-08,2024-01,81,East,Consumer,Store,Chair,Furniture,1,0,0,17000,0,11000,17000,6000
2782,1411,2025-04-29,2025-04,127,South,Business,Store,Notebook pack,Office Supplies,1,5,0,1800,90,700,1710,1010
2783,1412,2025-07-03,2025-07,109,South,Business,Store,Desk,Furniture,1,10,0,28000,2800,19000,25200,6200
2784,1413,2024-05-20,2024-05,179,East,Business,Store,Chair,Furniture,3,25,0,51000,12750,33000,38250,5250
2785,1413,2024-05-20,2024-05,179,East,Business,Store,Monitor,Technology,5,5,0,120000,6000,80000,114000,34000
2786,1414,2024-11-11,2024-11,190,Central,Business,Store,Desk,Furniture,3,15,0,84000,12600,57000,71400,14400
2787,1414,2024-11-11,2024-11,190,Central,Business,Store,Storage box,Office Supplies,1,0,0,2600,0,1200,2600,1400
2788,1415,2025-09-09,2025-09,154,West,Consumer,Online,Desk,Furniture,3,15,0,84000,12600,57000,71400,14400
2789,1415,2025-09-09,2025-09,154,West,Consumer,Online,Storage box,Office Supplies,1,0,0,2600,0,1200,2600,1400
2790,1416,2025-08-19,2025-08,21,Central,Business,Online,Monitor,Technology,3,15,0,72000,10800,48000,61200,13200
2791,1417,2024-03-22,2024-03,183,Central,Consumer,Store,Storage box,Office Supplies,4,0,0,10400,0,4800,10400,5600
2792,1417,2024-03-22,2024-03,183,Central,Consumer,Store,Monitor,Technology,4,0,0,96000,0,64000,96000,32000
2793,1417,2024-03-22,2024-03,183,Central,Consumer,Store,Desk,Furniture,3,0,0,84000,0,57000,84000,27000
2794,1418,2024-04-06,2024-04,151,East,Consumer,Online,Keyboard,Technology,1,10,0,6500,650,3200,5850,2650
2795,1419,2025-02-19,2025-02,139,East,Consumer,Online,Chair,Furniture,5,5,0,85000,4250,55000,80750,25750
2796,1419,2025-02-19,2025-02,139,East,Consumer,Online,Notebook pack,Office Supplies,2,0,0,3600,0,1400,3600,2200
2797,1420,2025-08-05,2025-08,180,Central,Business,Online,Desk,Furniture,2,0,0,56000,0,38000,56000,18000
2798,1420,2025-08-05,2025-08,180,Central,Business,Online,Keyboard,Technology,5,0,0,32500,0,16000,32500,16500
2799,1420,2025-08-05,2025-08,180,Central,Business,Online,Chair,Furniture,1,10,0,17000,1700,11000,15300,4300
2800,1421,2024-07-11,2024-07,127,South,Business,Online,Keyboard,Technology,2,15,0,13000,1950,6400,11050,4650
2801,1422,2024-07-16,2024-07,136,East,Business,Store,Chair,Furniture,5,25,0,85000,21250,55000,63750,8750
2802,1422,2024-07-16,2024-07,136,East,Business,Store,Keyboard,Technology,3,5,0,19500,975,9600,18525,8925
2803,1423,2024-05-07,2024-05,181,South,Consumer,Store,Storage box,Office Supplies,4,0,0,10400,0,4800,10400,5600
2804,1423,2024-05-07,2024-05,181,South,Consumer,Store,Notebook pack,Office Supplies,4,15,0,7200,1080,2800,6120,3320
2805,1424,2024-09-16,2024-09,177,Central,Consumer,Online,Chair,Furniture,2,0,0,34000,0,22000,34000,12000
2806,1424,2024-09-16,2024-09,177,Central,Consumer,Online,Notebook pack,Office Supplies,2,0,0,3600,0,1400,3600,2200
2807,1424,2024-09-16,2024-09,177,Central,Consumer,Online,Desk,Furniture,1,25,0,28000,7000,19000,21000,2000
2808,1425,2024-08-11,2024-08,71,South,Consumer,Online,Desk,Furniture,1,25,0,28000,7000,19000,21000,2000
2809,1425,2024-08-11,2024-08,71,South,Consumer,Online,Chair,Furniture,2,35,0,34000,11900,22000,22100,100
2810,1425,2024-08-11,2024-08,71,South,Consumer,Online,Storage box,Office Supplies,1,5,0,2600,130,1200,2470,1270
2811,1426,2025-02-24,2025-02,97,South,Consumer,Store,Storage box,Office Supplies,2,0,0,5200,0,2400,5200,2800
2812,1426,2025-02-24,2025-02,97,South,Consumer,Store,Chair,Furniture,2,5,0,34000,1700,22000,32300,10300
2813,1427,2024-10-07,2024-10,112,Central,Consumer,Online,Desk,Furniture,4,0,0,112000,0,76000,112000,36000
2814,1427,2024-10-07,2024-10,112,Central,Consumer,Online,Keyboard,Technology,1,10,0,6500,650,3200,5850,2650
2815,1428,2024-07-27,2024-07,106,East,Consumer,Online,Chair,Furniture,3,0,0,51000,0,33000,51000,18000
2816,1428,2024-07-27,2024-07,106,East,Consumer,Online,Monitor,Technology,1,10,0,24000,2400,16000,21600,5600
2817,1429,2025-06-26,2025-06,17,Central,Business,Store,Monitor,Technology,4,0,0,96000,0,64000,96000,32000
2818,1429,2025-06-26,2025-06,17,Central,Business,Store,Chair,Furniture,3,35,0,51000,17850,33000,33150,150
2819,1430,2024-10-03,2024-10,42,Central,Consumer,Store,Keyboard,Technology,2,0,0,13000,0,6400,13000,6600
2820,1431,2025-10-22,2025-10,125,Central,Business,Store,Notebook pack,Office Supplies,5,0,0,9000,0,3500,9000,5500
2821,1432,2025-01-14,2025-01,134,Central,Consumer,Store,Desk,Furniture,4,0,0,112000,0,76000,112000,36000
2822,1432,2025-01-14,2025-01,134,Central,Consumer,Store,Monitor,Technology,1,0,0,24000,0,16000,24000,8000
2823,1432,2025-01-14,2025-01,134,Central,Consumer,Store,Notebook pack,Office Supplies,3,0,0,5400,0,2100,5400,3300
2824,1433,2025-11-15,2025-11,143,South,Business,Online,Keyboard,Technology,2,0,0,13000,0,6400,13000,6600
2825,1433,2025-11-15,2025-11,143,South,Business,Online,Notebook pack,Office Supplies,5,10,0,9000,900,3500,8100,4600
2826,1433,2025-11-15,2025-11,143,South,Business,Online,Desk,Furniture,1,35,0,28000,9800,19000,18200,-800
2827,1434,2024-04-21,2024-04,188,East,Business,Store,Keyboard,Technology,5,0,0,32500,0,16000,32500,16500
2828,1434,2024-04-21,2024-04,188,East,Business,Store,Monitor,Technology,5,15,0,120000,18000,80000,102000,22000
2829,1434,2024-04-21,2024-04,188,East,Business,Store,Notebook pack,Office Supplies,1,10,0,1800,180,700,1620,920
2830,1435,2024-07-19,2024-07,63,East,Consumer,Store,Monitor,Technology,3,10,0,72000,7200,48000,64800,16800
2831,1436,2025-06-29,2025-06,86,West,Business,Store,Keyboard,Technology,5,0,0,32500,0,16000,32500,16500
2832,1437,2024-04-15,2024-04,145,South,Business,Online,Keyboard,Technology,1,0,0,6500,0,3200,6500,3300
2833,1438,2025-07-01,2025-07,190,Central,Business,Online,Storage box,Office Supplies,5,10,0,13000,1300,6000,11700,5700
2834,1439,2024-08-14,2024-08,189,Central,Business,Online,Monitor,Technology,1,0,0,24000,0,16000,24000,8000
2835,1440,2025-08-24,2025-08,105,West,Business,Online,Storage box,Office Supplies,4,0,0,10400,0,4800,10400,5600
2836,1440,2025-08-24,2025-08,105,West,Business,Online,Notebook pack,Office Supplies,2,15,0,3600,540,1400,3060,1660
2837,1441,2024-09-13,2024-09,154,West,Consumer,Online,Keyboard,Technology,3,15,0,19500,2925,9600,16575,6975
2838,1442,2025-12-13,2025-12,187,Central,Business,Online,Chair,Furniture,3,0,0,51000,0,33000,51000,18000
2839,1442,2025-12-13,2025-12,187,Central,Business,Online,Keyboard,Technology,5,0,0,32500,0,16000,32500,16500
2840,1443,2024-10-11,2024-10,1,East,Consumer,Store,Monitor,Technology,5,0,1,120000,0,0,0,0
2841,1443,2024-10-11,2024-10,1,East,Consumer,Store,Storage box,Office Supplies,1,15,1,2600,390,0,0,0
2842,1443,2024-10-11,2024-10,1,East,Consumer,Store,Keyboard,Technology,3,0,0,19500,0,9600,19500,9900
2843,1444,2024-06-09,2024-06,60,West,Business,Online,Chair,Furniture,2,0,0,34000,0,22000,34000,12000
2844,1444,2024-06-09,2024-06,60,West,Business,Online,Storage box,Office Supplies,1,10,0,2600,260,1200,2340,1140
2845,1444,2024-06-09,2024-06,60,West,Business,Online,Notebook pack,Office Supplies,2,0,0,3600,0,1400,3600,2200
2846,1445,2024-07-28,2024-07,94,East,Consumer,Store,Keyboard,Technology,2,10,0,13000,1300,6400,11700,5300
2847,1445,2024-07-28,2024-07,94,East,Consumer,Store,Chair,Furniture,2,15,1,34000,5100,0,0,0
2848,1445,2024-07-28,2024-07,94,East,Consumer,Store,Desk,Furniture,2,25,0,56000,14000,38000,42000,4000
2849,1446,2024-06-10,2024-06,55,Central,Business,Online,Keyboard,Technology,1,10,0,6500,650,3200,5850,2650
2850,1447,2024-06-19,2024-06,69,West,Business,Store,Chair,Furniture,5,5,0,85000,4250,55000,80750,25750
2851,1447,2024-06-19,2024-06,69,West,Business,Store,Notebook pack,Office Supplies,4,0,0,7200,0,2800,7200,4400
2852,1448,2025-03-31,2025-03,72,West,Business,Store,Notebook pack,Office Supplies,1,0,0,1800,0,700,1800,1100
2853,1448,2025-03-31,2025-03,72,West,Business,Store,Chair,Furniture,4,35,0,68000,23800,44000,44200,200
2854,1449,2025-08-18,2025-08,30,Central,Consumer,Online,Chair,Furniture,5,0,0,85000,0,55000,85000,30000
2855,1450,2025-02-08,2025-02,167,South,Consumer,Online,Notebook pack,Office Supplies,2,15,0,3600,540,1400,3060,1660
2856,1451,2024-05-09,2024-05,62,Central,Business,Online,Notebook pack,Office Supplies,2,15,0,3600,540,1400,3060,1660
2857,1451,2024-05-09,2024-05,62,Central,Business,Online,Storage box,Office Supplies,3,15,0,7800,1170,3600,6630,3030
2858,1451,2024-05-09,2024-05,62,Central,Business,Online,Desk,Furniture,3,10,0,84000,8400,57000,75600,18600
2859,1452,2024-05-19,2024-05,46,West,Business,Online,Keyboard,Technology,2,0,0,13000,0,6400,13000,6600
2860,1452,2024-05-19,2024-05,46,West,Business,Online,Chair,Furniture,1,0,0,17000,0,11000,17000,6000
2861,1453,2024-03-14,2024-03,109,South,Business,Online,Monitor,Technology,3,5,1,72000,3600,0,0,0
2862,1453,2024-03-14,2024-03,109,South,Business,Online,Keyboard,Technology,1,0,0,6500,0,3200,6500,3300
2863,1453,2024-03-14,2024-03,109,South,Business,Online,Chair,Furniture,1,0,0,17000,0,11000,17000,6000
2864,1454,2024-06-17,2024-06,194,Central,Business,Online,Storage box,Office Supplies,2,10,0,5200,520,2400,4680,2280
2865,1455,2024-04-10,2024-04,113,East,Consumer,Store,Storage box,Office Supplies,5,0,0,13000,0,6000,13000,7000
2866,1456,2024-12-27,2024-12,81,East,Consumer,Store,Desk,Furniture,3,10,0,84000,8400,57000,75600,18600
2867,1456,2024-12-27,2024-12,81,East,Consumer,Store,Notebook pack,Office Supplies,5,0,0,9000,0,3500,9000,5500
2868,1456,2024-12-27,2024-12,81,East,Consumer,Store,Monitor,Technology,5,15,0,120000,18000,80000,102000,22000
2869,1457,2025-05-17,2025-05,134,Central,Consumer,Online,Chair,Furniture,3,0,0,51000,0,33000,51000,18000
2870,1458,2025-04-25,2025-04,11,East,Consumer,Store,Desk,Furniture,5,0,1,140000,0,0,0,0
2871,1458,2025-04-25,2025-04,11,East,Consumer,Store,Storage box,Office Supplies,3,0,0,7800,0,3600,7800,4200
2872,1459,2025-10-13,2025-10,88,East,Consumer,Online,Storage box,Office Supplies,3,15,0,7800,1170,3600,6630,3030
2873,1459,2025-10-13,2025-10,88,East,Consumer,Online,Notebook pack,Office Supplies,4,15,0,7200,1080,2800,6120,3320
2874,1460,2025-02-26,2025-02,39,Central,Consumer,Store,Chair,Furniture,1,15,0,17000,2550,11000,14450,3450
2875,1460,2025-02-26,2025-02,39,Central,Consumer,Store,Monitor,Technology,2,15,0,48000,7200,32000,40800,8800
2876,1460,2025-02-26,2025-02,39,Central,Consumer,Store,Notebook pack,Office Supplies,1,15,0,1800,270,700,1530,830
2877,1461,2025-10-02,2025-10,121,East,Consumer,Online,Chair,Furniture,4,35,0,68000,23800,44000,44200,200
2878,1461,2025-10-02,2025-10,121,East,Consumer,Online,Storage box,Office Supplies,1,15,0,2600,390,1200,2210,1010
2879,1462,2025-06-22,2025-06,48,East,Consumer,Online,Desk,Furniture,3,0,0,84000,0,57000,84000,27000
2880,1463,2025-02-05,2025-02,65,West,Consumer,Online,Notebook pack,Office Supplies,3,0,0,5400,0,2100,5400,3300
2881,1463,2025-02-05,2025-02,65,West,Consumer,Online,Desk,Furniture,4,35,0,112000,39200,76000,72800,-3200
2882,1463,2025-02-05,2025-02,65,West,Consumer,Online,Monitor,Technology,2,15,0,48000,7200,32000,40800,8800
2883,1464,2024-07-11,2024-07,136,East,Business,Online,Monitor,Technology,2,0,0,48000,0,32000,48000,16000
2884,1464,2024-07-11,2024-07,136,East,Business,Online,Chair,Furniture,4,10,0,68000,6800,44000,61200,17200
2885,1465,2025-06-18,2025-06,147,Central,Consumer,Store,Monitor,Technology,1,0,0,24000,0,16000,24000,8000
2886,1465,2025-06-18,2025-06,147,Central,Consumer,Store,Chair,Furniture,2,15,0,34000,5100,22000,28900,6900
2887,1466,2025-06-25,2025-06,111,West,Consumer,Online,Monitor,Technology,3,0,0,72000,0,48000,72000,24000
2888,1467,2024-02-11,2024-02,100,South,Consumer,Store,Keyboard,Technology,3,5,0,19500,975,9600,18525,8925
2889,1467,2024-02-11,2024-02,100,South,Consumer,Store,Chair,Furniture,1,0,0,17000,0,11000,17000,6000
2890,1467,2024-02-11,2024-02,100,South,Consumer,Store,Monitor,Technology,2,5,0,48000,2400,32000,45600,13600
2891,1468,2025-11-30,2025-11,48,East,Consumer,Store,Storage box,Office Supplies,1,0,0,2600,0,1200,2600,1400
2892,1469,2024-11-11,2024-11,106,East,Consumer,Store,Notebook pack,Office Supplies,5,15,0,9000,1350,3500,7650,4150
2893,1469,2024-11-11,2024-11,106,East,Consumer,Store,Storage box,Office Supplies,1,0,0,2600,0,1200,2600,1400
2894,1470,2025-01-12,2025-01,62,Central,Business,Online,Monitor,Technology,4,15,0,96000,14400,64000,81600,17600
2895,1470,2025-01-12,2025-01,62,Central,Business,Online,Chair,Furniture,1,15,1,17000,2550,0,0,0
2896,1471,2025-12-04,2025-12,164,West,Business,Online,Chair,Furniture,2,5,0,34000,1700,22000,32300,10300
2897,1471,2025-12-04,2025-12,164,West,Business,Online,Storage box,Office Supplies,3,0,0,7800,0,3600,7800,4200
2898,1472,2024-09-20,2024-09,151,East,Consumer,Store,Desk,Furniture,2,0,0,56000,0,38000,56000,18000
2899,1472,2024-09-20,2024-09,151,East,Consumer,Store,Keyboard,Technology,5,10,0,32500,3250,16000,29250,13250
2900,1472,2024-09-20,2024-09,151,East,Consumer,Store,Chair,Furniture,1,0,0,17000,0,11000,17000,6000
2901,1473,2024-07-22,2024-07,62,Central,Business,Online,Storage box,Office Supplies,2,0,0,5200,0,2400,5200,2800
2902,1473,2024-07-22,2024-07,62,Central,Business,Online,Chair,Furniture,3,5,1,51000,2550,0,0,0
2903,1473,2024-07-22,2024-07,62,Central,Business,Online,Keyboard,Technology,4,0,0,26000,0,12800,26000,13200
2904,1474,2024-03-26,2024-03,193,South,Consumer,Store,Keyboard,Technology,4,15,0,26000,3900,12800,22100,9300
2905,1474,2024-03-26,2024-03,193,South,Consumer,Store,Desk,Furniture,5,0,1,140000,0,0,0,0
2906,1475,2024-07-08,2024-07,54,Central,Consumer,Online,Notebook pack,Office Supplies,1,5,0,1800,90,700,1710,1010
2907,1476,2024-04-24,2024-04,141,West,Business,Online,Notebook pack,Office Supplies,4,5,0,7200,360,2800,6840,4040
2908,1476,2024-04-24,2024-04,141,West,Business,Online,Desk,Furniture,4,10,0,112000,11200,76000,100800,24800
2909,1476,2024-04-24,2024-04,141,West,Business,Online,Chair,Furniture,5,0,0,85000,0,55000,85000,30000
2910,1477,2025-03-01,2025-03,1,East,Consumer,Online,Monitor,Technology,3,0,0,72000,0,48000,72000,24000
2911,1477,2025-03-01,2025-03,1,East,Consumer,Online,Notebook pack,Office Supplies,1,5,0,1800,90,700,1710,1010
2912,1478,2024-05-06,2024-05,135,South,Business,Store,Notebook pack,Office Supplies,3,0,0,5400,0,2100,5400,3300
2913,1479,2025-06-26,2025-06,123,Central,Consumer,Store,Notebook pack,Office Supplies,2,10,0,3600,360,1400,3240,1840
2914,1480,2024-06-10,2024-06,56,West,Business,Online,Chair,Furniture,4,10,0,68000,6800,44000,61200,17200
2915,1481,2025-03-04,2025-03,20,South,Consumer,Online,Desk,Furniture,2,25,0,56000,14000,38000,42000,4000
2916,1481,2025-03-04,2025-03,20,South,Consumer,Online,Monitor,Technology,1,5,0,24000,1200,16000,22800,6800
2917,1482,2024-12-11,2024-12,61,West,Consumer,Store,Keyboard,Technology,1,15,0,6500,975,3200,5525,2325
2918,1482,2024-12-11,2024-12,61,West,Consumer,Store,Storage box,Office Supplies,1,0,0,2600,0,1200,2600,1400
2919,1483,2024-01-19,2024-01,11,East,Consumer,Online,Notebook pack,Office Supplies,2,5,0,3600,180,1400,3420,2020
2920,1484,2025-09-14,2025-09,23,East,Consumer,Online,Chair,Furniture,1,15,0,17000,2550,11000,14450,3450
2921,1484,2025-09-14,2025-09,23,East,Consumer,Online,Keyboard,Technology,2,0,0,13000,0,6400,13000,6600
2922,1485,2024-08-11,2024-08,66,West,Consumer,Store,Desk,Furniture,5,0,0,140000,0,95000,140000,45000
2923,1485,2024-08-11,2024-08,66,West,Consumer,Store,Keyboard,Technology,1,10,0,6500,650,3200,5850,2650
2924,1486,2025-05-11,2025-05,109,South,Business,Online,Chair,Furniture,3,0,0,51000,0,33000,51000,18000
2925,1486,2025-05-11,2025-05,109,South,Business,Online,Notebook pack,Office Supplies,3,15,1,5400,810,0,0,0
2926,1486,2025-05-11,2025-05,109,South,Business,Online,Monitor,Technology,5,10,0,120000,12000,80000,108000,28000
2927,1487,2024-12-16,2024-12,77,Central,Consumer,Online,Storage box,Office Supplies,5,0,0,13000,0,6000,13000,7000
2928,1487,2024-12-16,2024-12,77,Central,Consumer,Online,Notebook pack,Office Supplies,2,0,0,3600,0,1400,3600,2200
2929,1488,2025-09-21,2025-09,186,South,Consumer,Online,Desk,Furniture,3,35,0,84000,29400,57000,54600,-2400
2930,1489,2024-01-19,2024-01,156,East,Business,Online,Monitor,Technology,3,5,0,72000,3600,48000,68400,20400
2931,1489,2024-01-19,2024-01,156,East,Business,Online,Notebook pack,Office Supplies,1,10,0,1800,180,700,1620,920
2932,1489,2024-01-19,2024-01,156,East,Business,Online,Desk,Furniture,5,0,0,140000,0,95000,140000,45000
2933,1490,2025-09-04,2025-09,181,South,Consumer,Store,Notebook pack,Office Supplies,5,15,0,9000,1350,3500,7650,4150
2934,1490,2025-09-04,2025-09,181,South,Consumer,Store,Keyboard,Technology,4,0,0,26000,0,12800,26000,13200
2935,1490,2025-09-04,2025-09,181,South,Consumer,Store,Monitor,Technology,3,0,0,72000,0,48000,72000,24000
2936,1491,2025-01-09,2025-01,149,South,Business,Store,Notebook pack,Office Supplies,3,15,0,5400,810,2100,4590,2490
2937,1491,2025-01-09,2025-01,149,South,Business,Store,Chair,Furniture,1,10,0,17000,1700,11000,15300,4300
2938,1491,2025-01-09,2025-01,149,South,Business,Store,Storage box,Office Supplies,2,0,0,5200,0,2400,5200,2800
2939,1492,2024-04-20,2024-04,48,East,Consumer,Online,Chair,Furniture,4,0,0,68000,0,44000,68000,24000
2940,1492,2024-04-20,2024-04,48,East,Consumer,Online,Keyboard,Technology,1,15,0,6500,975,3200,5525,2325
2941,1493,2025-02-11,2025-02,164,West,Business,Online,Keyboard,Technology,4,0,0,26000,0,12800,26000,13200
2942,1493,2025-02-11,2025-02,164,West,Business,Online,Desk,Furniture,3,5,0,84000,4200,57000,79800,22800
2943,1494,2024-08-13,2024-08,84,South,Consumer,Store,Chair,Furniture,5,0,0,85000,0,55000,85000,30000
2944,1494,2024-08-13,2024-08,84,South,Consumer,Store,Notebook pack,Office Supplies,3,0,0,5400,0,2100,5400,3300
2945,1494,2024-08-13,2024-08,84,South,Consumer,Store,Storage box,Office Supplies,4,0,0,10400,0,4800,10400,5600
2946,1495,2025-12-12,2025-12,145,South,Business,Store,Desk,Furniture,2,25,0,56000,14000,38000,42000,4000
2947,1495,2025-12-12,2025-12,145,South,Business,Store,Notebook pack,Office Supplies,3,15,0,5400,810,2100,4590,2490
2948,1496,2025-03-20,2025-03,170,West,Consumer,Store,Notebook pack,Office Supplies,4,15,0,7200,1080,2800,6120,3320
2949,1497,2025-02-20,2025-02,162,East,Consumer,Online,Desk,Furniture,5,35,0,140000,49000,95000,91000,-4000
2950,1498,2024-04-10,2024-04,173,Central,Consumer,Online,Notebook pack,Office Supplies,3,15,0,5400,810,2100,4590,2490
2951,1499,2024-05-03,2024-05,65,West,Consumer,Online,Keyboard,Technology,2,0,0,13000,0,6400,13000,6600
2952,1499,2024-05-03,2024-05,65,West,Consumer,Online,Notebook pack,Office Supplies,3,15,0,5400,810,2100,4590,2490
2953,1500,2024-02-11,2024-02,8,East,Consumer,Online,Chair,Furniture,1,25,0,17000,4250,11000,12750,1750
2954,1500,2024-02-11,2024-02,8,East,Consumer,Online,Desk,Furniture,4,0,0,112000,0,76000,112000,36000
2955,1501,2024-04-29,2024-04,196,Central,Consumer,Store,Chair,Furniture,2,15,0,34000,5100,22000,28900,6900
2956,1501,2024-04-29,2024-04,196,Central,Consumer,Store,Desk,Furniture,1,0,0,28000,0,19000,28000,9000
2957,1501,2024-04-29,2024-04,196,Central,Consumer,Store,Notebook pack,Office Supplies,4,15,1,7200,1080,0,0,0
2958,1502,2025-10-25,2025-10,72,West,Business,Online,Storage box,Office Supplies,1,5,1,2600,130,0,0,0
2959,1502,2025-10-25,2025-10,72,West,Business,Online,Notebook pack,Office Supplies,4,0,0,7200,0,2800,7200,4400
2960,1503,2025-06-18,2025-06,51,South,Business,Store,Keyboard,Technology,3,0,0,19500,0,9600,19500,9900
2961,1503,2025-06-18,2025-06,51,South,Business,Store,Chair,Furniture,3,0,0,51000,0,33000,51000,18000
2962,1503,2025-06-18,2025-06,51,South,Business,Store,Desk,Furniture,4,35,0,112000,39200,76000,72800,-3200
2963,1504,2025-02-04,2025-02,42,Central,Consumer,Online,Keyboard,Technology,4,0,0,26000,0,12800,26000,13200
2964,1504,2025-02-04,2025-02,42,Central,Consumer,Online,Chair,Furniture,3,0,0,51000,0,33000,51000,18000
2965,1504,2025-02-04,2025-02,42,Central,Consumer,Online,Storage box,Office Supplies,1,10,0,2600,260,1200,2340,1140
2966,1505,2025-04-30,2025-04,99,West,Consumer,Online,Notebook pack,Office Supplies,5,0,0,9000,0,3500,9000,5500
2967,1506,2024-09-26,2024-09,6,East,Consumer,Store,Storage box,Office Supplies,1,0,0,2600,0,1200,2600,1400
2968,1506,2024-09-26,2024-09,6,East,Consumer,Store,Notebook pack,Office Supplies,4,0,0,7200,0,2800,7200,4400
2969,1506,2024-09-26,2024-09,6,East,Consumer,Store,Monitor,Technology,2,5,0,48000,2400,32000,45600,13600
2970,1507,2024-06-24,2024-06,52,Central,Consumer,Store,Desk,Furniture,5,0,0,140000,0,95000,140000,45000
2971,1507,2024-06-24,2024-06,52,Central,Consumer,Store,Keyboard,Technology,2,0,0,13000,0,6400,13000,6600
2972,1508,2024-03-21,2024-03,155,Central,Business,Online,Keyboard,Technology,1,0,0,6500,0,3200,6500,3300
2973,1509,2024-08-31,2024-08,132,Central,Consumer,Store,Keyboard,Technology,4,15,0,26000,3900,12800,22100,9300
2974,1510,2024-12-19,2024-12,97,South,Consumer,Online,Chair,Furniture,4,0,0,68000,0,44000,68000,24000
2975,1511,2025-07-12,2025-07,76,West,Consumer,Store,Notebook pack,Office Supplies,2,15,0,3600,540,1400,3060,1660
2976,1511,2025-07-12,2025-07,76,West,Consumer,Store,Desk,Furniture,2,25,0,56000,14000,38000,42000,4000
2977,1512,2024-02-14,2024-02,25,West,Consumer,Store,Monitor,Technology,2,10,0,48000,4800,32000,43200,11200
2978,1512,2024-02-14,2024-02,25,West,Consumer,Store,Desk,Furniture,3,0,0,84000,0,57000,84000,27000
2979,1513,2025-07-01,2025-07,28,West,Business,Online,Storage box,Office Supplies,5,0,0,13000,0,6000,13000,7000
2980,1513,2025-07-01,2025-07,28,West,Business,Online,Keyboard,Technology,1,0,0,6500,0,3200,6500,3300
2981,1514,2025-10-16,2025-10,24,Central,Consumer,Store,Notebook pack,Office Supplies,2,5,0,3600,180,1400,3420,2020
2982,1514,2025-10-16,2025-10,24,Central,Consumer,Store,Chair,Furniture,4,0,0,68000,0,44000,68000,24000
2983,1514,2025-10-16,2025-10,24,Central,Consumer,Store,Desk,Furniture,3,35,0,84000,29400,57000,54600,-2400
2984,1515,2025-12-04,2025-12,156,East,Business,Store,Keyboard,Technology,2,15,0,13000,1950,6400,11050,4650
2985,1516,2024-04-27,2024-04,132,Central,Consumer,Online,Storage box,Office Supplies,1,5,0,2600,130,1200,2470,1270
2986,1516,2024-04-27,2024-04,132,Central,Consumer,Online,Monitor,Technology,4,0,0,96000,0,64000,96000,32000
2987,1516,2024-04-27,2024-04,132,Central,Consumer,Online,Keyboard,Technology,5,15,0,32500,4875,16000,27625,11625
2988,1517,2025-03-14,2025-03,104,South,Business,Online,Keyboard,Technology,4,10,0,26000,2600,12800,23400,10600
2989,1517,2025-03-14,2025-03,104,South,Business,Online,Desk,Furniture,4,0,0,112000,0,76000,112000,36000
2990,1518,2024-01-16,2024-01,94,East,Consumer,Online,Notebook pack,Office Supplies,1,0,0,1800,0,700,1800,1100
2991,1518,2024-01-16,2024-01,94,East,Consumer,Online,Chair,Furniture,3,15,0,51000,7650,33000,43350,10350
2992,1519,2024-03-29,2024-03,101,East,Consumer,Store,Monitor,Technology,5,10,0,120000,12000,80000,108000,28000
2993,1520,2025-12-04,2025-12,68,East,Consumer,Store,Chair,Furniture,1,0,0,17000,0,11000,17000,6000
2994,1520,2025-12-04,2025-12,68,East,Consumer,Store,Desk,Furniture,4,35,0,112000,39200,76000,72800,-3200
2995,1520,2025-12-04,2025-12,68,East,Consumer,Store,Storage box,Office Supplies,1,15,0,2600,390,1200,2210,1010
2996,1521,2025-11-29,2025-11,69,West,Business,Online,Notebook pack,Office Supplies,5,5,0,9000,450,3500,8550,5050
2997,1521,2025-11-29,2025-11,69,West,Business,Online,Storage box,Office Supplies,1,0,0,2600,0,1200,2600,1400
2998,1522,2024-02-08,2024-02,85,West,Business,Online,Storage box,Office Supplies,5,5,0,13000,650,6000,12350,6350
2999,1522,2024-02-08,2024-02,85,West,Business,Online,Chair,Furniture,3,0,0,51000,0,33000,51000,18000
3000,1522,2024-02-08,2024-02,85,West,Business,Online,Keyboard,Technology,5,5,0,32500,1625,16000,30875,14875
3001,1523,2025-09-16,2025-09,132,Central,Consumer,Online,Desk,Furniture,4,35,0,112000,39200,76000,72800,-3200
3002,1523,2025-09-16,2025-09,132,Central,Consumer,Online,Monitor,Technology,1,10,0,24000,2400,16000,21600,5600
3003,1523,2025-09-16,2025-09,132,Central,Consumer,Online,Notebook pack,Office Supplies,2,0,0,3600,0,1400,3600,2200
3004,1524,2025-02-15,2025-02,115,East,Business,Store,Chair,Furniture,2,0,0,34000,0,22000,34000,12000
3005,1524,2025-02-15,2025-02,115,East,Business,Store,Notebook pack,Office Supplies,4,5,0,7200,360,2800,6840,4040
3006,1525,2024-03-20,2024-03,158,East,Business,Online,Storage box,Office Supplies,5,15,0,13000,1950,6000,11050,5050
3007,1525,2024-03-20,2024-03,158,East,Business,Online,Keyboard,Technology,5,0,0,32500,0,16000,32500,16500
3008,1525,2024-03-20,2024-03,158,East,Business,Online,Notebook pack,Office Supplies,5,10,0,9000,900,3500,8100,4600
3009,1526,2024-06-06,2024-06,34,West,Business,Store,Notebook pack,Office Supplies,1,15,0,1800,270,700,1530,830
3010,1526,2024-06-06,2024-06,34,West,Business,Store,Chair,Furniture,5,0,0,85000,0,55000,85000,30000
3011,1526,2024-06-06,2024-06,34,West,Business,Store,Keyboard,Technology,2,0,0,13000,0,6400,13000,6600
3012,1527,2025-12-13,2025-12,69,West,Business,Online,Monitor,Technology,5,5,0,120000,6000,80000,114000,34000
3013,1527,2025-12-13,2025-12,69,West,Business,Online,Keyboard,Technology,5,0,1,32500,0,0,0,0
3014,1527,2025-12-13,2025-12,69,West,Business,Online,Notebook pack,Office Supplies,1,0,0,1800,0,700,1800,1100
3015,1528,2025-07-08,2025-07,46,West,Business,Store,Monitor,Technology,2,15,0,48000,7200,32000,40800,8800
3016,1528,2025-07-08,2025-07,46,West,Business,Store,Storage box,Office Supplies,5,10,0,13000,1300,6000,11700,5700
3017,1529,2024-12-27,2024-12,157,West,Consumer,Store,Storage box,Office Supplies,2,0,0,5200,0,2400,5200,2800
3018,1530,2025-08-12,2025-08,69,West,Business,Store,Chair,Furniture,5,0,0,85000,0,55000,85000,30000
3019,1531,2024-06-17,2024-06,67,East,Business,Online,Storage box,Office Supplies,5,5,0,13000,650,6000,12350,6350
3020,1531,2024-06-17,2024-06,67,East,Business,Online,Monitor,Technology,4,0,0,96000,0,64000,96000,32000
3021,1531,2024-06-17,2024-06,67,East,Business,Online,Chair,Furniture,3,25,0,51000,12750,33000,38250,5250
3022,1532,2025-08-12,2025-08,44,South,Business,Store,Chair,Furniture,5,15,0,85000,12750,55000,72250,17250
3023,1532,2025-08-12,2025-08,44,South,Business,Store,Storage box,Office Supplies,5,0,0,13000,0,6000,13000,7000
3024,1532,2025-08-12,2025-08,44,South,Business,Store,Monitor,Technology,4,5,0,96000,4800,64000,91200,27200
3025,1533,2025-10-23,2025-10,126,West,Business,Store,Notebook pack,Office Supplies,1,15,0,1800,270,700,1530,830
3026,1533,2025-10-23,2025-10,126,West,Business,Store,Monitor,Technology,4,5,0,96000,4800,64000,91200,27200
3027,1534,2024-08-17,2024-08,2,Central,Consumer,Online,Storage box,Office Supplies,1,15,0,2600,390,1200,2210,1010
3028,1534,2024-08-17,2024-08,2,Central,Consumer,Online,Notebook pack,Office Supplies,1,0,0,1800,0,700,1800,1100
3029,1535,2025-09-05,2025-09,124,Central,Consumer,Online,Chair,Furniture,5,15,0,85000,12750,55000,72250,17250
3030,1536,2024-10-02,2024-10,10,South,Business,Online,Chair,Furniture,3,0,0,51000,0,33000,51000,18000
3031,1536,2024-10-02,2024-10,10,South,Business,Online,Keyboard,Technology,4,0,0,26000,0,12800,26000,13200
3032,1537,2024-12-01,2024-12,52,Central,Consumer,Online,Storage box,Office Supplies,2,5,0,5200,260,2400,4940,2540
3033,1538,2024-08-07,2024-08,108,South,Business,Store,Notebook pack,Office Supplies,4,10,0,7200,720,2800,6480,3680
3034,1538,2024-08-07,2024-08,108,South,Business,Store,Desk,Furniture,1,0,0,28000,0,19000,28000,9000
3035,1538,2024-08-07,2024-08,108,South,Business,Store,Chair,Furniture,3,0,0,51000,0,33000,51000,18000
3036,1539,2025-10-20,2025-10,28,West,Business,Store,Desk,Furniture,3,0,0,84000,0,57000,84000,27000
3037,1540,2025-09-22,2025-09,136,East,Business,Online,Notebook pack,Office Supplies,5,0,0,9000,0,3500,9000,5500
3038,1540,2025-09-22,2025-09,136,East,Business,Online,Storage box,Office Supplies,2,10,1,5200,520,0,0,0
3039,1540,2025-09-22,2025-09,136,East,Business,Online,Keyboard,Technology,3,0,0,19500,0,9600,19500,9900
3040,1541,2025-06-10,2025-06,135,South,Business,Store,Chair,Furniture,3,25,0,51000,12750,33000,38250,5250
3041,1541,2025-06-10,2025-06,135,South,Business,Store,Storage box,Office Supplies,3,15,0,7800,1170,3600,6630,3030
3042,1542,2025-04-05,2025-04,138,Central,Consumer,Store,Monitor,Technology,2,10,0,48000,4800,32000,43200,11200
3043,1542,2025-04-05,2025-04,138,Central,Consumer,Store,Chair,Furniture,5,15,0,85000,12750,55000,72250,17250
3044,1543,2025-11-16,2025-11,72,West,Business,Store,Notebook pack,Office Supplies,3,15,0,5400,810,2100,4590,2490
3045,1543,2025-11-16,2025-11,72,West,Business,Store,Keyboard,Technology,5,0,0,32500,0,16000,32500,16500
3046,1543,2025-11-16,2025-11,72,West,Business,Store,Monitor,Technology,5,0,0,120000,0,80000,120000,40000
3047,1544,2025-12-10,2025-12,110,South,Business,Store,Chair,Furniture,1,0,1,17000,0,0,0,0
3048,1545,2024-11-10,2024-11,96,South,Consumer,Online,Storage box,Office Supplies,2,0,0,5200,0,2400,5200,2800
3049,1545,2024-11-10,2024-11,96,South,Consumer,Online,Chair,Furniture,1,15,0,17000,2550,11000,14450,3450
3050,1545,2024-11-10,2024-11,96,South,Consumer,Online,Desk,Furniture,1,5,1,28000,1400,0,0,0
3051,1546,2024-12-14,2024-12,124,Central,Consumer,Online,Chair,Furniture,1,10,0,17000,1700,11000,15300,4300
3052,1546,2024-12-14,2024-12,124,Central,Consumer,Online,Keyboard,Technology,5,15,0,32500,4875,16000,27625,11625
3053,1546,2024-12-14,2024-12,124,Central,Consumer,Online,Storage box,Office Supplies,4,15,0,10400,1560,4800,8840,4040
3054,1547,2025-05-17,2025-05,37,South,Business,Store,Chair,Furniture,4,10,0,68000,6800,44000,61200,17200
3055,1547,2025-05-17,2025-05,37,South,Business,Store,Keyboard,Technology,2,0,0,13000,0,6400,13000,6600
3056,1547,2025-05-17,2025-05,37,South,Business,Store,Notebook pack,Office Supplies,5,0,0,9000,0,3500,9000,5500
3057,1548,2024-10-21,2024-10,54,Central,Consumer,Online,Chair,Furniture,2,5,0,34000,1700,22000,32300,10300
3058,1548,2024-10-21,2024-10,54,Central,Consumer,Online,Storage box,Office Supplies,2,0,0,5200,0,2400,5200,2800
3059,1548,2024-10-21,2024-10,54,Central,Consumer,Online,Desk,Furniture,1,10,0,28000,2800,19000,25200,6200
3060,1549,2024-03-01,2024-03,97,South,Consumer,Online,Notebook pack,Office Supplies,2,10,0,3600,360,1400,3240,1840
3061,1550,2024-06-12,2024-06,53,East,Business,Store,Desk,Furniture,2,35,0,56000,19600,38000,36400,-1600
3062,1550,2024-06-12,2024-06,53,East,Business,Store,Notebook pack,Office Supplies,1,10,0,1800,180,700,1620,920
3063,1551,2024-07-04,2024-07,90,South,Business,Store,Monitor,Technology,3,15,0,72000,10800,48000,61200,13200
3064,1551,2024-07-04,2024-07,90,South,Business,Store,Storage box,Office Supplies,4,0,0,10400,0,4800,10400,5600
3065,1552,2025-08-07,2025-08,9,South,Consumer,Store,Notebook pack,Office Supplies,1,15,0,1800,270,700,1530,830
3066,1553,2025-11-16,2025-11,190,Central,Business,Store,Storage box,Office Supplies,2,0,0,5200,0,2400,5200,2800
3067,1553,2025-11-16,2025-11,190,Central,Business,Store,Notebook pack,Office Supplies,5,0,0,9000,0,3500,9000,5500
3068,1554,2024-05-03,2024-05,166,South,Consumer,Store,Desk,Furniture,4,5,0,112000,5600,76000,106400,30400
3069,1555,2024-08-10,2024-08,145,South,Business,Online,Monitor,Technology,2,0,0,48000,0,32000,48000,16000
3070,1556,2025-08-03,2025-08,158,East,Business,Online,Keyboard,Technology,4,5,0,26000,1300,12800,24700,11900
3071,1556,2025-08-03,2025-08,158,East,Business,Online,Chair,Furniture,5,0,0,85000,0,55000,85000,30000
3072,1556,2025-08-03,2025-08,158,East,Business,Online,Desk,Furniture,2,0,0,56000,0,38000,56000,18000
3073,1557,2024-06-19,2024-06,84,South,Consumer,Store,Chair,Furniture,3,10,0,51000,5100,33000,45900,12900
3074,1557,2024-06-19,2024-06,84,South,Consumer,Store,Notebook pack,Office Supplies,1,10,0,1800,180,700,1620,920
3075,1557,2024-06-19,2024-06,84,South,Consumer,Store,Storage box,Office Supplies,4,10,0,10400,1040,4800,9360,4560
3076,1558,2025-02-06,2025-02,75,East,Consumer,Online,Notebook pack,Office Supplies,3,5,0,5400,270,2100,5130,3030
3077,1559,2025-08-14,2025-08,199,South,Consumer,Store,Storage box,Office Supplies,4,15,0,10400,1560,4800,8840,4040
3078,1559,2025-08-14,2025-08,199,South,Consumer,Store,Desk,Furniture,5,35,1,140000,49000,0,0,0
3079,1559,2025-08-14,2025-08,199,South,Consumer,Store,Chair,Furniture,5,0,0,85000,0,55000,85000,30000
3080,1560,2024-06-14,2024-06,15,East,Consumer,Store,Storage box,Office Supplies,5,10,0,13000,1300,6000,11700,5700
3081,1561,2025-05-24,2025-05,185,West,Business,Online,Keyboard,Technology,3,0,0,19500,0,9600,19500,9900
3082,1562,2025-07-25,2025-07,133,West,Business,Online,Chair,Furniture,1,0,0,17000,0,11000,17000,6000
3083,1563,2025-01-08,2025-01,102,East,Consumer,Online,Chair,Furniture,1,10,0,17000,1700,11000,15300,4300
3084,1563,2025-01-08,2025-01,102,East,Consumer,Online,Storage box,Office Supplies,4,15,0,10400,1560,4800,8840,4040
3085,1563,2025-01-08,2025-01,102,East,Consumer,Online,Desk,Furniture,4,35,0,112000,39200,76000,72800,-3200
3086,1564,2024-08-03,2024-08,178,Central,Consumer,Store,Notebook pack,Office Supplies,2,15,0,3600,540,1400,3060,1660
3087,1564,2024-08-03,2024-08,178,Central,Consumer,Store,Monitor,Technology,1,0,0,24000,0,16000,24000,8000
3088,1564,2024-08-03,2024-08,178,Central,Consumer,Store,Chair,Furniture,3,10,0,51000,5100,33000,45900,12900
3089,1565,2025-02-01,2025-02,166,South,Consumer,Online,Notebook pack,Office Supplies,4,0,0,7200,0,2800,7200,4400
3090,1565,2025-02-01,2025-02,166,South,Consumer,Online,Monitor,Technology,2,0,0,48000,0,32000,48000,16000
3091,1565,2025-02-01,2025-02,166,South,Consumer,Online,Desk,Furniture,5,0,1,140000,0,0,0,0
3092,1566,2024-06-01,2024-06,165,West,Consumer,Online,Notebook pack,Office Supplies,1,5,0,1800,90,700,1710,1010
3093,1566,2024-06-01,2024-06,165,West,Consumer,Online,Monitor,Technology,3,15,0,72000,10800,48000,61200,13200
3094,1566,2024-06-01,2024-06,165,West,Consumer,Online,Desk,Furniture,5,5,0,140000,7000,95000,133000,38000
3095,1567,2025-08-13,2025-08,107,South,Consumer,Store,Chair,Furniture,5,35,0,85000,29750,55000,55250,250
3096,1568,2024-04-27,2024-04,38,East,Consumer,Store,Storage box,Office Supplies,2,0,0,5200,0,2400,5200,2800
3097,1569,2024-06-10,2024-06,31,West,Consumer,Store,Keyboard,Technology,1,0,0,6500,0,3200,6500,3300
3098,1569,2024-06-10,2024-06,31,West,Consumer,Store,Chair,Furniture,1,0,0,17000,0,11000,17000,6000
3099,1570,2025-02-16,2025-02,27,South,Business,Online,Desk,Furniture,1,0,0,28000,0,19000,28000,9000
3100,1571,2024-12-17,2024-12,170,West,Consumer,Store,Chair,Furniture,5,5,1,85000,4250,0,0,0
3101,1572,2025-08-08,2025-08,50,East,Business,Store,Monitor,Technology,5,0,0,120000,0,80000,120000,40000
3102,1572,2025-08-08,2025-08,50,East,Business,Store,Chair,Furniture,4,10,0,68000,6800,44000,61200,17200
3103,1573,2024-04-16,2024-04,39,Central,Consumer,Store,Desk,Furniture,1,10,1,28000,2800,0,0,0
3104,1574,2025-07-25,2025-07,175,South,Business,Store,Notebook pack,Office Supplies,1,15,0,1800,270,700,1530,830
3105,1574,2025-07-25,2025-07,175,South,Business,Store,Chair,Furniture,2,0,0,34000,0,22000,34000,12000
3106,1574,2025-07-25,2025-07,175,South,Business,Store,Monitor,Technology,4,0,1,96000,0,0,0,0
3107,1575,2025-08-28,2025-08,50,East,Business,Store,Storage box,Office Supplies,1,0,0,2600,0,1200,2600,1400
3108,1575,2025-08-28,2025-08,50,East,Business,Store,Keyboard,Technology,2,15,0,13000,1950,6400,11050,4650
3109,1576,2024-05-11,2024-05,200,South,Consumer,Store,Desk,Furniture,2,35,0,56000,19600,38000,36400,-1600
3110,1577,2024-10-09,2024-10,49,West,Business,Store,Notebook pack,Office Supplies,5,5,0,9000,450,3500,8550,5050
3111,1577,2024-10-09,2024-10,49,West,Business,Store,Monitor,Technology,2,0,0,48000,0,32000,48000,16000
3112,1578,2024-09-22,2024-09,20,South,Consumer,Online,Chair,Furniture,4,0,0,68000,0,44000,68000,24000
3113,1579,2025-01-05,2025-01,158,East,Business,Online,Chair,Furniture,4,10,0,68000,6800,44000,61200,17200
3114,1579,2025-01-05,2025-01,158,East,Business,Online,Notebook pack,Office Supplies,5,15,0,9000,1350,3500,7650,4150
3115,1580,2024-03-28,2024-03,111,West,Consumer,Store,Desk,Furniture,2,0,0,56000,0,38000,56000,18000
3116,1580,2024-03-28,2024-03,111,West,Consumer,Store,Keyboard,Technology,5,0,0,32500,0,16000,32500,16500
3117,1580,2024-03-28,2024-03,111,West,Consumer,Store,Chair,Furniture,3,0,0,51000,0,33000,51000,18000
3118,1581,2025-12-01,2025-12,162,East,Consumer,Online,Storage box,Office Supplies,3,0,0,7800,0,3600,7800,4200
3119,1582,2024-05-07,2024-05,5,South,Consumer,Store,Keyboard,Technology,4,5,0,26000,1300,12800,24700,11900
3120,1582,2024-05-07,2024-05,5,South,Consumer,Store,Notebook pack,Office Supplies,3,15,0,5400,810,2100,4590,2490
3121,1583,2025-03-29,2025-03,152,East,Business,Store,Monitor,Technology,2,0,0,48000,0,32000,48000,16000
3122,1583,2025-03-29,2025-03,152,East,Business,Store,Keyboard,Technology,1,0,0,6500,0,3200,6500,3300
3123,1584,2024-09-14,2024-09,119,West,Business,Store,Desk,Furniture,1,0,0,28000,0,19000,28000,9000
3124,1585,2025-06-10,2025-06,32,West,Business,Online,Desk,Furniture,4,5,0,112000,5600,76000,106400,30400
3125,1586,2025-02-12,2025-02,71,South,Consumer,Online,Chair,Furniture,5,0,0,85000,0,55000,85000,30000
3126,1586,2025-02-12,2025-02,71,South,Consumer,Online,Keyboard,Technology,5,0,0,32500,0,16000,32500,16500
3127,1587,2025-11-17,2025-11,94,East,Consumer,Store,Chair,Furniture,5,0,0,85000,0,55000,85000,30000
3128,1588,2024-04-20,2024-04,88,East,Consumer,Online,Desk,Furniture,5,0,0,140000,0,95000,140000,45000
3129,1588,2024-04-20,2024-04,88,East,Consumer,Online,Chair,Furniture,1,5,1,17000,850,0,0,0
3130,1589,2025-12-30,2025-12,59,Central,Consumer,Store,Desk,Furniture,3,15,0,84000,12600,57000,71400,14400
3131,1590,2024-10-09,2024-10,126,West,Business,Store,Keyboard,Technology,2,0,0,13000,0,6400,13000,6600
3132,1591,2024-01-26,2024-01,5,South,Consumer,Store,Monitor,Technology,5,15,0,120000,18000,80000,102000,22000
3133,1592,2025-04-02,2025-04,110,South,Business,Store,Monitor,Technology,2,0,0,48000,0,32000,48000,16000
3134,1592,2025-04-02,2025-04,110,South,Business,Store,Keyboard,Technology,3,0,0,19500,0,9600,19500,9900
3135,1592,2025-04-02,2025-04,110,South,Business,Store,Desk,Furniture,2,25,0,56000,14000,38000,42000,4000
3136,1593,2025-03-26,2025-03,66,West,Consumer,Store,Keyboard,Technology,1,5,0,6500,325,3200,6175,2975
3137,1593,2025-03-26,2025-03,66,West,Consumer,Store,Chair,Furniture,5,5,0,85000,4250,55000,80750,25750
3138,1594,2025-12-17,2025-12,122,South,Business,Online,Desk,Furniture,3,25,0,84000,21000,57000,63000,6000
3139,1595,2024-04-12,2024-04,80,East,Consumer,Store,Notebook pack,Office Supplies,1,0,0,1800,0,700,1800,1100
3140,1595,2024-04-12,2024-04,80,East,Consumer,Store,Desk,Furniture,4,35,0,112000,39200,76000,72800,-3200
3141,1595,2024-04-12,2024-04,80,East,Consumer,Store,Storage box,Office Supplies,3,0,1,7800,0,0,0,0
3142,1596,2025-11-01,2025-11,68,East,Consumer,Online,Notebook pack,Office Supplies,5,0,0,9000,0,3500,9000,5500
3143,1596,2025-11-01,2025-11,68,East,Consumer,Online,Desk,Furniture,1,15,0,28000,4200,19000,23800,4800
3144,1596,2025-11-01,2025-11,68,East,Consumer,Online,Monitor,Technology,1,5,0,24000,1200,16000,22800,6800
3145,1597,2025-05-28,2025-05,10,South,Business,Store,Notebook pack,Office Supplies,5,15,0,9000,1350,3500,7650,4150
3146,1597,2025-05-28,2025-05,10,South,Business,Store,Keyboard,Technology,2,0,0,13000,0,6400,13000,6600
3147,1597,2025-05-28,2025-05,10,South,Business,Store,Storage box,Office Supplies,5,10,0,13000,1300,6000,11700,5700
3148,1598,2025-02-28,2025-02,98,Central,Business,Store,Keyboard,Technology,4,0,0,26000,0,12800,26000,13200
3149,1599,2025-05-11,2025-05,74,South,Business,Online,Keyboard,Technology,3,0,0,19500,0,9600,19500,9900
3150,1599,2025-05-11,2025-05,74,South,Business,Online,Notebook pack,Office Supplies,2,5,0,3600,180,1400,3420,2020
3151,1600,2024-08-03,2024-08,189,Central,Business,Store,Notebook pack,Office Supplies,1,0,0,1800,0,700,1800,1100
3152,1600,2024-08-03,2024-08,189,Central,Business,Store,Desk,Furniture,3,0,0,84000,0,57000,84000,27000
3153,1600,2024-08-03,2024-08,189,Central,Business,Store,Keyboard,Technology,2,0,0,13000,0,6400,13000,6600
3154,1601,2024-02-22,2024-02,132,Central,Consumer,Store,Chair,Furniture,4,0,0,68000,0,44000,68000,24000
3155,1601,2024-02-22,2024-02,132,Central,Consumer,Store,Desk,Furniture,1,10,0,28000,2800,19000,25200,6200
3156,1601,2024-02-22,2024-02,132,Central,Consumer,Store,Notebook pack,Office Supplies,5,0,0,9000,0,3500,9000,5500
3157,1602,2025-12-01,2025-12,180,Central,Business,Store,Desk,Furniture,1,35,0,28000,9800,19000,18200,-800
3158,1603,2025-07-04,2025-07,129,South,Consumer,Store,Notebook pack,Office Supplies,5,10,0,9000,900,3500,8100,4600
3159,1603,2025-07-04,2025-07,129,South,Consumer,Store,Desk,Furniture,3,0,0,84000,0,57000,84000,27000
3160,1603,2025-07-04,2025-07,129,South,Consumer,Store,Storage box,Office Supplies,1,10,0,2600,260,1200,2340,1140
3161,1604,2024-12-30,2024-12,134,Central,Consumer,Online,Keyboard,Technology,4,0,0,26000,0,12800,26000,13200
3162,1604,2024-12-30,2024-12,134,Central,Consumer,Online,Notebook pack,Office Supplies,1,0,0,1800,0,700,1800,1100
3163,1604,2024-12-30,2024-12,134,Central,Consumer,Online,Monitor,Technology,1,10,0,24000,2400,16000,21600,5600
3164,1605,2025-04-29,2025-04,171,East,Consumer,Online,Chair,Furniture,4,0,0,68000,0,44000,68000,24000
3165,1606,2025-02-16,2025-02,24,Central,Consumer,Online,Notebook pack,Office Supplies,4,15,0,7200,1080,2800,6120,3320
3166,1607,2024-06-18,2024-06,154,West,Consumer,Store,Notebook pack,Office Supplies,4,15,0,7200,1080,2800,6120,3320
3167,1607,2024-06-18,2024-06,154,West,Consumer,Store,Chair,Furniture,4,0,0,68000,0,44000,68000,24000
3168,1607,2024-06-18,2024-06,154,West,Consumer,Store,Keyboard,Technology,5,5,0,32500,1625,16000,30875,14875
3169,1608,2024-04-30,2024-04,67,East,Business,Online,Keyboard,Technology,4,0,0,26000,0,12800,26000,13200
3170,1608,2024-04-30,2024-04,67,East,Business,Online,Desk,Furniture,5,5,0,140000,7000,95000,133000,38000
3171,1608,2024-04-30,2024-04,67,East,Business,Online,Monitor,Technology,3,15,0,72000,10800,48000,61200,13200
3172,1609,2024-12-07,2024-12,186,South,Consumer,Store,Desk,Furniture,5,25,0,140000,35000,95000,105000,10000
3173,1609,2024-12-07,2024-12,186,South,Consumer,Store,Keyboard,Technology,1,15,0,6500,975,3200,5525,2325
3174,1610,2025-12-19,2025-12,164,West,Business,Store,Keyboard,Technology,3,15,0,19500,2925,9600,16575,6975
3175,1610,2025-12-19,2025-12,164,West,Business,Store,Storage box,Office Supplies,3,10,0,7800,780,3600,7020,3420
3176,1610,2025-12-19,2025-12,164,West,Business,Store,Chair,Furniture,2,0,0,34000,0,22000,34000,12000
3177,1611,2024-06-05,2024-06,144,East,Consumer,Store,Keyboard,Technology,2,0,0,13000,0,6400,13000,6600
3178,1612,2024-12-30,2024-12,149,South,Business,Online,Keyboard,Technology,1,15,0,6500,975,3200,5525,2325
3179,1612,2024-12-30,2024-12,149,South,Business,Online,Monitor,Technology,2,5,0,48000,2400,32000,45600,13600
3180,1612,2024-12-30,2024-12,149,South,Business,Online,Chair,Furniture,5,5,0,85000,4250,55000,80750,25750
3181,1613,2025-03-22,2025-03,36,East,Business,Store,Keyboard,Technology,5,10,0,32500,3250,16000,29250,13250
3182,1613,2025-03-22,2025-03,36,East,Business,Store,Chair,Furniture,1,25,1,17000,4250,0,0,0
3183,1614,2024-03-05,2024-03,23,East,Consumer,Store,Chair,Furniture,1,5,0,17000,850,11000,16150,5150
3184,1615,2025-09-06,2025-09,164,West,Business,Online,Storage box,Office Supplies,4,0,0,10400,0,4800,10400,5600
3185,1616,2025-05-01,2025-05,185,West,Business,Store,Monitor,Technology,2,0,1,48000,0,0,0,0
3186,1617,2024-09-17,2024-09,83,West,Business,Online,Monitor,Technology,2,5,0,48000,2400,32000,45600,13600
3187,1617,2024-09-17,2024-09,83,West,Business,Online,Desk,Furniture,3,10,0,84000,8400,57000,75600,18600
3188,1618,2024-09-25,2024-09,32,West,Business,Online,Monitor,Technology,2,5,0,48000,2400,32000,45600,13600
3189,1618,2024-09-25,2024-09,32,West,Business,Online,Desk,Furniture,5,25,0,140000,35000,95000,105000,10000
3190,1619,2024-03-05,2024-03,121,East,Consumer,Store,Desk,Furniture,3,0,0,84000,0,57000,84000,27000
3191,1619,2024-03-05,2024-03,121,East,Consumer,Store,Notebook pack,Office Supplies,1,10,0,1800,180,700,1620,920
3192,1619,2024-03-05,2024-03,121,East,Consumer,Store,Chair,Furniture,5,0,0,85000,0,55000,85000,30000
3193,1620,2024-03-22,2024-03,114,Central,Consumer,Store,Notebook pack,Office Supplies,2,5,0,3600,180,1400,3420,2020
3194,1620,2024-03-22,2024-03,114,Central,Consumer,Store,Desk,Furniture,4,25,0,112000,28000,76000,84000,8000
3195,1621,2025-07-13,2025-07,109,South,Business,Online,Notebook pack,Office Supplies,3,15,0,5400,810,2100,4590,2490
3196,1621,2025-07-13,2025-07,109,South,Business,Online,Keyboard,Technology,3,0,0,19500,0,9600,19500,9900
3197,1621,2025-07-13,2025-07,109,South,Business,Online,Storage box,Office Supplies,5,5,0,13000,650,6000,12350,6350
3198,1622,2025-11-06,2025-11,13,Central,Consumer,Online,Notebook pack,Office Supplies,2,15,0,3600,540,1400,3060,1660
3199,1623,2024-02-29,2024-02,176,East,Consumer,Store,Chair,Furniture,1,15,0,17000,2550,11000,14450,3450
3200,1623,2024-02-29,2024-02,176,East,Consumer,Store,Keyboard,Technology,4,0,0,26000,0,12800,26000,13200
3201,1624,2024-03-04,2024-03,59,Central,Consumer,Store,Keyboard,Technology,3,0,0,19500,0,9600,19500,9900
3202,1625,2025-12-27,2025-12,166,South,Consumer,Online,Notebook pack,Office Supplies,5,5,0,9000,450,3500,8550,5050
3203,1626,2025-09-05,2025-09,15,East,Consumer,Store,Desk,Furniture,1,10,0,28000,2800,19000,25200,6200
3204,1626,2025-09-05,2025-09,15,East,Consumer,Store,Storage box,Office Supplies,3,15,0,7800,1170,3600,6630,3030
3205,1627,2024-09-13,2024-09,46,West,Business,Online,Keyboard,Technology,3,15,0,19500,2925,9600,16575,6975
3206,1627,2024-09-13,2024-09,46,West,Business,Online,Storage box,Office Supplies,4,10,0,10400,1040,4800,9360,4560
3207,1628,2024-11-30,2024-11,112,Central,Consumer,Store,Desk,Furniture,3,15,0,84000,12600,57000,71400,14400
3208,1629,2025-01-07,2025-01,126,West,Business,Store,Notebook pack,Office Supplies,5,10,0,9000,900,3500,8100,4600
3209,1629,2025-01-07,2025-01,126,West,Business,Store,Desk,Furniture,3,15,0,84000,12600,57000,71400,14400
3210,1630,2024-07-15,2024-07,130,East,Consumer,Online,Chair,Furniture,3,10,0,51000,5100,33000,45900,12900
3211,1630,2024-07-15,2024-07,130,East,Consumer,Online,Storage box,Office Supplies,4,0,0,10400,0,4800,10400,5600
3212,1631,2024-07-07,2024-07,198,South,Business,Store,Storage box,Office Supplies,1,0,0,2600,0,1200,2600,1400
3213,1631,2024-07-07,2024-07,198,South,Business,Store,Monitor,Technology,3,15,0,72000,10800,48000,61200,13200
3214,1632,2024-08-22,2024-08,14,West,Business,Online,Storage box,Office Supplies,2,0,0,5200,0,2400,5200,2800
3215,1632,2024-08-22,2024-08,14,West,Business,Online,Keyboard,Technology,3,0,0,19500,0,9600,19500,9900
3216,1632,2024-08-22,2024-08,14,West,Business,Online,Chair,Furniture,4,25,0,68000,17000,44000,51000,7000
3217,1633,2025-05-04,2025-05,178,Central,Consumer,Store,Keyboard,Technology,3,15,0,19500,2925,9600,16575,6975
3218,1633,2025-05-04,2025-05,178,Central,Consumer,Store,Chair,Furniture,1,0,0,17000,0,11000,17000,6000
3219,1634,2024-10-14,2024-10,182,South,Consumer,Online,Monitor,Technology,5,5,0,120000,6000,80000,114000,34000
3220,1635,2025-06-13,2025-06,164,West,Business,Store,Desk,Furniture,5,0,0,140000,0,95000,140000,45000
3221,1636,2025-08-25,2025-08,133,West,Business,Store,Storage box,Office Supplies,5,0,0,13000,0,6000,13000,7000
3222,1636,2025-08-25,2025-08,133,West,Business,Store,Keyboard,Technology,1,0,0,6500,0,3200,6500,3300
3223,1637,2025-01-01,2025-01,114,Central,Consumer,Online,Keyboard,Technology,4,5,0,26000,1300,12800,24700,11900
3224,1637,2025-01-01,2025-01,114,Central,Consumer,Online,Chair,Furniture,4,0,0,68000,0,44000,68000,24000
3225,1638,2024-04-23,2024-04,43,West,Business,Online,Notebook pack,Office Supplies,3,0,0,5400,0,2100,5400,3300
3226,1639,2025-05-05,2025-05,88,East,Consumer,Online,Monitor,Technology,4,15,1,96000,14400,0,0,0
3227,1639,2025-05-05,2025-05,88,East,Consumer,Online,Notebook pack,Office Supplies,5,5,0,9000,450,3500,8550,5050
3228,1640,2025-10-12,2025-10,44,South,Business,Store,Notebook pack,Office Supplies,3,0,0,5400,0,2100,5400,3300
3229,1640,2025-10-12,2025-10,44,South,Business,Store,Chair,Furniture,5,5,0,85000,4250,55000,80750,25750
3230,1641,2024-09-16,2024-09,93,South,Business,Store,Desk,Furniture,4,10,0,112000,11200,76000,100800,24800
3231,1642,2025-01-11,2025-01,74,South,Business,Store,Storage box,Office Supplies,2,0,0,5200,0,2400,5200,2800
3232,1642,2025-01-11,2025-01,74,South,Business,Store,Chair,Furniture,2,0,0,34000,0,22000,34000,12000
3233,1643,2025-04-03,2025-04,74,South,Business,Store,Notebook pack,Office Supplies,4,10,0,7200,720,2800,6480,3680
3234,1643,2025-04-03,2025-04,74,South,Business,Store,Desk,Furniture,2,10,0,56000,5600,38000,50400,12400
3235,1643,2025-04-03,2025-04,74,South,Business,Store,Keyboard,Technology,2,10,0,13000,1300,6400,11700,5300
3236,1644,2024-07-15,2024-07,143,South,Business,Store,Chair,Furniture,3,0,0,51000,0,33000,51000,18000
3237,1644,2024-07-15,2024-07,143,South,Business,Store,Desk,Furniture,1,0,0,28000,0,19000,28000,9000
3238,1644,2024-07-15,2024-07,143,South,Business,Store,Keyboard,Technology,4,0,0,26000,0,12800,26000,13200
3239,1645,2024-09-18,2024-09,85,West,Business,Online,Keyboard,Technology,5,0,0,32500,0,16000,32500,16500
3240,1646,2025-07-12,2025-07,129,South,Consumer,Online,Notebook pack,Office Supplies,3,0,0,5400,0,2100,5400,3300
3241,1646,2025-07-12,2025-07,129,South,Consumer,Online,Chair,Furniture,1,0,0,17000,0,11000,17000,6000
3242,1647,2025-12-17,2025-12,163,Central,Business,Online,Desk,Furniture,4,10,0,112000,11200,76000,100800,24800
3243,1647,2025-12-17,2025-12,163,Central,Business,Online,Keyboard,Technology,1,10,0,6500,650,3200,5850,2650
3244,1647,2025-12-17,2025-12,163,Central,Business,Online,Notebook pack,Office Supplies,2,5,0,3600,180,1400,3420,2020
3245,1648,2025-11-17,2025-11,93,South,Business,Store,Keyboard,Technology,5,0,0,32500,0,16000,32500,16500
3246,1648,2025-11-17,2025-11,93,South,Business,Store,Desk,Furniture,3,0,0,84000,0,57000,84000,27000
3247,1649,2025-09-26,2025-09,56,West,Business,Store,Notebook pack,Office Supplies,3,0,0,5400,0,2100,5400,3300
3248,1649,2025-09-26,2025-09,56,West,Business,Store,Desk,Furniture,1,0,0,28000,0,19000,28000,9000
3249,1649,2025-09-26,2025-09,56,West,Business,Store,Storage box,Office Supplies,5,15,0,13000,1950,6000,11050,5050
3250,1650,2025-07-05,2025-07,189,Central,Business,Store,Notebook pack,Office Supplies,5,15,0,9000,1350,3500,7650,4150
3251,1650,2025-07-05,2025-07,189,Central,Business,Store,Storage box,Office Supplies,2,15,0,5200,780,2400,4420,2020
3252,1650,2025-07-05,2025-07,189,Central,Business,Store,Keyboard,Technology,3,10,0,19500,1950,9600,17550,7950
3253,1651,2024-05-16,2024-05,123,Central,Consumer,Online,Keyboard,Technology,3,10,0,19500,1950,9600,17550,7950
3254,1651,2024-05-16,2024-05,123,Central,Consumer,Online,Chair,Furniture,1,25,0,17000,4250,11000,12750,1750
3255,1652,2024-06-28,2024-06,69,West,Business,Online,Notebook pack,Office Supplies,2,15,0,3600,540,1400,3060,1660
3256,1653,2025-06-17,2025-06,61,West,Consumer,Online,Desk,Furniture,5,35,1,140000,49000,0,0,0
3257,1653,2025-06-17,2025-06,61,West,Consumer,Online,Chair,Furniture,2,5,0,34000,1700,22000,32300,10300
3258,1653,2025-06-17,2025-06,61,West,Consumer,Online,Storage box,Office Supplies,5,15,0,13000,1950,6000,11050,5050
3259,1654,2025-12-29,2025-12,148,Central,Consumer,Online,Chair,Furniture,1,0,0,17000,0,11000,17000,6000
3260,1655,2024-01-16,2024-01,48,East,Consumer,Online,Desk,Furniture,1,0,0,28000,0,19000,28000,9000
3261,1656,2025-01-30,2025-01,119,West,Business,Store,Desk,Furniture,1,35,0,28000,9800,19000,18200,-800
3262,1656,2025-01-30,2025-01,119,West,Business,Store,Storage box,Office Supplies,1,0,0,2600,0,1200,2600,1400
3263,1657,2024-10-29,2024-10,49,West,Business,Store,Desk,Furniture,1,5,0,28000,1400,19000,26600,7600
3264,1657,2024-10-29,2024-10,49,West,Business,Store,Monitor,Technology,3,5,0,72000,3600,48000,68400,20400
3265,1658,2025-10-18,2025-10,22,West,Consumer,Online,Monitor,Technology,5,0,0,120000,0,80000,120000,40000
3266,1658,2025-10-18,2025-10,22,West,Consumer,Online,Keyboard,Technology,3,10,0,19500,1950,9600,17550,7950
3267,1659,2025-08-25,2025-08,81,East,Consumer,Online,Desk,Furniture,2,0,0,56000,0,38000,56000,18000
3268,1660,2025-02-17,2025-02,47,East,Consumer,Online,Monitor,Technology,5,10,0,120000,12000,80000,108000,28000
3269,1660,2025-02-17,2025-02,47,East,Consumer,Online,Storage box,Office Supplies,1,5,1,2600,130,0,0,0
3270,1661,2025-12-06,2025-12,12,South,Business,Store,Storage box,Office Supplies,4,5,0,10400,520,4800,9880,5080
3271,1661,2025-12-06,2025-12,12,South,Business,Store,Keyboard,Technology,1,10,0,6500,650,3200,5850,2650
3272,1662,2024-11-02,2024-11,23,East,Consumer,Online,Chair,Furniture,4,15,0,68000,10200,44000,57800,13800
3273,1662,2024-11-02,2024-11,23,East,Consumer,Online,Monitor,Technology,5,15,0,120000,18000,80000,102000,22000
3274,1662,2024-11-02,2024-11,23,East,Consumer,Online,Desk,Furniture,5,35,1,140000,49000,0,0,0
3275,1663,2025-09-21,2025-09,4,East,Consumer,Store,Chair,Furniture,5,5,0,85000,4250,55000,80750,25750
3276,1663,2025-09-21,2025-09,4,East,Consumer,Store,Keyboard,Technology,2,10,0,13000,1300,6400,11700,5300
3277,1663,2025-09-21,2025-09,4,East,Consumer,Store,Notebook pack,Office Supplies,5,15,0,9000,1350,3500,7650,4150
3278,1664,2024-06-12,2024-06,100,South,Consumer,Store,Notebook pack,Office Supplies,2,15,0,3600,540,1400,3060,1660
3279,1665,2025-07-22,2025-07,134,Central,Consumer,Online,Notebook pack,Office Supplies,5,0,0,9000,0,3500,9000,5500
3280,1665,2025-07-22,2025-07,134,Central,Consumer,Online,Keyboard,Technology,3,15,0,19500,2925,9600,16575,6975
3281,1666,2025-01-06,2025-01,117,East,Consumer,Online,Keyboard,Technology,5,0,0,32500,0,16000,32500,16500
3282,1666,2025-01-06,2025-01,117,East,Consumer,Online,Storage box,Office Supplies,1,0,0,2600,0,1200,2600,1400
3283,1666,2025-01-06,2025-01,117,East,Consumer,Online,Desk,Furniture,3,35,0,84000,29400,57000,54600,-2400
3284,1667,2025-10-08,2025-10,134,Central,Consumer,Online,Desk,Furniture,1,0,0,28000,0,19000,28000,9000
3285,1667,2025-10-08,2025-10,134,Central,Consumer,Online,Monitor,Technology,5,5,0,120000,6000,80000,114000,34000
3286,1668,2024-03-15,2024-03,119,West,Business,Store,Notebook pack,Office Supplies,1,10,0,1800,180,700,1620,920
3287,1668,2024-03-15,2024-03,119,West,Business,Store,Monitor,Technology,3,0,0,72000,0,48000,72000,24000
3288,1669,2024-05-21,2024-05,125,Central,Business,Store,Notebook pack,Office Supplies,1,0,0,1800,0,700,1800,1100
3289,1669,2024-05-21,2024-05,125,Central,Business,Store,Chair,Furniture,5,0,0,85000,0,55000,85000,30000
3290,1670,2025-09-15,2025-09,183,Central,Consumer,Store,Keyboard,Technology,3,0,0,19500,0,9600,19500,9900
3291,1671,2025-09-09,2025-09,123,Central,Consumer,Store,Notebook pack,Office Supplies,1,5,0,1800,90,700,1710,1010
3292,1671,2025-09-09,2025-09,123,Central,Consumer,Store,Desk,Furniture,3,10,0,84000,8400,57000,75600,18600
3293,1671,2025-09-09,2025-09,123,Central,Consumer,Store,Keyboard,Technology,1,15,0,6500,975,3200,5525,2325
3294,1672,2024-10-27,2024-10,96,South,Consumer,Store,Monitor,Technology,4,15,0,96000,14400,64000,81600,17600
3295,1673,2025-08-14,2025-08,37,South,Business,Online,Keyboard,Technology,5,0,0,32500,0,16000,32500,16500
3296,1673,2025-08-14,2025-08,37,South,Business,Online,Desk,Furniture,1,0,0,28000,0,19000,28000,9000
3297,1674,2024-08-12,2024-08,181,South,Consumer,Store,Monitor,Technology,4,0,0,96000,0,64000,96000,32000
3298,1674,2024-08-12,2024-08,181,South,Consumer,Store,Desk,Furniture,2,10,0,56000,5600,38000,50400,12400
3299,1675,2025-04-26,2025-04,46,West,Business,Online,Notebook pack,Office Supplies,1,0,0,1800,0,700,1800,1100
3300,1675,2025-04-26,2025-04,46,West,Business,Online,Monitor,Technology,5,15,0,120000,18000,80000,102000,22000
3301,1675,2025-04-26,2025-04,46,West,Business,Online,Storage box,Office Supplies,3,10,0,7800,780,3600,7020,3420
3302,1676,2024-05-19,2024-05,108,South,Business,Online,Notebook pack,Office Supplies,1,10,0,1800,180,700,1620,920
3303,1676,2024-05-19,2024-05,108,South,Business,Online,Monitor,Technology,3,15,0,72000,10800,48000,61200,13200
3304,1677,2024-03-01,2024-03,24,Central,Consumer,Online,Monitor,Technology,4,0,0,96000,0,64000,96000,32000
3305,1677,2024-03-01,2024-03,24,Central,Consumer,Online,Desk,Furniture,1,15,0,28000,4200,19000,23800,4800
3306,1677,2024-03-01,2024-03,24,Central,Consumer,Online,Chair,Furniture,1,0,0,17000,0,11000,17000,6000
3307,1678,2024-08-20,2024-08,113,East,Consumer,Online,Chair,Furniture,1,35,0,17000,5950,11000,11050,50
3308,1678,2024-08-20,2024-08,113,East,Consumer,Online,Storage box,Office Supplies,4,15,0,10400,1560,4800,8840,4040
3309,1678,2024-08-20,2024-08,113,East,Consumer,Online,Desk,Furniture,1,0,0,28000,0,19000,28000,9000
3310,1679,2024-09-19,2024-09,180,Central,Business,Online,Notebook pack,Office Supplies,3,0,0,5400,0,2100,5400,3300
3311,1679,2024-09-19,2024-09,180,Central,Business,Online,Monitor,Technology,2,15,0,48000,7200,32000,40800,8800
3312,1679,2024-09-19,2024-09,180,Central,Business,Online,Storage box,Office Supplies,4,15,0,10400,1560,4800,8840,4040
3313,1680,2024-08-06,2024-08,106,East,Consumer,Store,Notebook pack,Office Supplies,3,5,0,5400,270,2100,5130,3030
3314,1681,2024-04-28,2024-04,106,East,Consumer,Online,Storage box,Office Supplies,4,0,0,10400,0,4800,10400,5600
3315,1681,2024-04-28,2024-04,106,East,Consumer,Online,Notebook pack,Office Supplies,5,0,0,9000,0,3500,9000,5500
3316,1681,2024-04-28,2024-04,106,East,Consumer,Online,Chair,Furniture,1,0,0,17000,0,11000,17000,6000
3317,1682,2024-02-16,2024-02,40,South,Business,Store,Storage box,Office Supplies,2,0,0,5200,0,2400,5200,2800
3318,1682,2024-02-16,2024-02,40,South,Business,Store,Notebook pack,Office Supplies,3,0,0,5400,0,2100,5400,3300
3319,1682,2024-02-16,2024-02,40,South,Business,Store,Keyboard,Technology,3,10,0,19500,1950,9600,17550,7950
3320,1683,2024-09-04,2024-09,87,South,Consumer,Online,Notebook pack,Office Supplies,4,5,0,7200,360,2800,6840,4040
3321,1683,2024-09-04,2024-09,87,South,Consumer,Online,Desk,Furniture,4,0,0,112000,0,76000,112000,36000
3322,1684,2025-04-03,2025-04,50,East,Business,Online,Monitor,Technology,5,5,0,120000,6000,80000,114000,34000
3323,1684,2025-04-03,2025-04,50,East,Business,Online,Storage box,Office Supplies,3,0,0,7800,0,3600,7800,4200
3324,1684,2025-04-03,2025-04,50,East,Business,Online,Chair,Furniture,3,25,0,51000,12750,33000,38250,5250
3325,1685,2025-07-07,2025-07,13,Central,Consumer,Store,Desk,Furniture,4,10,0,112000,11200,76000,100800,24800
3326,1685,2025-07-07,2025-07,13,Central,Consumer,Store,Keyboard,Technology,4,5,0,26000,1300,12800,24700,11900
3327,1686,2024-12-09,2024-12,91,South,Consumer,Online,Keyboard,Technology,2,15,0,13000,1950,6400,11050,4650
3328,1686,2024-12-09,2024-12,91,South,Consumer,Online,Chair,Furniture,1,0,0,17000,0,11000,17000,6000
3329,1687,2024-12-07,2024-12,197,South,Business,Store,Desk,Furniture,4,10,0,112000,11200,76000,100800,24800
3330,1688,2025-11-13,2025-11,154,West,Consumer,Online,Desk,Furniture,1,0,0,28000,0,19000,28000,9000
3331,1689,2025-06-03,2025-06,100,South,Consumer,Online,Storage box,Office Supplies,3,5,0,7800,390,3600,7410,3810
3332,1689,2025-06-03,2025-06,100,South,Consumer,Online,Desk,Furniture,4,25,1,112000,28000,0,0,0
3333,1689,2025-06-03,2025-06,100,South,Consumer,Online,Chair,Furniture,2,0,0,34000,0,22000,34000,12000
3334,1690,2025-02-19,2025-02,184,South,Consumer,Store,Monitor,Technology,3,0,0,72000,0,48000,72000,24000
3335,1691,2024-01-01,2024-01,22,West,Consumer,Online,Keyboard,Technology,3,15,0,19500,2925,9600,16575,6975
3336,1692,2024-03-01,2024-03,3,West,Consumer,Online,Storage box,Office Supplies,1,5,0,2600,130,1200,2470,1270
3337,1692,2024-03-01,2024-03,3,West,Consumer,Online,Desk,Furniture,2,0,0,56000,0,38000,56000,18000
3338,1693,2024-12-21,2024-12,168,West,Business,Store,Storage box,Office Supplies,3,0,0,7800,0,3600,7800,4200
3339,1693,2024-12-21,2024-12,168,West,Business,Store,Notebook pack,Office Supplies,1,10,0,1800,180,700,1620,920
3340,1694,2025-03-29,2025-03,181,South,Consumer,Online,Keyboard,Technology,5,15,1,32500,4875,0,0,0
3341,1695,2024-12-28,2024-12,182,South,Consumer,Store,Desk,Furniture,1,0,0,28000,0,19000,28000,9000
3342,1695,2024-12-28,2024-12,182,South,Consumer,Store,Chair,Furniture,3,5,0,51000,2550,33000,48450,15450
3343,1695,2024-12-28,2024-12,182,South,Consumer,Store,Storage box,Office Supplies,1,0,0,2600,0,1200,2600,1400
3344,1696,2025-08-15,2025-08,31,West,Consumer,Online,Monitor,Technology,1,0,0,24000,0,16000,24000,8000
3345,1696,2025-08-15,2025-08,31,West,Consumer,Online,Chair,Furniture,5,10,0,85000,8500,55000,76500,21500
3346,1697,2025-07-09,2025-07,77,Central,Consumer,Online,Storage box,Office Supplies,3,15,0,7800,1170,3600,6630,3030
3347,1698,2024-06-27,2024-06,140,Central,Business,Store,Chair,Furniture,5,15,0,85000,12750,55000,72250,17250
3348,1698,2024-06-27,2024-06,140,Central,Business,Store,Monitor,Technology,3,10,0,72000,7200,48000,64800,16800
3349,1699,2024-03-01,2024-03,105,West,Business,Store,Notebook pack,Office Supplies,4,15,0,7200,1080,2800,6120,3320
3350,1699,2024-03-01,2024-03,105,West,Business,Store,Desk,Furniture,5,0,0,140000,0,95000,140000,45000
3351,1699,2024-03-01,2024-03,105,West,Business,Store,Storage box,Office Supplies,4,10,0,10400,1040,4800,9360,4560
3352,1700,2024-02-15,2024-02,200,South,Consumer,Online,Notebook pack,Office Supplies,2,0,0,3600,0,1400,3600,2200
3353,1700,2024-02-15,2024-02,200,South,Consumer,Online,Monitor,Technology,5,5,0,120000,6000,80000,114000,34000
3354,1701,2025-12-16,2025-12,96,South,Consumer,Online,Desk,Furniture,4,35,0,112000,39200,76000,72800,-3200
3355,1702,2024-06-09,2024-06,86,West,Business,Store,Chair,Furniture,2,15,0,34000,5100,22000,28900,6900
3356,1703,2024-03-15,2024-03,127,South,Business,Online,Monitor,Technology,2,10,0,48000,4800,32000,43200,11200
3357,1703,2024-03-15,2024-03,127,South,Business,Online,Storage box,Office Supplies,1,10,0,2600,260,1200,2340,1140
3358,1704,2024-07-07,2024-07,150,East,Consumer,Online,Chair,Furniture,2,5,0,34000,1700,22000,32300,10300
3359,1704,2024-07-07,2024-07,150,East,Consumer,Online,Notebook pack,Office Supplies,1,0,1,1800,0,0,0,0
3360,1704,2024-07-07,2024-07,150,East,Consumer,Online,Storage box,Office Supplies,1,15,1,2600,390,0,0,0
3361,1705,2025-03-07,2025-03,174,Central,Business,Online,Chair,Furniture,5,25,0,85000,21250,55000,63750,8750
3362,1705,2025-03-07,2025-03,174,Central,Business,Online,Desk,Furniture,2,0,0,56000,0,38000,56000,18000
3363,1706,2024-04-29,2024-04,23,East,Consumer,Store,Keyboard,Technology,2,15,0,13000,1950,6400,11050,4650
3364,1706,2024-04-29,2024-04,23,East,Consumer,Store,Chair,Furniture,3,15,0,51000,7650,33000,43350,10350
3365,1707,2025-04-12,2025-04,86,West,Business,Store,Notebook pack,Office Supplies,1,0,0,1800,0,700,1800,1100
3366,1707,2025-04-12,2025-04,86,West,Business,Store,Chair,Furniture,5,25,0,85000,21250,55000,63750,8750
3367,1708,2025-02-08,2025-02,12,South,Business,Online,Keyboard,Technology,2,0,0,13000,0,6400,13000,6600
3368,1709,2024-05-24,2024-05,118,East,Consumer,Store,Notebook pack,Office Supplies,1,5,0,1800,90,700,1710,1010
3369,1709,2024-05-24,2024-05,118,East,Consumer,Store,Chair,Furniture,4,0,0,68000,0,44000,68000,24000
3370,1710,2024-05-09,2024-05,1,East,Consumer,Store,Desk,Furniture,3,0,0,84000,0,57000,84000,27000
3371,1711,2025-07-17,2025-07,2,Central,Consumer,Online,Keyboard,Technology,2,0,0,13000,0,6400,13000,6600
3372,1712,2025-09-14,2025-09,186,South,Consumer,Online,Monitor,Technology,5,0,0,120000,0,80000,120000,40000
3373,1713,2025-05-15,2025-05,186,South,Consumer,Online,Monitor,Technology,4,0,0,96000,0,64000,96000,32000
3374,1713,2025-05-15,2025-05,186,South,Consumer,Online,Notebook pack,Office Supplies,5,10,0,9000,900,3500,8100,4600
3375,1713,2025-05-15,2025-05,186,South,Consumer,Online,Desk,Furniture,3,15,0,84000,12600,57000,71400,14400
3376,1714,2024-03-24,2024-03,187,Central,Business,Store,Storage box,Office Supplies,2,0,0,5200,0,2400,5200,2800
3377,1714,2024-03-24,2024-03,187,Central,Business,Store,Keyboard,Technology,5,0,0,32500,0,16000,32500,16500
3378,1714,2024-03-24,2024-03,187,Central,Business,Store,Notebook pack,Office Supplies,3,0,0,5400,0,2100,5400,3300
3379,1715,2025-12-17,2025-12,155,Central,Business,Online,Notebook pack,Office Supplies,4,15,0,7200,1080,2800,6120,3320
3380,1716,2025-06-04,2025-06,149,South,Business,Store,Notebook pack,Office Supplies,3,5,0,5400,270,2100,5130,3030
3381,1717,2024-11-14,2024-11,14,West,Business,Online,Chair,Furniture,2,0,1,34000,0,0,0,0
3382,1717,2024-11-14,2024-11,14,West,Business,Online,Storage box,Office Supplies,5,0,0,13000,0,6000,13000,7000
3383,1717,2024-11-14,2024-11,14,West,Business,Online,Keyboard,Technology,5,0,0,32500,0,16000,32500,16500
3384,1718,2024-08-22,2024-08,35,East,Consumer,Online,Monitor,Technology,1,5,0,24000,1200,16000,22800,6800
3385,1719,2024-10-12,2024-10,168,West,Business,Online,Chair,Furniture,1,25,0,17000,4250,11000,12750,1750
3386,1719,2024-10-12,2024-10,168,West,Business,Online,Notebook pack,Office Supplies,3,15,0,5400,810,2100,4590,2490
3387,1719,2024-10-12,2024-10,168,West,Business,Online,Desk,Furniture,2,0,0,56000,0,38000,56000,18000
3388,1720,2025-10-04,2025-10,189,Central,Business,Online,Desk,Furniture,2,0,0,56000,0,38000,56000,18000
3389,1721,2025-12-13,2025-12,39,Central,Consumer,Online,Chair,Furniture,4,35,0,68000,23800,44000,44200,200
3390,1722,2024-05-10,2024-05,179,East,Business,Online,Monitor,Technology,2,0,0,48000,0,32000,48000,16000
3391,1723,2024-05-13,2024-05,129,South,Consumer,Online,Monitor,Technology,4,5,0,96000,4800,64000,91200,27200
3392,1723,2024-05-13,2024-05,129,South,Consumer,Online,Desk,Furniture,1,0,0,28000,0,19000,28000,9000
3393,1724,2025-09-01,2025-09,60,West,Business,Store,Keyboard,Technology,4,15,0,26000,3900,12800,22100,9300
3394,1724,2025-09-01,2025-09,60,West,Business,Store,Monitor,Technology,5,0,0,120000,0,80000,120000,40000
3395,1725,2024-03-13,2024-03,176,East,Consumer,Online,Chair,Furniture,4,0,0,68000,0,44000,68000,24000
3396,1725,2024-03-13,2024-03,176,East,Consumer,Online,Notebook pack,Office Supplies,4,15,1,7200,1080,0,0,0
3397,1725,2024-03-13,2024-03,176,East,Consumer,Online,Desk,Furniture,2,5,0,56000,2800,38000,53200,15200
3398,1726,2024-01-30,2024-01,68,East,Consumer,Online,Notebook pack,Office Supplies,5,10,0,9000,900,3500,8100,4600
3399,1726,2024-01-30,2024-01,68,East,Consumer,Online,Monitor,Technology,2,15,0,48000,7200,32000,40800,8800
3400,1726,2024-01-30,2024-01,68,East,Consumer,Online,Desk,Furniture,2,0,0,56000,0,38000,56000,18000
3401,1727,2024-01-15,2024-01,129,South,Consumer,Online,Keyboard,Technology,3,10,0,19500,1950,9600,17550,7950
3402,1727,2024-01-15,2024-01,129,South,Consumer,Online,Notebook pack,Office Supplies,4,10,0,7200,720,2800,6480,3680
3403,1728,2024-02-11,2024-02,99,West,Consumer,Online,Keyboard,Technology,5,15,0,32500,4875,16000,27625,11625
3404,1728,2024-02-11,2024-02,99,West,Consumer,Online,Chair,Furniture,3,15,0,51000,7650,33000,43350,10350
3405,1728,2024-02-11,2024-02,99,West,Consumer,Online,Desk,Furniture,5,10,0,140000,14000,95000,126000,31000
3406,1729,2024-09-17,2024-09,77,Central,Consumer,Online,Keyboard,Technology,2,5,0,13000,650,6400,12350,5950
3407,1729,2024-09-17,2024-09,77,Central,Consumer,Online,Storage box,Office Supplies,2,0,0,5200,0,2400,5200,2800
3408,1730,2024-12-18,2024-12,3,West,Consumer,Store,Notebook pack,Office Supplies,4,0,0,7200,0,2800,7200,4400
3409,1730,2024-12-18,2024-12,3,West,Consumer,Store,Keyboard,Technology,2,10,0,13000,1300,6400,11700,5300
3410,1730,2024-12-18,2024-12,3,West,Consumer,Store,Chair,Furniture,1,0,0,17000,0,11000,17000,6000
3411,1731,2024-05-30,2024-05,66,West,Consumer,Online,Storage box,Office Supplies,3,15,0,7800,1170,3600,6630,3030
3412,1731,2024-05-30,2024-05,66,West,Consumer,Online,Chair,Furniture,3,0,0,51000,0,33000,51000,18000
3413,1732,2025-06-11,2025-06,132,Central,Consumer,Online,Storage box,Office Supplies,5,10,0,13000,1300,6000,11700,5700
3414,1732,2025-06-11,2025-06,132,Central,Consumer,Online,Keyboard,Technology,2,5,0,13000,650,6400,12350,5950
3415,1732,2025-06-11,2025-06,132,Central,Consumer,Online,Desk,Furniture,1,25,0,28000,7000,19000,21000,2000
3416,1733,2024-07-24,2024-07,144,East,Consumer,Store,Chair,Furniture,3,35,0,51000,17850,33000,33150,150
3417,1734,2024-07-10,2024-07,94,East,Consumer,Online,Notebook pack,Office Supplies,2,0,0,3600,0,1400,3600,2200
3418,1734,2024-07-10,2024-07,94,East,Consumer,Online,Chair,Furniture,2,0,0,34000,0,22000,34000,12000
3419,1735,2024-09-03,2024-09,20,South,Consumer,Online,Monitor,Technology,4,0,0,96000,0,64000,96000,32000
3420,1735,2024-09-03,2024-09,20,South,Consumer,Online,Notebook pack,Office Supplies,3,5,0,5400,270,2100,5130,3030
3421,1735,2024-09-03,2024-09,20,South,Consumer,Online,Keyboard,Technology,4,15,0,26000,3900,12800,22100,9300
3422,1736,2025-05-26,2025-05,85,West,Business,Store,Notebook pack,Office Supplies,3,0,0,5400,0,2100,5400,3300
3423,1736,2025-05-26,2025-05,85,West,Business,Store,Monitor,Technology,2,10,0,48000,4800,32000,43200,11200
3424,1737,2025-04-28,2025-04,70,West,Business,Store,Storage box,Office Supplies,5,10,0,13000,1300,6000,11700,5700
3425,1737,2025-04-28,2025-04,70,West,Business,Store,Notebook pack,Office Supplies,1,10,0,1800,180,700,1620,920
3426,1738,2024-10-14,2024-10,33,South,Business,Online,Monitor,Technology,3,5,1,72000,3600,0,0,0
3427,1739,2025-12-15,2025-12,3,West,Consumer,Store,Monitor,Technology,3,0,0,72000,0,48000,72000,24000
3428,1739,2025-12-15,2025-12,3,West,Consumer,Store,Notebook pack,Office Supplies,5,0,0,9000,0,3500,9000,5500
3429,1739,2025-12-15,2025-12,3,West,Consumer,Store,Desk,Furniture,3,25,0,84000,21000,57000,63000,6000
3430,1740,2025-04-02,2025-04,47,East,Consumer,Online,Desk,Furniture,4,10,0,112000,11200,76000,100800,24800
3431,1741,2025-01-11,2025-01,199,South,Consumer,Online,Chair,Furniture,1,10,1,17000,1700,0,0,0
3432,1741,2025-01-11,2025-01,199,South,Consumer,Online,Keyboard,Technology,3,15,0,19500,2925,9600,16575,6975
3433,1742,2024-09-10,2024-09,41,South,Consumer,Store,Monitor,Technology,3,5,0,72000,3600,48000,68400,20400
3434,1743,2024-02-27,2024-02,116,West,Consumer,Store,Storage box,Office Supplies,4,0,0,10400,0,4800,10400,5600
3435,1744,2025-11-28,2025-11,5,South,Consumer,Online,Storage box,Office Supplies,5,5,0,13000,650,6000,12350,6350
3436,1744,2025-11-28,2025-11,5,South,Consumer,Online,Desk,Furniture,2,0,0,56000,0,38000,56000,18000
3437,1744,2025-11-28,2025-11,5,South,Consumer,Online,Keyboard,Technology,5,10,0,32500,3250,16000,29250,13250
3438,1745,2025-07-24,2025-07,72,West,Business,Store,Chair,Furniture,3,10,0,51000,5100,33000,45900,12900
3439,1746,2024-06-29,2024-06,111,West,Consumer,Store,Monitor,Technology,1,0,0,24000,0,16000,24000,8000
3440,1746,2024-06-29,2024-06,111,West,Consumer,Store,Keyboard,Technology,2,0,0,13000,0,6400,13000,6600
3441,1747,2025-02-24,2025-02,88,East,Consumer,Online,Keyboard,Technology,4,10,0,26000,2600,12800,23400,10600
3442,1748,2025-03-16,2025-03,103,West,Business,Store,Chair,Furniture,4,0,0,68000,0,44000,68000,24000
3443,1748,2025-03-16,2025-03,103,West,Business,Store,Storage box,Office Supplies,1,0,0,2600,0,1200,2600,1400
3444,1749,2025-10-06,2025-10,180,Central,Business,Store,Keyboard,Technology,5,0,1,32500,0,0,0,0
3445,1750,2025-01-11,2025-01,84,South,Consumer,Online,Desk,Furniture,2,35,0,56000,19600,38000,36400,-1600
3446,1751,2024-07-01,2024-07,187,Central,Business,Online,Monitor,Technology,2,5,0,48000,2400,32000,45600,13600
3447,1752,2024-07-18,2024-07,31,West,Consumer,Store,Notebook pack,Office Supplies,3,0,0,5400,0,2100,5400,3300
3448,1753,2025-12-09,2025-12,32,West,Business,Online,Notebook pack,Office Supplies,4,0,0,7200,0,2800,7200,4400
3449,1753,2025-12-09,2025-12,32,West,Business,Online,Desk,Furniture,2,0,0,56000,0,38000,56000,18000
3450,1754,2025-09-29,2025-09,89,South,Business,Store,Chair,Furniture,2,0,0,34000,0,22000,34000,12000
3451,1754,2025-09-29,2025-09,89,South,Business,Store,Notebook pack,Office Supplies,2,15,0,3600,540,1400,3060,1660
3452,1754,2025-09-29,2025-09,89,South,Business,Store,Keyboard,Technology,4,0,0,26000,0,12800,26000,13200
3453,1755,2025-01-17,2025-01,158,East,Business,Store,Storage box,Office Supplies,2,0,0,5200,0,2400,5200,2800
3454,1755,2025-01-17,2025-01,158,East,Business,Store,Chair,Furniture,4,5,0,68000,3400,44000,64600,20600
3455,1755,2025-01-17,2025-01,158,East,Business,Store,Notebook pack,Office Supplies,2,15,0,3600,540,1400,3060,1660
3456,1756,2024-06-27,2024-06,1,East,Consumer,Store,Keyboard,Technology,3,0,0,19500,0,9600,19500,9900
3457,1756,2024-06-27,2024-06,1,East,Consumer,Store,Chair,Furniture,4,25,0,68000,17000,44000,51000,7000
3458,1757,2024-12-24,2024-12,9,South,Consumer,Store,Desk,Furniture,5,35,1,140000,49000,0,0,0
3459,1757,2024-12-24,2024-12,9,South,Consumer,Store,Storage box,Office Supplies,2,10,0,5200,520,2400,4680,2280
3460,1758,2024-05-03,2024-05,196,Central,Consumer,Online,Keyboard,Technology,1,0,1,6500,0,0,0,0
3461,1759,2024-05-07,2024-05,40,South,Business,Store,Monitor,Technology,5,0,0,120000,0,80000,120000,40000
3462,1760,2025-07-25,2025-07,174,Central,Business,Online,Desk,Furniture,3,10,0,84000,8400,57000,75600,18600
3463,1760,2025-07-25,2025-07,174,Central,Business,Online,Keyboard,Technology,4,0,0,26000,0,12800,26000,13200
3464,1760,2025-07-25,2025-07,174,Central,Business,Online,Notebook pack,Office Supplies,3,0,0,5400,0,2100,5400,3300
3465,1761,2024-08-09,2024-08,177,Central,Consumer,Online,Chair,Furniture,5,0,0,85000,0,55000,85000,30000
3466,1762,2025-09-14,2025-09,75,East,Consumer,Store,Monitor,Technology,5,15,0,120000,18000,80000,102000,22000
3467,1763,2025-11-11,2025-11,176,East,Consumer,Online,Storage box,Office Supplies,3,10,1,7800,780,0,0,0
3468,1764,2024-07-06,2024-07,159,South,Consumer,Store,Monitor,Technology,1,10,0,24000,2400,16000,21600,5600
3469,1765,2025-10-12,2025-10,185,West,Business,Store,Desk,Furniture,1,0,0,28000,0,19000,28000,9000
3470,1766,2025-12-01,2025-12,126,West,Business,Store,Chair,Furniture,1,35,0,17000,5950,11000,11050,50
3471,1767,2024-08-22,2024-08,144,East,Consumer,Store,Storage box,Office Supplies,5,5,0,13000,650,6000,12350,6350
3472,1768,2025-11-06,2025-11,19,South,Consumer,Online,Chair,Furniture,1,10,0,17000,1700,11000,15300,4300
3473,1768,2025-11-06,2025-11,19,South,Consumer,Online,Keyboard,Technology,2,15,0,13000,1950,6400,11050,4650
3474,1769,2025-04-29,2025-04,169,Central,Business,Store,Desk,Furniture,3,35,1,84000,29400,0,0,0
3475,1769,2025-04-29,2025-04,169,Central,Business,Store,Monitor,Technology,3,5,0,72000,3600,48000,68400,20400
3476,1770,2024-06-27,2024-06,161,West,Business,Online,Desk,Furniture,3,0,0,84000,0,57000,84000,27000
3477,1770,2024-06-27,2024-06,161,West,Business,Online,Keyboard,Technology,3,5,0,19500,975,9600,18525,8925
3478,1771,2024-01-18,2024-01,146,East,Consumer,Online,Storage box,Office Supplies,5,5,0,13000,650,6000,12350,6350
3479,1771,2024-01-18,2024-01,146,East,Consumer,Online,Keyboard,Technology,4,5,0,26000,1300,12800,24700,11900
3480,1771,2024-01-18,2024-01,146,East,Consumer,Online,Chair,Furniture,1,35,0,17000,5950,11000,11050,50
3481,1772,2024-05-20,2024-05,5,South,Consumer,Store,Keyboard,Technology,2,0,0,13000,0,6400,13000,6600
3482,1773,2025-10-29,2025-10,128,East,Consumer,Online,Storage box,Office Supplies,1,0,0,2600,0,1200,2600,1400
3483,1774,2024-07-25,2024-07,147,Central,Consumer,Online,Keyboard,Technology,4,15,0,26000,3900,12800,22100,9300
3484,1774,2024-07-25,2024-07,147,Central,Consumer,Online,Notebook pack,Office Supplies,4,10,1,7200,720,0,0,0
3485,1774,2024-07-25,2024-07,147,Central,Consumer,Online,Storage box,Office Supplies,5,10,0,13000,1300,6000,11700,5700
3486,1775,2024-06-17,2024-06,110,South,Business,Store,Chair,Furniture,5,0,0,85000,0,55000,85000,30000
3487,1775,2024-06-17,2024-06,110,South,Business,Store,Desk,Furniture,4,0,0,112000,0,76000,112000,36000
3488,1776,2024-12-13,2024-12,179,East,Business,Store,Notebook pack,Office Supplies,2,0,0,3600,0,1400,3600,2200
3489,1776,2024-12-13,2024-12,179,East,Business,Store,Keyboard,Technology,5,5,0,32500,1625,16000,30875,14875
3490,1776,2024-12-13,2024-12,179,East,Business,Store,Monitor,Technology,5,0,0,120000,0,80000,120000,40000
3491,1777,2025-01-26,2025-01,85,West,Business,Store,Desk,Furniture,5,15,0,140000,21000,95000,119000,24000
3492,1778,2024-05-07,2024-05,38,East,Consumer,Online,Desk,Furniture,5,0,0,140000,0,95000,140000,45000
3493,1779,2024-01-25,2024-01,199,South,Consumer,Store,Keyboard,Technology,3,15,0,19500,2925,9600,16575,6975
3494,1779,2024-01-25,2024-01,199,South,Consumer,Store,Monitor,Technology,3,10,1,72000,7200,0,0,0
3495,1780,2024-02-21,2024-02,1,East,Consumer,Online,Notebook pack,Office Supplies,4,5,0,7200,360,2800,6840,4040
3496,1780,2024-02-21,2024-02,1,East,Consumer,Online,Keyboard,Technology,4,10,0,26000,2600,12800,23400,10600
3497,1781,2025-08-09,2025-08,115,East,Business,Store,Desk,Furniture,2,25,0,56000,14000,38000,42000,4000
3498,1781,2025-08-09,2025-08,115,East,Business,Store,Keyboard,Technology,4,0,0,26000,0,12800,26000,13200
3499,1782,2024-12-04,2024-12,9,South,Consumer,Online,Chair,Furniture,3,5,0,51000,2550,33000,48450,15450
3500,1782,2024-12-04,2024-12,9,South,Consumer,Online,Monitor,Technology,1,15,0,24000,3600,16000,20400,4400
3501,1783,2024-10-05,2024-10,145,South,Business,Store,Chair,Furniture,1,0,0,17000,0,11000,17000,6000
3502,1783,2024-10-05,2024-10,145,South,Business,Store,Keyboard,Technology,5,5,0,32500,1625,16000,30875,14875
3503,1783,2024-10-05,2024-10,145,South,Business,Store,Notebook pack,Office Supplies,4,0,0,7200,0,2800,7200,4400
3504,1784,2024-02-20,2024-02,178,Central,Consumer,Store,Keyboard,Technology,3,5,0,19500,975,9600,18525,8925
3505,1784,2024-02-20,2024-02,178,Central,Consumer,Store,Desk,Furniture,5,0,0,140000,0,95000,140000,45000
3506,1784,2024-02-20,2024-02,178,Central,Consumer,Store,Chair,Furniture,2,25,0,34000,8500,22000,25500,3500
3507,1785,2024-03-21,2024-03,81,East,Consumer,Store,Notebook pack,Office Supplies,5,10,0,9000,900,3500,8100,4600
3508,1785,2024-03-21,2024-03,81,East,Consumer,Store,Storage box,Office Supplies,3,10,0,7800,780,3600,7020,3420
3509,1785,2024-03-21,2024-03,81,East,Consumer,Store,Monitor,Technology,2,5,0,48000,2400,32000,45600,13600
3510,1786,2024-09-25,2024-09,75,East,Consumer,Online,Storage box,Office Supplies,1,5,0,2600,130,1200,2470,1270
3511,1786,2024-09-25,2024-09,75,East,Consumer,Online,Monitor,Technology,4,15,0,96000,14400,64000,81600,17600
3512,1787,2025-08-26,2025-08,63,East,Consumer,Online,Monitor,Technology,3,0,0,72000,0,48000,72000,24000
3513,1787,2025-08-26,2025-08,63,East,Consumer,Online,Storage box,Office Supplies,3,10,0,7800,780,3600,7020,3420
3514,1787,2025-08-26,2025-08,63,East,Consumer,Online,Keyboard,Technology,5,15,0,32500,4875,16000,27625,11625
3515,1788,2024-08-17,2024-08,13,Central,Consumer,Store,Keyboard,Technology,2,15,0,13000,1950,6400,11050,4650
3516,1788,2024-08-17,2024-08,13,Central,Consumer,Store,Chair,Furniture,5,10,0,85000,8500,55000,76500,21500
3517,1788,2024-08-17,2024-08,13,Central,Consumer,Store,Storage box,Office Supplies,2,0,0,5200,0,2400,5200,2800
3518,1789,2025-08-07,2025-08,115,East,Business,Online,Storage box,Office Supplies,2,0,0,5200,0,2400,5200,2800
3519,1790,2024-02-14,2024-02,123,Central,Consumer,Store,Notebook pack,Office Supplies,2,5,0,3600,180,1400,3420,2020
3520,1790,2024-02-14,2024-02,123,Central,Consumer,Store,Monitor,Technology,4,5,0,96000,4800,64000,91200,27200
3521,1791,2025-08-22,2025-08,34,West,Business,Online,Chair,Furniture,1,0,0,17000,0,11000,17000,6000
3522,1792,2025-08-03,2025-08,111,West,Consumer,Store,Desk,Furniture,5,5,0,140000,7000,95000,133000,38000
3523,1792,2025-08-03,2025-08,111,West,Consumer,Store,Chair,Furniture,1,0,0,17000,0,11000,17000,6000
3524,1793,2024-12-30,2024-12,28,West,Business,Online,Chair,Furniture,4,15,0,68000,10200,44000,57800,13800
3525,1794,2024-12-30,2024-12,136,East,Business,Store,Monitor,Technology,5,5,0,120000,6000,80000,114000,34000
3526,1795,2025-04-27,2025-04,1,East,Consumer,Store,Notebook pack,Office Supplies,5,0,0,9000,0,3500,9000,5500
3527,1796,2024-09-24,2024-09,181,South,Consumer,Store,Monitor,Technology,3,10,0,72000,7200,48000,64800,16800
3528,1796,2024-09-24,2024-09,181,South,Consumer,Store,Chair,Furniture,1,0,0,17000,0,11000,17000,6000
3529,1796,2024-09-24,2024-09,181,South,Consumer,Store,Storage box,Office Supplies,5,15,0,13000,1950,6000,11050,5050
3530,1797,2024-07-28,2024-07,76,West,Consumer,Online,Keyboard,Technology,2,0,1,13000,0,0,0,0
3531,1798,2024-09-11,2024-09,50,East,Business,Store,Monitor,Technology,3,10,0,72000,7200,48000,64800,16800
3532,1798,2024-09-11,2024-09,50,East,Business,Store,Chair,Furniture,1,0,0,17000,0,11000,17000,6000
3533,1799,2025-11-10,2025-11,116,West,Consumer,Store,Storage box,Office Supplies,1,15,0,2600,390,1200,2210,1010
3534,1799,2025-11-10,2025-11,116,West,Consumer,Store,Keyboard,Technology,3,0,0,19500,0,9600,19500,9900
3535,1799,2025-11-10,2025-11,116,West,Consumer,Store,Desk,Furniture,3,25,0,84000,21000,57000,63000,6000
3536,1800,2024-02-21,2024-02,40,South,Business,Online,Storage box,Office Supplies,3,0,0,7800,0,3600,7800,4200
3537,1800,2024-02-21,2024-02,40,South,Business,Online,Keyboard,Technology,2,0,0,13000,0,6400,13000,6600
3538,1800,2024-02-21,2024-02,40,South,Business,Online,Notebook pack,Office Supplies,3,0,0,5400,0,2100,5400,3300
